split	family	scenario	root	regime	center_distance	family_code	expert	budget	attempt_wall_us	accepted	execution_failure	gate_mismatch	terminal_wall_us
training	ConditionedQuadratic	0	1.2214285714285713	0.00390625	0.49609375	0	conditioned-low-v1	0	37.790999999999997	1	0	0	154.666
training	ConditionedQuadratic	0	1.2214285714285713	0.00390625	0.49609375	0	conditioned-low-v1	2	34.459000000000003	1	0	0	154.666
training	ConditionedQuadratic	0	1.2214285714285713	0.00390625	0.49609375	0	conditioned-low-v1	3	32.25	1	0	0	154.666
training	ConditionedQuadratic	0	1.2214285714285713	0.00390625	0.49609375	0	conditioned-low-v1	4	31.875	1	0	0	154.666
training	ConditionedQuadratic	0	1.2214285714285713	0.00390625	0.49609375	0	conditioned-middle-v1	0	63.582999999999998	0	0	0	154.666
training	ConditionedQuadratic	0	1.2214285714285713	0.00390625	0.49609375	0	conditioned-middle-v1	2	137.042	0	0	0	154.666
training	ConditionedQuadratic	0	1.2214285714285713	0.00390625	0.49609375	0	conditioned-middle-v1	3	173	1	0	0	154.666
training	ConditionedQuadratic	0	1.2214285714285713	0.00390625	0.49609375	0	conditioned-middle-v1	4	172.083	1	0	0	154.666
training	ConditionedQuadratic	0	1.2214285714285713	0.00390625	0.49609375	0	conditioned-high-v1	0	56.793000000000006	0	0	0	154.666
training	ConditionedQuadratic	0	1.2214285714285713	0.00390625	0.49609375	0	conditioned-high-v1	2	130.87499999999997	0	0	0	154.666
training	ConditionedQuadratic	0	1.2214285714285713	0.00390625	0.49609375	0	conditioned-high-v1	3	167.792	1	0	0	154.666
training	ConditionedQuadratic	0	1.2214285714285713	0.00390625	0.49609375	0	conditioned-high-v1	4	167.125	1	0	0	154.666
training	ConditionedQuadratic	1	1.3523809523809522	0.01953125	0.48046875	0	conditioned-low-v1	0	33.582999999999998	1	0	0	151.708
training	ConditionedQuadratic	1	1.3523809523809522	0.01953125	0.48046875	0	conditioned-low-v1	2	31.875	1	0	0	151.708
training	ConditionedQuadratic	1	1.3523809523809522	0.01953125	0.48046875	0	conditioned-low-v1	3	31.792000000000002	1	0	0	151.708
training	ConditionedQuadratic	1	1.3523809523809522	0.01953125	0.48046875	0	conditioned-low-v1	4	31.667000000000002	1	0	0	151.708
training	ConditionedQuadratic	1	1.3523809523809522	0.01953125	0.48046875	0	conditioned-middle-v1	0	61.292000000000002	0	0	0	151.708
training	ConditionedQuadratic	1	1.3523809523809522	0.01953125	0.48046875	0	conditioned-middle-v1	2	137.54199999999997	0	0	0	151.708
training	ConditionedQuadratic	1	1.3523809523809522	0.01953125	0.48046875	0	conditioned-middle-v1	3	169.25	1	0	0	151.708
training	ConditionedQuadratic	1	1.3523809523809522	0.01953125	0.48046875	0	conditioned-middle-v1	4	165.791	1	0	0	151.708
training	ConditionedQuadratic	1	1.3523809523809522	0.01953125	0.48046875	0	conditioned-high-v1	0	56.292000000000002	0	0	0	151.708
training	ConditionedQuadratic	1	1.3523809523809522	0.01953125	0.48046875	0	conditioned-high-v1	2	127.33300000000003	0	0	0	151.708
training	ConditionedQuadratic	1	1.3523809523809522	0.01953125	0.48046875	0	conditioned-high-v1	3	162.25	1	0	0	151.708
training	ConditionedQuadratic	1	1.3523809523809522	0.01953125	0.48046875	0	conditioned-high-v1	4	162.083	1	0	0	151.708
training	ConditionedQuadratic	2	1.4833333333333332	0.03515625	0.46484375	0	conditioned-low-v1	0	32.417000000000002	1	0	0	153.667
training	ConditionedQuadratic	2	1.4833333333333332	0.03515625	0.46484375	0	conditioned-low-v1	2	31.875	1	0	0	153.667
training	ConditionedQuadratic	2	1.4833333333333332	0.03515625	0.46484375	0	conditioned-low-v1	3	32.540999999999997	1	0	0	153.667
training	ConditionedQuadratic	2	1.4833333333333332	0.03515625	0.46484375	0	conditioned-low-v1	4	31.916	1	0	0	153.667
training	ConditionedQuadratic	2	1.4833333333333332	0.03515625	0.46484375	0	conditioned-middle-v1	0	59.625	0	0	0	153.667
training	ConditionedQuadratic	2	1.4833333333333332	0.03515625	0.46484375	0	conditioned-middle-v1	2	131.08199999999999	0	0	0	153.667
training	ConditionedQuadratic	2	1.4833333333333332	0.03515625	0.46484375	0	conditioned-middle-v1	3	165.834	1	0	0	153.667
training	ConditionedQuadratic	2	1.4833333333333332	0.03515625	0.46484375	0	conditioned-middle-v1	4	165.709	1	0	0	153.667
training	ConditionedQuadratic	2	1.4833333333333332	0.03515625	0.46484375	0	conditioned-high-v1	0	55.292000000000002	0	0	0	153.667
training	ConditionedQuadratic	2	1.4833333333333332	0.03515625	0.46484375	0	conditioned-high-v1	2	128.291	0	0	0	153.667
training	ConditionedQuadratic	2	1.4833333333333332	0.03515625	0.46484375	0	conditioned-high-v1	3	161.708	1	0	0	153.667
training	ConditionedQuadratic	2	1.4833333333333332	0.03515625	0.46484375	0	conditioned-high-v1	4	161.583	1	0	0	153.667
training	ConditionedQuadratic	3	1.6142857142857143	0.05078125	0.44921875	0	conditioned-low-v1	0	32.332999999999998	1	0	0	151.834
training	ConditionedQuadratic	3	1.6142857142857143	0.05078125	0.44921875	0	conditioned-low-v1	2	32	1	0	0	151.834
training	ConditionedQuadratic	3	1.6142857142857143	0.05078125	0.44921875	0	conditioned-low-v1	3	32.832999999999998	1	0	0	151.834
training	ConditionedQuadratic	3	1.6142857142857143	0.05078125	0.44921875	0	conditioned-low-v1	4	31.917000000000002	1	0	0	151.834
training	ConditionedQuadratic	3	1.6142857142857143	0.05078125	0.44921875	0	conditioned-middle-v1	0	58.707999999999998	0	0	0	151.834
training	ConditionedQuadratic	3	1.6142857142857143	0.05078125	0.44921875	0	conditioned-middle-v1	2	130.375	0	0	0	151.834
training	ConditionedQuadratic	3	1.6142857142857143	0.05078125	0.44921875	0	conditioned-middle-v1	3	165.25	1	0	0	151.834
training	ConditionedQuadratic	3	1.6142857142857143	0.05078125	0.44921875	0	conditioned-middle-v1	4	165.459	1	0	0	151.834
training	ConditionedQuadratic	3	1.6142857142857143	0.05078125	0.44921875	0	conditioned-high-v1	0	54.751000000000005	0	0	0	151.834
training	ConditionedQuadratic	3	1.6142857142857143	0.05078125	0.44921875	0	conditioned-high-v1	2	126.958	0	0	0	151.834
training	ConditionedQuadratic	3	1.6142857142857143	0.05078125	0.44921875	0	conditioned-high-v1	3	161.375	1	0	0	151.834
training	ConditionedQuadratic	3	1.6142857142857143	0.05078125	0.44921875	0	conditioned-high-v1	4	160.667	1	0	0	151.834
training	ConditionedQuadratic	4	1.7452380952380953	0.06640625	0.43359375	0	conditioned-low-v1	0	32.625	1	0	0	151.625
training	ConditionedQuadratic	4	1.7452380952380953	0.06640625	0.43359375	0	conditioned-low-v1	2	32.167000000000002	1	0	0	151.625
training	ConditionedQuadratic	4	1.7452380952380953	0.06640625	0.43359375	0	conditioned-low-v1	3	32.290999999999997	1	0	0	151.625
training	ConditionedQuadratic	4	1.7452380952380953	0.06640625	0.43359375	0	conditioned-low-v1	4	32.165999999999997	1	0	0	151.625
training	ConditionedQuadratic	4	1.7452380952380953	0.06640625	0.43359375	0	conditioned-middle-v1	0	57.457999999999998	0	0	0	151.625
training	ConditionedQuadratic	4	1.7452380952380953	0.06640625	0.43359375	0	conditioned-middle-v1	2	129.208	0	0	0	151.625
training	ConditionedQuadratic	4	1.7452380952380953	0.06640625	0.43359375	0	conditioned-middle-v1	3	164.166	1	0	0	151.625
training	ConditionedQuadratic	4	1.7452380952380953	0.06640625	0.43359375	0	conditioned-middle-v1	4	165.166	1	0	0	151.625
training	ConditionedQuadratic	4	1.7452380952380953	0.06640625	0.43359375	0	conditioned-high-v1	0	54.251000000000005	0	0	0	151.625
training	ConditionedQuadratic	4	1.7452380952380953	0.06640625	0.43359375	0	conditioned-high-v1	2	127.625	0	0	0	151.625
training	ConditionedQuadratic	4	1.7452380952380953	0.06640625	0.43359375	0	conditioned-high-v1	3	160.834	1	0	0	151.625
training	ConditionedQuadratic	4	1.7452380952380953	0.06640625	0.43359375	0	conditioned-high-v1	4	160.667	1	0	0	151.625
training	ConditionedQuadratic	5	1.8761904761904762	0.08203125	0.41796875	0	conditioned-low-v1	0	32.792000000000002	1	0	0	188.875
training	ConditionedQuadratic	5	1.8761904761904762	0.08203125	0.41796875	0	conditioned-low-v1	2	32.5	1	0	0	188.875
training	ConditionedQuadratic	5	1.8761904761904762	0.08203125	0.41796875	0	conditioned-low-v1	3	32.5	1	0	0	188.875
training	ConditionedQuadratic	5	1.8761904761904762	0.08203125	0.41796875	0	conditioned-low-v1	4	32.375	1	0	0	188.875
training	ConditionedQuadratic	5	1.8761904761904762	0.08203125	0.41796875	0	conditioned-middle-v1	0	56.623999999999995	0	0	0	188.875
training	ConditionedQuadratic	5	1.8761904761904762	0.08203125	0.41796875	0	conditioned-middle-v1	2	129.625	0	0	0	188.875
training	ConditionedQuadratic	5	1.8761904761904762	0.08203125	0.41796875	0	conditioned-middle-v1	3	162.667	1	0	0	188.875
training	ConditionedQuadratic	5	1.8761904761904762	0.08203125	0.41796875	0	conditioned-middle-v1	4	164.542	1	0	0	188.875
training	ConditionedQuadratic	5	1.8761904761904762	0.08203125	0.41796875	0	conditioned-high-v1	0	54.123999999999995	0	0	0	188.875
training	ConditionedQuadratic	5	1.8761904761904762	0.08203125	0.41796875	0	conditioned-high-v1	2	125.54200000000003	0	0	0	188.875
training	ConditionedQuadratic	5	1.8761904761904762	0.08203125	0.41796875	0	conditioned-high-v1	3	160.292	1	0	0	188.875
training	ConditionedQuadratic	5	1.8761904761904762	0.08203125	0.41796875	0	conditioned-high-v1	4	160.292	1	0	0	188.875
training	ConditionedQuadratic	6	1.2452380952380953	0.09765625	0.40234375	0	conditioned-low-v1	0	35.626000000000005	0	0	0	152.417
training	ConditionedQuadratic	6	1.2452380952380953	0.09765625	0.40234375	0	conditioned-low-v1	2	104.792	1	0	0	152.417
training	ConditionedQuadratic	6	1.2452380952380953	0.09765625	0.40234375	0	conditioned-low-v1	3	104.791	1	0	0	152.417
training	ConditionedQuadratic	6	1.2452380952380953	0.09765625	0.40234375	0	conditioned-low-v1	4	104.584	1	0	0	152.417
training	ConditionedQuadratic	6	1.2452380952380953	0.09765625	0.40234375	0	conditioned-middle-v1	0	55.415999999999997	0	0	0	152.417
training	ConditionedQuadratic	6	1.2452380952380953	0.09765625	0.40234375	0	conditioned-middle-v1	2	127.125	0	0	0	152.417
training	ConditionedQuadratic	6	1.2452380952380953	0.09765625	0.40234375	0	conditioned-middle-v1	3	162.083	1	0	0	152.417
training	ConditionedQuadratic	6	1.2452380952380953	0.09765625	0.40234375	0	conditioned-middle-v1	4	161.25	1	0	0	152.417
training	ConditionedQuadratic	6	1.2452380952380953	0.09765625	0.40234375	0	conditioned-high-v1	0	53.375	0	0	0	152.417
training	ConditionedQuadratic	6	1.2452380952380953	0.09765625	0.40234375	0	conditioned-high-v1	2	126.209	0	0	0	152.417
training	ConditionedQuadratic	6	1.2452380952380953	0.09765625	0.40234375	0	conditioned-high-v1	3	160.292	1	0	0	152.417
training	ConditionedQuadratic	6	1.2452380952380953	0.09765625	0.40234375	0	conditioned-high-v1	4	159.625	1	0	0	152.417
training	ConditionedQuadratic	7	1.3761904761904762	0.11328125	0.38671875	0	conditioned-low-v1	0	36.123999999999995	0	0	0	154.667
training	ConditionedQuadratic	7	1.3761904761904762	0.11328125	0.38671875	0	conditioned-low-v1	2	105.125	1	0	0	154.667
training	ConditionedQuadratic	7	1.3761904761904762	0.11328125	0.38671875	0	conditioned-low-v1	3	106.208	1	0	0	154.667
training	ConditionedQuadratic	7	1.3761904761904762	0.11328125	0.38671875	0	conditioned-low-v1	4	105.25	1	0	0	154.667
training	ConditionedQuadratic	7	1.3761904761904762	0.11328125	0.38671875	0	conditioned-middle-v1	0	54.457999999999998	0	0	0	154.667
training	ConditionedQuadratic	7	1.3761904761904762	0.11328125	0.38671875	0	conditioned-middle-v1	2	126.04199999999997	0	0	0	154.667
training	ConditionedQuadratic	7	1.3761904761904762	0.11328125	0.38671875	0	conditioned-middle-v1	3	161.042	1	0	0	154.667
training	ConditionedQuadratic	7	1.3761904761904762	0.11328125	0.38671875	0	conditioned-middle-v1	4	160.875	1	0	0	154.667
training	ConditionedQuadratic	7	1.3761904761904762	0.11328125	0.38671875	0	conditioned-high-v1	0	52.917000000000002	0	0	0	154.667
training	ConditionedQuadratic	7	1.3761904761904762	0.11328125	0.38671875	0	conditioned-high-v1	2	124.66600000000003	0	0	0	154.667
training	ConditionedQuadratic	7	1.3761904761904762	0.11328125	0.38671875	0	conditioned-high-v1	3	159.25	1	0	0	154.667
training	ConditionedQuadratic	7	1.3761904761904762	0.11328125	0.38671875	0	conditioned-high-v1	4	159.333	1	0	0	154.667
training	ConditionedQuadratic	8	1.5071428571428571	0.12890625	0.37109375	0	conditioned-low-v1	0	36.25	0	0	0	151.583
training	ConditionedQuadratic	8	1.5071428571428571	0.12890625	0.37109375	0	conditioned-low-v1	2	105.334	1	0	0	151.583
training	ConditionedQuadratic	8	1.5071428571428571	0.12890625	0.37109375	0	conditioned-low-v1	3	104.959	1	0	0	151.583
training	ConditionedQuadratic	8	1.5071428571428571	0.12890625	0.37109375	0	conditioned-low-v1	4	105.375	1	0	0	151.583
training	ConditionedQuadratic	8	1.5071428571428571	0.12890625	0.37109375	0	conditioned-middle-v1	0	53.667000000000002	0	0	0	151.583
training	ConditionedQuadratic	8	1.5071428571428571	0.12890625	0.37109375	0	conditioned-middle-v1	2	126.583	0	0	0	151.583
training	ConditionedQuadratic	8	1.5071428571428571	0.12890625	0.37109375	0	conditioned-middle-v1	3	160.083	1	0	0	151.583
training	ConditionedQuadratic	8	1.5071428571428571	0.12890625	0.37109375	0	conditioned-middle-v1	4	159.875	1	0	0	151.583
training	ConditionedQuadratic	8	1.5071428571428571	0.12890625	0.37109375	0	conditioned-high-v1	0	52.375	0	0	0	151.583
training	ConditionedQuadratic	8	1.5071428571428571	0.12890625	0.37109375	0	conditioned-high-v1	2	123.87499999999997	0	0	0	151.583
training	ConditionedQuadratic	8	1.5071428571428571	0.12890625	0.37109375	0	conditioned-high-v1	3	159.291	1	0	0	151.583
training	ConditionedQuadratic	8	1.5071428571428571	0.12890625	0.37109375	0	conditioned-high-v1	4	158.333	1	0	0	151.583
training	ConditionedQuadratic	9	1.638095238095238	0.14453125	0.35546875	0	conditioned-low-v1	0	36.417000000000002	0	0	0	152.125
training	ConditionedQuadratic	9	1.638095238095238	0.14453125	0.35546875	0	conditioned-low-v1	2	105.709	1	0	0	152.125
training	ConditionedQuadratic	9	1.638095238095238	0.14453125	0.35546875	0	conditioned-low-v1	3	105.542	1	0	0	152.125
training	ConditionedQuadratic	9	1.638095238095238	0.14453125	0.35546875	0	conditioned-low-v1	4	105.917	1	0	0	152.125
training	ConditionedQuadratic	9	1.638095238095238	0.14453125	0.35546875	0	conditioned-middle-v1	0	52.665999999999997	0	0	0	152.125
training	ConditionedQuadratic	9	1.638095238095238	0.14453125	0.35546875	0	conditioned-middle-v1	2	124.95899999999997	0	0	0	152.125
training	ConditionedQuadratic	9	1.638095238095238	0.14453125	0.35546875	0	conditioned-middle-v1	3	159.25	1	0	0	152.125
training	ConditionedQuadratic	9	1.638095238095238	0.14453125	0.35546875	0	conditioned-middle-v1	4	159.541	1	0	0	152.125
training	ConditionedQuadratic	9	1.638095238095238	0.14453125	0.35546875	0	conditioned-high-v1	0	52.082999999999998	0	0	0	152.125
training	ConditionedQuadratic	9	1.638095238095238	0.14453125	0.35546875	0	conditioned-high-v1	2	125.25000000000003	0	0	0	152.125
training	ConditionedQuadratic	9	1.638095238095238	0.14453125	0.35546875	0	conditioned-high-v1	3	158.709	1	0	0	152.125
training	ConditionedQuadratic	9	1.638095238095238	0.14453125	0.35546875	0	conditioned-high-v1	4	159.625	1	0	0	152.125
training	ConditionedQuadratic	10	1.769047619047619	0.16015625	0.33984375	0	conditioned-low-v1	0	44.75	0	0	0	153.5
training	ConditionedQuadratic	10	1.769047619047619	0.16015625	0.33984375	0	conditioned-low-v1	2	105.708	1	0	0	153.5
training	ConditionedQuadratic	10	1.769047619047619	0.16015625	0.33984375	0	conditioned-low-v1	3	105.75	1	0	0	153.5
training	ConditionedQuadratic	10	1.769047619047619	0.16015625	0.33984375	0	conditioned-low-v1	4	105.75	1	0	0	153.5
training	ConditionedQuadratic	10	1.769047619047619	0.16015625	0.33984375	0	conditioned-middle-v1	0	51.498999999999995	0	0	0	153.5
training	ConditionedQuadratic	10	1.769047619047619	0.16015625	0.33984375	0	conditioned-middle-v1	2	122.999	0	0	0	153.5
training	ConditionedQuadratic	10	1.769047619047619	0.16015625	0.33984375	0	conditioned-middle-v1	3	157.708	1	0	0	153.5
training	ConditionedQuadratic	10	1.769047619047619	0.16015625	0.33984375	0	conditioned-middle-v1	4	158	1	0	0	153.5
training	ConditionedQuadratic	10	1.769047619047619	0.16015625	0.33984375	0	conditioned-high-v1	0	51.542000000000002	0	0	0	153.5
training	ConditionedQuadratic	10	1.769047619047619	0.16015625	0.33984375	0	conditioned-high-v1	2	123.00000000000003	0	0	0	153.5
training	ConditionedQuadratic	10	1.769047619047619	0.16015625	0.33984375	0	conditioned-high-v1	3	158.167	1	0	0	153.5
training	ConditionedQuadratic	10	1.769047619047619	0.16015625	0.33984375	0	conditioned-high-v1	4	157.5	1	0	0	153.5
training	ConditionedQuadratic	11	1.8999999999999999	0.17578125	0.32421875	0	conditioned-low-v1	0	36.915999999999997	0	0	0	187.542
training	ConditionedQuadratic	11	1.8999999999999999	0.17578125	0.32421875	0	conditioned-low-v1	2	106.083	1	0	0	187.542
training	ConditionedQuadratic	11	1.8999999999999999	0.17578125	0.32421875	0	conditioned-low-v1	3	106.959	1	0	0	187.542
training	ConditionedQuadratic	11	1.8999999999999999	0.17578125	0.32421875	0	conditioned-low-v1	4	105.958	1	0	0	187.542
training	ConditionedQuadratic	11	1.8999999999999999	0.17578125	0.32421875	0	conditioned-middle-v1	0	56.125	0	0	0	187.542
training	ConditionedQuadratic	11	1.8999999999999999	0.17578125	0.32421875	0	conditioned-middle-v1	2	124.667	0	0	0	187.542
training	ConditionedQuadratic	11	1.8999999999999999	0.17578125	0.32421875	0	conditioned-middle-v1	3	157.083	1	0	0	187.542
training	ConditionedQuadratic	11	1.8999999999999999	0.17578125	0.32421875	0	conditioned-middle-v1	4	156.041	1	0	0	187.542
training	ConditionedQuadratic	11	1.8999999999999999	0.17578125	0.32421875	0	conditioned-high-v1	0	51.625	0	0	0	187.542
training	ConditionedQuadratic	11	1.8999999999999999	0.17578125	0.32421875	0	conditioned-high-v1	2	122.625	0	0	0	187.542
training	ConditionedQuadratic	11	1.8999999999999999	0.17578125	0.32421875	0	conditioned-high-v1	3	156.875	1	0	0	187.542
training	ConditionedQuadratic	11	1.8999999999999999	0.17578125	0.32421875	0	conditioned-high-v1	4	156.792	1	0	0	187.542
training	ConditionedQuadratic	12	1.269047619047619	0.19140625	0.30859375	0	conditioned-low-v1	0	37.834000000000003	0	0	0	152.333
training	ConditionedQuadratic	12	1.269047619047619	0.19140625	0.30859375	0	conditioned-low-v1	2	109.87599999999998	0	0	0	152.333
training	ConditionedQuadratic	12	1.269047619047619	0.19140625	0.30859375	0	conditioned-low-v1	3	142.625	1	0	0	152.333
training	ConditionedQuadratic	12	1.269047619047619	0.19140625	0.30859375	0	conditioned-low-v1	4	142.25	1	0	0	152.333
training	ConditionedQuadratic	12	1.269047619047619	0.19140625	0.30859375	0	conditioned-middle-v1	0	50.167000000000002	0	0	0	152.333
training	ConditionedQuadratic	12	1.269047619047619	0.19140625	0.30859375	0	conditioned-middle-v1	2	121.45899999999997	0	0	0	152.333
training	ConditionedQuadratic	12	1.269047619047619	0.19140625	0.30859375	0	conditioned-middle-v1	3	157.042	1	0	0	152.333
training	ConditionedQuadratic	12	1.269047619047619	0.19140625	0.30859375	0	conditioned-middle-v1	4	156.625	1	0	0	152.333
training	ConditionedQuadratic	12	1.269047619047619	0.19140625	0.30859375	0	conditioned-high-v1	0	51.084000000000003	0	0	0	152.333
training	ConditionedQuadratic	12	1.269047619047619	0.19140625	0.30859375	0	conditioned-high-v1	2	126.042	0	0	0	152.333
training	ConditionedQuadratic	12	1.269047619047619	0.19140625	0.30859375	0	conditioned-high-v1	3	156.5	1	0	0	152.333
training	ConditionedQuadratic	12	1.269047619047619	0.19140625	0.30859375	0	conditioned-high-v1	4	155.833	1	0	0	152.333
training	ConditionedQuadratic	13	1.3999999999999999	0.20703125	0.29296875	0	conditioned-low-v1	0	37.709000000000003	0	0	0	153.583
training	ConditionedQuadratic	13	1.3999999999999999	0.20703125	0.29296875	0	conditioned-low-v1	2	109.583	0	0	0	153.583
training	ConditionedQuadratic	13	1.3999999999999999	0.20703125	0.29296875	0	conditioned-low-v1	3	144.666	1	0	0	153.583
training	ConditionedQuadratic	13	1.3999999999999999	0.20703125	0.29296875	0	conditioned-low-v1	4	142.875	1	0	0	153.583
training	ConditionedQuadratic	13	1.3999999999999999	0.20703125	0.29296875	0	conditioned-middle-v1	0	49.25	0	0	0	153.583
training	ConditionedQuadratic	13	1.3999999999999999	0.20703125	0.29296875	0	conditioned-middle-v1	2	122.374	0	0	0	153.583
training	ConditionedQuadratic	13	1.3999999999999999	0.20703125	0.29296875	0	conditioned-middle-v1	3	155.916	1	0	0	153.583
training	ConditionedQuadratic	13	1.3999999999999999	0.20703125	0.29296875	0	conditioned-middle-v1	4	157.209	1	0	0	153.583
training	ConditionedQuadratic	13	1.3999999999999999	0.20703125	0.29296875	0	conditioned-high-v1	0	50.375	0	0	0	153.583
training	ConditionedQuadratic	13	1.3999999999999999	0.20703125	0.29296875	0	conditioned-high-v1	2	123.37599999999998	0	0	0	153.583
training	ConditionedQuadratic	13	1.3999999999999999	0.20703125	0.29296875	0	conditioned-high-v1	3	156.833	1	0	0	153.583
training	ConditionedQuadratic	13	1.3999999999999999	0.20703125	0.29296875	0	conditioned-high-v1	4	156.584	1	0	0	153.583
training	ConditionedQuadratic	14	1.5309523809523808	0.22265625	0.27734375	0	conditioned-low-v1	0	39.332999999999998	0	0	0	151.875
training	ConditionedQuadratic	14	1.5309523809523808	0.22265625	0.27734375	0	conditioned-low-v1	2	109.166	0	0	0	151.875
training	ConditionedQuadratic	14	1.5309523809523808	0.22265625	0.27734375	0	conditioned-low-v1	3	144.875	1	0	0	151.875
training	ConditionedQuadratic	14	1.5309523809523808	0.22265625	0.27734375	0	conditioned-low-v1	4	143.917	1	0	0	151.875
training	ConditionedQuadratic	14	1.5309523809523808	0.22265625	0.27734375	0	conditioned-middle-v1	0	48.375	0	0	0	151.875
training	ConditionedQuadratic	14	1.5309523809523808	0.22265625	0.27734375	0	conditioned-middle-v1	2	119.709	0	0	0	151.875
training	ConditionedQuadratic	14	1.5309523809523808	0.22265625	0.27734375	0	conditioned-middle-v1	3	154.875	1	0	0	151.875
training	ConditionedQuadratic	14	1.5309523809523808	0.22265625	0.27734375	0	conditioned-middle-v1	4	154.708	1	0	0	151.875
training	ConditionedQuadratic	14	1.5309523809523808	0.22265625	0.27734375	0	conditioned-high-v1	0	49.875	0	0	0	151.875
training	ConditionedQuadratic	14	1.5309523809523808	0.22265625	0.27734375	0	conditioned-high-v1	2	121.541	0	0	0	151.875
training	ConditionedQuadratic	14	1.5309523809523808	0.22265625	0.27734375	0	conditioned-high-v1	3	156.166	1	0	0	151.875
training	ConditionedQuadratic	14	1.5309523809523808	0.22265625	0.27734375	0	conditioned-high-v1	4	156.333	1	0	0	151.875
training	ConditionedQuadratic	15	1.6619047619047618	0.23828125	0.26171875	0	conditioned-low-v1	0	38	0	0	0	153
training	ConditionedQuadratic	15	1.6619047619047618	0.23828125	0.26171875	0	conditioned-low-v1	2	109.375	0	0	0	153
training	ConditionedQuadratic	15	1.6619047619047618	0.23828125	0.26171875	0	conditioned-low-v1	3	144.459	1	0	0	153
training	ConditionedQuadratic	15	1.6619047619047618	0.23828125	0.26171875	0	conditioned-low-v1	4	144.084	1	0	0	153
training	ConditionedQuadratic	15	1.6619047619047618	0.23828125	0.26171875	0	conditioned-middle-v1	0	47.417000000000002	0	0	0	153
training	ConditionedQuadratic	15	1.6619047619047618	0.23828125	0.26171875	0	conditioned-middle-v1	2	119.04100000000003	0	0	0	153
training	ConditionedQuadratic	15	1.6619047619047618	0.23828125	0.26171875	0	conditioned-middle-v1	3	153.917	1	0	0	153
training	ConditionedQuadratic	15	1.6619047619047618	0.23828125	0.26171875	0	conditioned-middle-v1	4	153.542	1	0	0	153
training	ConditionedQuadratic	15	1.6619047619047618	0.23828125	0.26171875	0	conditioned-high-v1	0	49.375	0	0	0	153
training	ConditionedQuadratic	15	1.6619047619047618	0.23828125	0.26171875	0	conditioned-high-v1	2	120.75	0	0	0	153
training	ConditionedQuadratic	15	1.6619047619047618	0.23828125	0.26171875	0	conditioned-high-v1	3	155.958	1	0	0	153
training	ConditionedQuadratic	15	1.6619047619047618	0.23828125	0.26171875	0	conditioned-high-v1	4	155.208	1	0	0	153
training	ConditionedQuadratic	16	1.7928571428571427	0.25390625	0.24609375	0	conditioned-low-v1	0	38.334000000000003	0	0	0	191.041
training	ConditionedQuadratic	16	1.7928571428571427	0.25390625	0.24609375	0	conditioned-low-v1	2	109.37499999999997	0	0	0	191.041
training	ConditionedQuadratic	16	1.7928571428571427	0.25390625	0.24609375	0	conditioned-low-v1	3	144.417	1	0	0	191.041
training	ConditionedQuadratic	16	1.7928571428571427	0.25390625	0.24609375	0	conditioned-low-v1	4	144.417	1	0	0	191.041
training	ConditionedQuadratic	16	1.7928571428571427	0.25390625	0.24609375	0	conditioned-middle-v1	0	46.582999999999998	0	0	0	191.041
training	ConditionedQuadratic	16	1.7928571428571427	0.25390625	0.24609375	0	conditioned-middle-v1	2	118.333	0	0	0	191.041
training	ConditionedQuadratic	16	1.7928571428571427	0.25390625	0.24609375	0	conditioned-middle-v1	3	155.291	1	0	0	191.041
training	ConditionedQuadratic	16	1.7928571428571427	0.25390625	0.24609375	0	conditioned-middle-v1	4	152.792	1	0	0	191.041
training	ConditionedQuadratic	16	1.7928571428571427	0.25390625	0.24609375	0	conditioned-high-v1	0	49.125	0	0	0	191.041
training	ConditionedQuadratic	16	1.7928571428571427	0.25390625	0.24609375	0	conditioned-high-v1	2	122.167	0	0	0	191.041
training	ConditionedQuadratic	16	1.7928571428571427	0.25390625	0.24609375	0	conditioned-high-v1	3	155.916	1	0	0	191.041
training	ConditionedQuadratic	16	1.7928571428571427	0.25390625	0.24609375	0	conditioned-high-v1	4	155.5	1	0	0	191.041
training	ConditionedQuadratic	17	1.1619047619047618	0.26953125	0.23046875	0	conditioned-low-v1	0	38.707999999999998	0	0	0	123.708
training	ConditionedQuadratic	17	1.1619047619047618	0.26953125	0.23046875	0	conditioned-low-v1	2	110.084	0	0	0	123.708
training	ConditionedQuadratic	17	1.1619047619047618	0.26953125	0.23046875	0	conditioned-low-v1	3	145.042	1	0	0	123.708
training	ConditionedQuadratic	17	1.1619047619047618	0.26953125	0.23046875	0	conditioned-low-v1	4	145.292	1	0	0	123.708
training	ConditionedQuadratic	17	1.1619047619047618	0.26953125	0.23046875	0	conditioned-middle-v1	0	45.875	0	0	0	123.708
training	ConditionedQuadratic	17	1.1619047619047618	0.26953125	0.23046875	0	conditioned-middle-v1	2	117.542	0	0	0	123.708
training	ConditionedQuadratic	17	1.1619047619047618	0.26953125	0.23046875	0	conditioned-middle-v1	3	152.458	1	0	0	123.708
training	ConditionedQuadratic	17	1.1619047619047618	0.26953125	0.23046875	0	conditioned-middle-v1	4	152.75	1	0	0	123.708
training	ConditionedQuadratic	17	1.1619047619047618	0.26953125	0.23046875	0	conditioned-high-v1	0	48.584000000000003	0	0	0	123.708
training	ConditionedQuadratic	17	1.1619047619047618	0.26953125	0.23046875	0	conditioned-high-v1	2	120.083	0	0	0	123.708
training	ConditionedQuadratic	17	1.1619047619047618	0.26953125	0.23046875	0	conditioned-high-v1	3	155.208	1	0	0	123.708
training	ConditionedQuadratic	17	1.1619047619047618	0.26953125	0.23046875	0	conditioned-high-v1	4	155.5	1	0	0	123.708
training	ConditionedQuadratic	18	1.2928571428571427	0.28515625	0.21484375	0	conditioned-low-v1	0	41.584000000000003	0	0	0	156
training	ConditionedQuadratic	18	1.2928571428571427	0.28515625	0.21484375	0	conditioned-low-v1	2	112.958	0	0	0	156
training	ConditionedQuadratic	18	1.2928571428571427	0.28515625	0.21484375	0	conditioned-low-v1	3	149.375	1	0	0	156
training	ConditionedQuadratic	18	1.2928571428571427	0.28515625	0.21484375	0	conditioned-low-v1	4	148.375	1	0	0	156
training	ConditionedQuadratic	18	1.2928571428571427	0.28515625	0.21484375	0	conditioned-middle-v1	0	45.501000000000005	0	0	0	156
training	ConditionedQuadratic	18	1.2928571428571427	0.28515625	0.21484375	0	conditioned-middle-v1	2	118.917	0	0	0	156
training	ConditionedQuadratic	18	1.2928571428571427	0.28515625	0.21484375	0	conditioned-middle-v1	3	154.875	1	0	0	156
training	ConditionedQuadratic	18	1.2928571428571427	0.28515625	0.21484375	0	conditioned-middle-v1	4	155.084	1	0	0	156
training	ConditionedQuadratic	18	1.2928571428571427	0.28515625	0.21484375	0	conditioned-high-v1	0	48.667000000000002	0	0	0	156
training	ConditionedQuadratic	18	1.2928571428571427	0.28515625	0.21484375	0	conditioned-high-v1	2	122.25	0	0	0	156
training	ConditionedQuadratic	18	1.2928571428571427	0.28515625	0.21484375	0	conditioned-high-v1	3	158	1	0	0	156
training	ConditionedQuadratic	18	1.2928571428571427	0.28515625	0.21484375	0	conditioned-high-v1	4	157.75	1	0	0	156
training	ConditionedQuadratic	19	1.4238095238095236	0.30078125	0.19921875	0	conditioned-low-v1	0	39.415999999999997	0	0	0	155.5
training	ConditionedQuadratic	19	1.4238095238095236	0.30078125	0.19921875	0	conditioned-low-v1	2	112.49999999999997	0	0	0	155.5
training	ConditionedQuadratic	19	1.4238095238095236	0.30078125	0.19921875	0	conditioned-low-v1	3	148.583	1	0	0	155.5
training	ConditionedQuadratic	19	1.4238095238095236	0.30078125	0.19921875	0	conditioned-low-v1	4	148.458	1	0	0	155.5
training	ConditionedQuadratic	19	1.4238095238095236	0.30078125	0.19921875	0	conditioned-middle-v1	0	44.707999999999998	0	0	0	155.5
training	ConditionedQuadratic	19	1.4238095238095236	0.30078125	0.19921875	0	conditioned-middle-v1	2	118.41600000000003	0	0	0	155.5
training	ConditionedQuadratic	19	1.4238095238095236	0.30078125	0.19921875	0	conditioned-middle-v1	3	154.25	1	0	0	155.5
training	ConditionedQuadratic	19	1.4238095238095236	0.30078125	0.19921875	0	conditioned-middle-v1	4	154.75	1	0	0	155.5
training	ConditionedQuadratic	19	1.4238095238095236	0.30078125	0.19921875	0	conditioned-high-v1	0	48.042000000000002	0	0	0	155.5
training	ConditionedQuadratic	19	1.4238095238095236	0.30078125	0.19921875	0	conditioned-high-v1	2	121.58300000000003	0	0	0	155.5
training	ConditionedQuadratic	19	1.4238095238095236	0.30078125	0.19921875	0	conditioned-high-v1	3	157.625	1	0	0	155.5
training	ConditionedQuadratic	19	1.4238095238095236	0.30078125	0.19921875	0	conditioned-high-v1	4	157.792	1	0	0	155.5
training	ConditionedQuadratic	20	1.5547619047619046	0.31640625	0.18359375	0	conditioned-low-v1	0	39.75	0	0	0	155.75
training	ConditionedQuadratic	20	1.5547619047619046	0.31640625	0.18359375	0	conditioned-low-v1	2	113.084	0	0	0	155.75
training	ConditionedQuadratic	20	1.5547619047619046	0.31640625	0.18359375	0	conditioned-low-v1	3	149.042	1	0	0	155.75
training	ConditionedQuadratic	20	1.5547619047619046	0.31640625	0.18359375	0	conditioned-low-v1	4	149.375	1	0	0	155.75
training	ConditionedQuadratic	20	1.5547619047619046	0.31640625	0.18359375	0	conditioned-middle-v1	0	43.873999999999995	0	0	0	155.75
training	ConditionedQuadratic	20	1.5547619047619046	0.31640625	0.18359375	0	conditioned-middle-v1	2	117.374	0	0	0	155.75
training	ConditionedQuadratic	20	1.5547619047619046	0.31640625	0.18359375	0	conditioned-middle-v1	3	154.042	1	0	0	155.75
training	ConditionedQuadratic	20	1.5547619047619046	0.31640625	0.18359375	0	conditioned-middle-v1	4	153.25	1	0	0	155.75
training	ConditionedQuadratic	20	1.5547619047619046	0.31640625	0.18359375	0	conditioned-high-v1	0	47.707999999999998	0	0	0	155.75
training	ConditionedQuadratic	20	1.5547619047619046	0.31640625	0.18359375	0	conditioned-high-v1	2	120.95799999999997	0	0	0	155.75
training	ConditionedQuadratic	20	1.5547619047619046	0.31640625	0.18359375	0	conditioned-high-v1	3	157.084	1	0	0	155.75
training	ConditionedQuadratic	20	1.5547619047619046	0.31640625	0.18359375	0	conditioned-high-v1	4	157	1	0	0	155.75
training	ConditionedQuadratic	21	1.6857142857142855	0.33203125	0.16796875	0	conditioned-low-v1	0	40.001000000000005	0	0	0	155.542
training	ConditionedQuadratic	21	1.6857142857142855	0.33203125	0.16796875	0	conditioned-low-v1	2	113.375	0	0	0	155.542
training	ConditionedQuadratic	21	1.6857142857142855	0.33203125	0.16796875	0	conditioned-low-v1	3	149.125	1	0	0	155.542
training	ConditionedQuadratic	21	1.6857142857142855	0.33203125	0.16796875	0	conditioned-low-v1	4	148.709	1	0	0	155.542
training	ConditionedQuadratic	21	1.6857142857142855	0.33203125	0.16796875	0	conditioned-middle-v1	0	43.25	0	0	0	155.542
training	ConditionedQuadratic	21	1.6857142857142855	0.33203125	0.16796875	0	conditioned-middle-v1	2	116.625	0	0	0	155.542
training	ConditionedQuadratic	21	1.6857142857142855	0.33203125	0.16796875	0	conditioned-middle-v1	3	153.167	1	0	0	155.542
training	ConditionedQuadratic	21	1.6857142857142855	0.33203125	0.16796875	0	conditioned-middle-v1	4	152.667	1	0	0	155.542
training	ConditionedQuadratic	21	1.6857142857142855	0.33203125	0.16796875	0	conditioned-high-v1	0	47.207999999999998	0	0	0	155.542
training	ConditionedQuadratic	21	1.6857142857142855	0.33203125	0.16796875	0	conditioned-high-v1	2	120.666	0	0	0	155.542
training	ConditionedQuadratic	21	1.6857142857142855	0.33203125	0.16796875	0	conditioned-high-v1	3	157.375	1	0	0	155.542
training	ConditionedQuadratic	21	1.6857142857142855	0.33203125	0.16796875	0	conditioned-high-v1	4	157	1	0	0	155.542
training	ConditionedQuadratic	22	1.8166666666666664	0.34765625	0.15234375	0	conditioned-low-v1	0	40.459000000000003	0	0	0	194.25
training	ConditionedQuadratic	22	1.8166666666666664	0.34765625	0.15234375	0	conditioned-low-v1	2	113.791	0	0	0	194.25
training	ConditionedQuadratic	22	1.8166666666666664	0.34765625	0.15234375	0	conditioned-low-v1	3	149.333	1	0	0	194.25
training	ConditionedQuadratic	22	1.8166666666666664	0.34765625	0.15234375	0	conditioned-low-v1	4	149.625	1	0	0	194.25
training	ConditionedQuadratic	22	1.8166666666666664	0.34765625	0.15234375	0	conditioned-middle-v1	0	42.418000000000006	0	0	0	194.25
training	ConditionedQuadratic	22	1.8166666666666664	0.34765625	0.15234375	0	conditioned-middle-v1	2	115.751	0	0	0	194.25
training	ConditionedQuadratic	22	1.8166666666666664	0.34765625	0.15234375	0	conditioned-middle-v1	3	152.291	1	0	0	194.25
training	ConditionedQuadratic	22	1.8166666666666664	0.34765625	0.15234375	0	conditioned-middle-v1	4	151.75	1	0	0	194.25
training	ConditionedQuadratic	22	1.8166666666666664	0.34765625	0.15234375	0	conditioned-high-v1	0	46.665999999999997	0	0	0	194.25
training	ConditionedQuadratic	22	1.8166666666666664	0.34765625	0.15234375	0	conditioned-high-v1	2	120.49999999999997	0	0	0	194.25
training	ConditionedQuadratic	22	1.8166666666666664	0.34765625	0.15234375	0	conditioned-high-v1	3	156.5	1	0	0	194.25
training	ConditionedQuadratic	22	1.8166666666666664	0.34765625	0.15234375	0	conditioned-high-v1	4	155.958	1	0	0	194.25
training	ConditionedQuadratic	23	1.1857142857142857	0.36328125	0.13671875	0	conditioned-low-v1	0	40.542000000000002	0	0	0	155.542
training	ConditionedQuadratic	23	1.1857142857142857	0.36328125	0.13671875	0	conditioned-low-v1	2	113.83399999999997	0	0	0	155.542
training	ConditionedQuadratic	23	1.1857142857142857	0.36328125	0.13671875	0	conditioned-low-v1	3	149.917	1	0	0	155.542
training	ConditionedQuadratic	23	1.1857142857142857	0.36328125	0.13671875	0	conditioned-low-v1	4	149.708	1	0	0	155.542
training	ConditionedQuadratic	23	1.1857142857142857	0.36328125	0.13671875	0	conditioned-middle-v1	0	41.707999999999998	0	0	0	155.542
training	ConditionedQuadratic	23	1.1857142857142857	0.36328125	0.13671875	0	conditioned-middle-v1	2	115.334	0	0	0	155.542
training	ConditionedQuadratic	23	1.1857142857142857	0.36328125	0.13671875	0	conditioned-middle-v1	3	151.458	1	0	0	155.542
training	ConditionedQuadratic	23	1.1857142857142857	0.36328125	0.13671875	0	conditioned-middle-v1	4	151.25	1	0	0	155.542
training	ConditionedQuadratic	23	1.1857142857142857	0.36328125	0.13671875	0	conditioned-high-v1	0	46.375	0	0	0	155.542
training	ConditionedQuadratic	23	1.1857142857142857	0.36328125	0.13671875	0	conditioned-high-v1	2	120.29100000000003	0	0	0	155.542
training	ConditionedQuadratic	23	1.1857142857142857	0.36328125	0.13671875	0	conditioned-high-v1	3	155.917	1	0	0	155.542
training	ConditionedQuadratic	23	1.1857142857142857	0.36328125	0.13671875	0	conditioned-high-v1	4	155.458	1	0	0	155.542
training	ConditionedQuadratic	24	1.3166666666666667	0.37890625	0.12109375	0	conditioned-low-v1	0	43.792000000000002	0	0	0	152
training	ConditionedQuadratic	24	1.3166666666666667	0.37890625	0.12109375	0	conditioned-low-v1	2	112.91699999999997	0	0	0	152
training	ConditionedQuadratic	24	1.3166666666666667	0.37890625	0.12109375	0	conditioned-low-v1	3	147.75	1	0	0	152
training	ConditionedQuadratic	24	1.3166666666666667	0.37890625	0.12109375	0	conditioned-low-v1	4	145.041	1	0	0	152
training	ConditionedQuadratic	24	1.3166666666666667	0.37890625	0.12109375	0	conditioned-middle-v1	0	41.040999999999997	0	0	0	152
training	ConditionedQuadratic	24	1.3166666666666667	0.37890625	0.12109375	0	conditioned-middle-v1	2	114.33399999999997	0	0	0	152
training	ConditionedQuadratic	24	1.3166666666666667	0.37890625	0.12109375	0	conditioned-middle-v1	3	147.916	1	0	0	152
training	ConditionedQuadratic	24	1.3166666666666667	0.37890625	0.12109375	0	conditioned-middle-v1	4	148.208	1	0	0	152
training	ConditionedQuadratic	24	1.3166666666666667	0.37890625	0.12109375	0	conditioned-high-v1	0	46.167000000000002	0	0	0	152
training	ConditionedQuadratic	24	1.3166666666666667	0.37890625	0.12109375	0	conditioned-high-v1	2	117.91600000000003	0	0	0	152
training	ConditionedQuadratic	24	1.3166666666666667	0.37890625	0.12109375	0	conditioned-high-v1	3	152.542	1	0	0	152
training	ConditionedQuadratic	24	1.3166666666666667	0.37890625	0.12109375	0	conditioned-high-v1	4	152.333	1	0	0	152
training	ConditionedQuadratic	25	1.4476190476190476	0.39453125	0.10546875	0	conditioned-low-v1	0	41.251000000000005	0	0	0	152.125
training	ConditionedQuadratic	25	1.4476190476190476	0.39453125	0.10546875	0	conditioned-low-v1	2	112.5	0	0	0	152.125
training	ConditionedQuadratic	25	1.4476190476190476	0.39453125	0.10546875	0	conditioned-low-v1	3	146.959	1	0	0	152.125
training	ConditionedQuadratic	25	1.4476190476190476	0.39453125	0.10546875	0	conditioned-low-v1	4	147.042	1	0	0	152.125
training	ConditionedQuadratic	25	1.4476190476190476	0.39453125	0.10546875	0	conditioned-middle-v1	0	40.292000000000002	0	0	0	152.125
training	ConditionedQuadratic	25	1.4476190476190476	0.39453125	0.10546875	0	conditioned-middle-v1	2	111.874	0	0	0	152.125
training	ConditionedQuadratic	25	1.4476190476190476	0.39453125	0.10546875	0	conditioned-middle-v1	3	146.542	1	0	0	152.125
training	ConditionedQuadratic	25	1.4476190476190476	0.39453125	0.10546875	0	conditioned-middle-v1	4	146.5	1	0	0	152.125
training	ConditionedQuadratic	25	1.4476190476190476	0.39453125	0.10546875	0	conditioned-high-v1	0	45.667000000000002	0	0	0	152.125
training	ConditionedQuadratic	25	1.4476190476190476	0.39453125	0.10546875	0	conditioned-high-v1	2	117.33399999999997	0	0	0	152.125
training	ConditionedQuadratic	25	1.4476190476190476	0.39453125	0.10546875	0	conditioned-high-v1	3	152.167	1	0	0	152.125
training	ConditionedQuadratic	25	1.4476190476190476	0.39453125	0.10546875	0	conditioned-high-v1	4	151.583	1	0	0	152.125
training	ConditionedQuadratic	26	1.5785714285714285	0.41015625	0.08984375	0	conditioned-low-v1	0	41.582999999999998	0	0	0	151.75
training	ConditionedQuadratic	26	1.5785714285714285	0.41015625	0.08984375	0	conditioned-low-v1	2	112.95899999999997	0	0	0	151.75
training	ConditionedQuadratic	26	1.5785714285714285	0.41015625	0.08984375	0	conditioned-low-v1	3	147.417	1	0	0	151.75
training	ConditionedQuadratic	26	1.5785714285714285	0.41015625	0.08984375	0	conditioned-low-v1	4	147.292	1	0	0	151.75
training	ConditionedQuadratic	26	1.5785714285714285	0.41015625	0.08984375	0	conditioned-middle-v1	0	39.790999999999997	0	0	0	151.75
training	ConditionedQuadratic	26	1.5785714285714285	0.41015625	0.08984375	0	conditioned-middle-v1	2	111.458	0	0	0	151.75
training	ConditionedQuadratic	26	1.5785714285714285	0.41015625	0.08984375	0	conditioned-middle-v1	3	146.375	1	0	0	151.75
training	ConditionedQuadratic	26	1.5785714285714285	0.41015625	0.08984375	0	conditioned-middle-v1	4	145.5	1	0	0	151.75
training	ConditionedQuadratic	26	1.5785714285714285	0.41015625	0.08984375	0	conditioned-high-v1	0	45.084000000000003	0	0	0	151.75
training	ConditionedQuadratic	26	1.5785714285714285	0.41015625	0.08984375	0	conditioned-high-v1	2	117.25000000000003	0	0	0	151.75
training	ConditionedQuadratic	26	1.5785714285714285	0.41015625	0.08984375	0	conditioned-high-v1	3	151.333	1	0	0	151.75
training	ConditionedQuadratic	26	1.5785714285714285	0.41015625	0.08984375	0	conditioned-high-v1	4	152.125	1	0	0	151.75
training	ConditionedQuadratic	27	1.7095238095238094	0.42578125	0.07421875	0	conditioned-low-v1	0	41.626000000000005	0	0	0	152.5
training	ConditionedQuadratic	27	1.7095238095238094	0.42578125	0.07421875	0	conditioned-low-v1	2	113.5	0	0	0	152.5
training	ConditionedQuadratic	27	1.7095238095238094	0.42578125	0.07421875	0	conditioned-low-v1	3	147.834	1	0	0	152.5
training	ConditionedQuadratic	27	1.7095238095238094	0.42578125	0.07421875	0	conditioned-low-v1	4	149.167	1	0	0	152.5
training	ConditionedQuadratic	27	1.7095238095238094	0.42578125	0.07421875	0	conditioned-middle-v1	0	39.207999999999998	0	0	0	152.5
training	ConditionedQuadratic	27	1.7095238095238094	0.42578125	0.07421875	0	conditioned-middle-v1	2	108.708	1	0	0	152.5
training	ConditionedQuadratic	27	1.7095238095238094	0.42578125	0.07421875	0	conditioned-middle-v1	3	108.333	1	0	0	152.5
training	ConditionedQuadratic	27	1.7095238095238094	0.42578125	0.07421875	0	conditioned-middle-v1	4	108.333	1	0	0	152.5
training	ConditionedQuadratic	27	1.7095238095238094	0.42578125	0.07421875	0	conditioned-high-v1	0	44.75	0	0	0	152.5
training	ConditionedQuadratic	27	1.7095238095238094	0.42578125	0.07421875	0	conditioned-high-v1	2	117.66699999999997	0	0	0	152.5
training	ConditionedQuadratic	27	1.7095238095238094	0.42578125	0.07421875	0	conditioned-high-v1	3	150.959	1	0	0	152.5
training	ConditionedQuadratic	27	1.7095238095238094	0.42578125	0.07421875	0	conditioned-high-v1	4	150.75	1	0	0	152.5
training	ConditionedQuadratic	28	1.8404761904761904	0.44140625	0.05859375	0	conditioned-low-v1	0	42.248999999999995	0	0	0	188.75
training	ConditionedQuadratic	28	1.8404761904761904	0.44140625	0.05859375	0	conditioned-low-v1	2	114.83399999999997	0	0	0	188.75
training	ConditionedQuadratic	28	1.8404761904761904	0.44140625	0.05859375	0	conditioned-low-v1	3	148.541	1	0	0	188.75
training	ConditionedQuadratic	28	1.8404761904761904	0.44140625	0.05859375	0	conditioned-low-v1	4	150.5	1	0	0	188.75
training	ConditionedQuadratic	28	1.8404761904761904	0.44140625	0.05859375	0	conditioned-middle-v1	0	38.707999999999998	0	0	0	188.75
training	ConditionedQuadratic	28	1.8404761904761904	0.44140625	0.05859375	0	conditioned-middle-v1	2	109.625	1	0	0	188.75
training	ConditionedQuadratic	28	1.8404761904761904	0.44140625	0.05859375	0	conditioned-middle-v1	3	107.875	1	0	0	188.75
training	ConditionedQuadratic	28	1.8404761904761904	0.44140625	0.05859375	0	conditioned-middle-v1	4	107.709	1	0	0	188.75
training	ConditionedQuadratic	28	1.8404761904761904	0.44140625	0.05859375	0	conditioned-high-v1	0	44.417000000000002	0	0	0	188.75
training	ConditionedQuadratic	28	1.8404761904761904	0.44140625	0.05859375	0	conditioned-high-v1	2	116.375	0	0	0	188.75
training	ConditionedQuadratic	28	1.8404761904761904	0.44140625	0.05859375	0	conditioned-high-v1	3	151.042	1	0	0	188.75
training	ConditionedQuadratic	28	1.8404761904761904	0.44140625	0.05859375	0	conditioned-high-v1	4	152.625	1	0	0	188.75
training	ConditionedQuadratic	29	1.2095238095238094	0.45703125	0.04296875	0	conditioned-low-v1	0	42.540999999999997	0	0	0	152.041
training	ConditionedQuadratic	29	1.2095238095238094	0.45703125	0.04296875	0	conditioned-low-v1	2	114.08300000000003	0	0	0	152.041
training	ConditionedQuadratic	29	1.2095238095238094	0.45703125	0.04296875	0	conditioned-low-v1	3	150.083	1	0	0	152.041
training	ConditionedQuadratic	29	1.2095238095238094	0.45703125	0.04296875	0	conditioned-low-v1	4	149.708	1	0	0	152.041
training	ConditionedQuadratic	29	1.2095238095238094	0.45703125	0.04296875	0	conditioned-middle-v1	0	35.625	1	0	0	152.041
training	ConditionedQuadratic	29	1.2095238095238094	0.45703125	0.04296875	0	conditioned-middle-v1	2	35.667000000000002	1	0	0	152.041
training	ConditionedQuadratic	29	1.2095238095238094	0.45703125	0.04296875	0	conditioned-middle-v1	3	35.459000000000003	1	0	0	152.041
training	ConditionedQuadratic	29	1.2095238095238094	0.45703125	0.04296875	0	conditioned-middle-v1	4	35.5	1	0	0	152.041
training	ConditionedQuadratic	29	1.2095238095238094	0.45703125	0.04296875	0	conditioned-high-v1	0	44.125	0	0	0	152.041
training	ConditionedQuadratic	29	1.2095238095238094	0.45703125	0.04296875	0	conditioned-high-v1	2	116.084	0	0	0	152.041
training	ConditionedQuadratic	29	1.2095238095238094	0.45703125	0.04296875	0	conditioned-high-v1	3	151.541	1	0	0	152.041
training	ConditionedQuadratic	29	1.2095238095238094	0.45703125	0.04296875	0	conditioned-high-v1	4	152.625	1	0	0	152.041
training	ConditionedQuadratic	30	1.3404761904761904	0.47265625	0.02734375	0	conditioned-low-v1	0	42.875	0	0	0	152.208
training	ConditionedQuadratic	30	1.3404761904761904	0.47265625	0.02734375	0	conditioned-low-v1	2	115.62500000000003	0	0	0	152.208
training	ConditionedQuadratic	30	1.3404761904761904	0.47265625	0.02734375	0	conditioned-low-v1	3	149.041	1	0	0	152.208
training	ConditionedQuadratic	30	1.3404761904761904	0.47265625	0.02734375	0	conditioned-low-v1	4	149.166	1	0	0	152.208
training	ConditionedQuadratic	30	1.3404761904761904	0.47265625	0.02734375	0	conditioned-middle-v1	0	35.25	1	0	0	152.208
training	ConditionedQuadratic	30	1.3404761904761904	0.47265625	0.02734375	0	conditioned-middle-v1	2	35.042000000000002	1	0	0	152.208
training	ConditionedQuadratic	30	1.3404761904761904	0.47265625	0.02734375	0	conditioned-middle-v1	3	35	1	0	0	152.208
training	ConditionedQuadratic	30	1.3404761904761904	0.47265625	0.02734375	0	conditioned-middle-v1	4	34.875	1	0	0	152.208
training	ConditionedQuadratic	30	1.3404761904761904	0.47265625	0.02734375	0	conditioned-high-v1	0	43.665999999999997	0	0	0	152.208
training	ConditionedQuadratic	30	1.3404761904761904	0.47265625	0.02734375	0	conditioned-high-v1	2	115.624	0	0	0	152.208
training	ConditionedQuadratic	30	1.3404761904761904	0.47265625	0.02734375	0	conditioned-high-v1	3	152	1	0	0	152.208
training	ConditionedQuadratic	30	1.3404761904761904	0.47265625	0.02734375	0	conditioned-high-v1	4	150.375	1	0	0	152.208
training	ConditionedQuadratic	31	1.4714285714285713	0.48828125	0.01171875	0	conditioned-low-v1	0	43.123999999999995	0	0	0	151.792
training	ConditionedQuadratic	31	1.4714285714285713	0.48828125	0.01171875	0	conditioned-low-v1	2	114.459	0	0	0	151.792
training	ConditionedQuadratic	31	1.4714285714285713	0.48828125	0.01171875	0	conditioned-low-v1	3	149.667	1	0	0	151.792
training	ConditionedQuadratic	31	1.4714285714285713	0.48828125	0.01171875	0	conditioned-low-v1	4	148.958	1	0	0	151.792
training	ConditionedQuadratic	31	1.4714285714285713	0.48828125	0.01171875	0	conditioned-middle-v1	0	34.584000000000003	1	0	0	151.792
training	ConditionedQuadratic	31	1.4714285714285713	0.48828125	0.01171875	0	conditioned-middle-v1	2	34.417000000000002	1	0	0	151.792
training	ConditionedQuadratic	31	1.4714285714285713	0.48828125	0.01171875	0	conditioned-middle-v1	3	34.375	1	0	0	151.792
training	ConditionedQuadratic	31	1.4714285714285713	0.48828125	0.01171875	0	conditioned-middle-v1	4	34.457999999999998	1	0	0	151.792
training	ConditionedQuadratic	31	1.4714285714285713	0.48828125	0.01171875	0	conditioned-high-v1	0	43.334000000000003	0	0	0	151.792
training	ConditionedQuadratic	31	1.4714285714285713	0.48828125	0.01171875	0	conditioned-high-v1	2	115.41600000000003	0	0	0	151.792
training	ConditionedQuadratic	31	1.4714285714285713	0.48828125	0.01171875	0	conditioned-high-v1	3	150.25	1	0	0	151.792
training	ConditionedQuadratic	31	1.4714285714285713	0.48828125	0.01171875	0	conditioned-high-v1	4	149.459	1	0	0	151.792
training	ConditionedQuadratic	32	1.6023809523809522	0.50390625	0.00390625	0	conditioned-low-v1	0	43.209000000000003	0	0	0	157.958
training	ConditionedQuadratic	32	1.6023809523809522	0.50390625	0.00390625	0	conditioned-low-v1	2	116.62599999999998	0	0	0	157.958
training	ConditionedQuadratic	32	1.6023809523809522	0.50390625	0.00390625	0	conditioned-low-v1	3	151.708	1	0	0	157.958
training	ConditionedQuadratic	32	1.6023809523809522	0.50390625	0.00390625	0	conditioned-low-v1	4	150.792	1	0	0	157.958
training	ConditionedQuadratic	32	1.6023809523809522	0.50390625	0.00390625	0	conditioned-middle-v1	0	34.167000000000002	1	0	0	157.958
training	ConditionedQuadratic	32	1.6023809523809522	0.50390625	0.00390625	0	conditioned-middle-v1	2	34.25	1	0	0	157.958
training	ConditionedQuadratic	32	1.6023809523809522	0.50390625	0.00390625	0	conditioned-middle-v1	3	33.875	1	0	0	157.958
training	ConditionedQuadratic	32	1.6023809523809522	0.50390625	0.00390625	0	conditioned-middle-v1	4	34.25	1	0	0	157.958
training	ConditionedQuadratic	32	1.6023809523809522	0.50390625	0.00390625	0	conditioned-high-v1	0	42.998999999999995	0	0	0	157.958
training	ConditionedQuadratic	32	1.6023809523809522	0.50390625	0.00390625	0	conditioned-high-v1	2	116.25	0	0	0	157.958
training	ConditionedQuadratic	32	1.6023809523809522	0.50390625	0.00390625	0	conditioned-high-v1	3	159.125	1	0	0	157.958
training	ConditionedQuadratic	32	1.6023809523809522	0.50390625	0.00390625	0	conditioned-high-v1	4	154.458	1	0	0	157.958
training	ConditionedQuadratic	33	1.7333333333333334	0.51953125	0.01953125	0	conditioned-low-v1	0	44.582999999999998	0	0	0	157.25
training	ConditionedQuadratic	33	1.7333333333333334	0.51953125	0.01953125	0	conditioned-low-v1	2	118.66699999999997	0	0	0	157.25
training	ConditionedQuadratic	33	1.7333333333333334	0.51953125	0.01953125	0	conditioned-low-v1	3	154.708	1	0	0	157.25
training	ConditionedQuadratic	33	1.7333333333333334	0.51953125	0.01953125	0	conditioned-low-v1	4	154.667	1	0	0	157.25
training	ConditionedQuadratic	33	1.7333333333333334	0.51953125	0.01953125	0	conditioned-middle-v1	0	35.125	1	0	0	157.25
training	ConditionedQuadratic	33	1.7333333333333334	0.51953125	0.01953125	0	conditioned-middle-v1	2	34.957999999999998	1	0	0	157.25
training	ConditionedQuadratic	33	1.7333333333333334	0.51953125	0.01953125	0	conditioned-middle-v1	3	34.707999999999998	1	0	0	157.25
training	ConditionedQuadratic	33	1.7333333333333334	0.51953125	0.01953125	0	conditioned-middle-v1	4	34.75	1	0	0	157.25
training	ConditionedQuadratic	33	1.7333333333333334	0.51953125	0.01953125	0	conditioned-high-v1	0	43	0	0	0	157.25
training	ConditionedQuadratic	33	1.7333333333333334	0.51953125	0.01953125	0	conditioned-high-v1	2	118.042	0	0	0	157.25
training	ConditionedQuadratic	33	1.7333333333333334	0.51953125	0.01953125	0	conditioned-high-v1	3	153.458	1	0	0	157.25
training	ConditionedQuadratic	33	1.7333333333333334	0.51953125	0.01953125	0	conditioned-high-v1	4	153.125	1	0	0	157.25
training	ConditionedQuadratic	34	1.8642857142857143	0.53515625	0.03515625	0	conditioned-low-v1	0	44.542000000000002	0	0	0	194.458
training	ConditionedQuadratic	34	1.8642857142857143	0.53515625	0.03515625	0	conditioned-low-v1	2	118.458	0	0	0	194.458
training	ConditionedQuadratic	34	1.8642857142857143	0.53515625	0.03515625	0	conditioned-low-v1	3	154.75	1	0	0	194.458
training	ConditionedQuadratic	34	1.8642857142857143	0.53515625	0.03515625	0	conditioned-low-v1	4	153.917	1	0	0	194.458
training	ConditionedQuadratic	34	1.8642857142857143	0.53515625	0.03515625	0	conditioned-middle-v1	0	35.832999999999998	1	0	0	194.458
training	ConditionedQuadratic	34	1.8642857142857143	0.53515625	0.03515625	0	conditioned-middle-v1	2	35.332999999999998	1	0	0	194.458
training	ConditionedQuadratic	34	1.8642857142857143	0.53515625	0.03515625	0	conditioned-middle-v1	3	35.332999999999998	1	0	0	194.458
training	ConditionedQuadratic	34	1.8642857142857143	0.53515625	0.03515625	0	conditioned-middle-v1	4	35.25	1	0	0	194.458
training	ConditionedQuadratic	34	1.8642857142857143	0.53515625	0.03515625	0	conditioned-high-v1	0	42.875	0	0	0	194.458
training	ConditionedQuadratic	34	1.8642857142857143	0.53515625	0.03515625	0	conditioned-high-v1	2	116.459	0	0	0	194.458
training	ConditionedQuadratic	34	1.8642857142857143	0.53515625	0.03515625	0	conditioned-high-v1	3	152.541	1	0	0	194.458
training	ConditionedQuadratic	34	1.8642857142857143	0.53515625	0.03515625	0	conditioned-high-v1	4	152.208	1	0	0	194.458
training	ConditionedQuadratic	35	1.2333333333333332	0.55078125	0.05078125	0	conditioned-low-v1	0	44.790999999999997	0	0	0	156.959
training	ConditionedQuadratic	35	1.2333333333333332	0.55078125	0.05078125	0	conditioned-low-v1	2	118.70800000000003	0	0	0	156.959
training	ConditionedQuadratic	35	1.2333333333333332	0.55078125	0.05078125	0	conditioned-low-v1	3	153.834	1	0	0	156.959
training	ConditionedQuadratic	35	1.2333333333333332	0.55078125	0.05078125	0	conditioned-low-v1	4	154.334	1	0	0	156.959
training	ConditionedQuadratic	35	1.2333333333333332	0.55078125	0.05078125	0	conditioned-middle-v1	0	38.540999999999997	0	0	0	156.959
training	ConditionedQuadratic	35	1.2333333333333332	0.55078125	0.05078125	0	conditioned-middle-v1	2	110.125	1	0	0	156.959
training	ConditionedQuadratic	35	1.2333333333333332	0.55078125	0.05078125	0	conditioned-middle-v1	3	110.041	1	0	0	156.959
training	ConditionedQuadratic	35	1.2333333333333332	0.55078125	0.05078125	0	conditioned-middle-v1	4	110.208	1	0	0	156.959
training	ConditionedQuadratic	35	1.2333333333333332	0.55078125	0.05078125	0	conditioned-high-v1	0	41.998999999999995	0	0	0	156.959
training	ConditionedQuadratic	35	1.2333333333333332	0.55078125	0.05078125	0	conditioned-high-v1	2	116.16700000000003	0	0	0	156.959
training	ConditionedQuadratic	35	1.2333333333333332	0.55078125	0.05078125	0	conditioned-high-v1	3	152.125	1	0	0	156.959
training	ConditionedQuadratic	35	1.2333333333333332	0.55078125	0.05078125	0	conditioned-high-v1	4	152.125	1	0	0	156.959
training	ConditionedQuadratic	36	1.3642857142857141	0.56640625	0.06640625	0	conditioned-low-v1	0	45.042000000000002	0	0	0	152.833
training	ConditionedQuadratic	36	1.3642857142857141	0.56640625	0.06640625	0	conditioned-low-v1	2	119.58300000000003	0	0	0	152.833
training	ConditionedQuadratic	36	1.3642857142857141	0.56640625	0.06640625	0	conditioned-low-v1	3	151.542	1	0	0	152.833
training	ConditionedQuadratic	36	1.3642857142857141	0.56640625	0.06640625	0	conditioned-low-v1	4	153.5	1	0	0	152.833
training	ConditionedQuadratic	36	1.3642857142857141	0.56640625	0.06640625	0	conditioned-middle-v1	0	38.957999999999998	0	0	0	152.833
training	ConditionedQuadratic	36	1.3642857142857141	0.56640625	0.06640625	0	conditioned-middle-v1	2	112.41699999999997	0	0	0	152.833
training	ConditionedQuadratic	36	1.3642857142857141	0.56640625	0.06640625	0	conditioned-middle-v1	3	148.125	1	0	0	152.833
training	ConditionedQuadratic	36	1.3642857142857141	0.56640625	0.06640625	0	conditioned-middle-v1	4	147.458	1	0	0	152.833
training	ConditionedQuadratic	36	1.3642857142857141	0.56640625	0.06640625	0	conditioned-high-v1	0	41.5	0	0	0	152.833
training	ConditionedQuadratic	36	1.3642857142857141	0.56640625	0.06640625	0	conditioned-high-v1	2	115	0	0	0	152.833
training	ConditionedQuadratic	36	1.3642857142857141	0.56640625	0.06640625	0	conditioned-high-v1	3	149.166	1	0	0	152.833
training	ConditionedQuadratic	36	1.3642857142857141	0.56640625	0.06640625	0	conditioned-high-v1	4	149.084	1	0	0	152.833
training	ConditionedQuadratic	37	1.4952380952380953	0.58203125	0.08203125	0	conditioned-low-v1	0	45.081999999999994	0	0	0	152.833
training	ConditionedQuadratic	37	1.4952380952380953	0.58203125	0.08203125	0	conditioned-low-v1	2	117.333	0	0	0	152.833
training	ConditionedQuadratic	37	1.4952380952380953	0.58203125	0.08203125	0	conditioned-low-v1	3	154.292	1	0	0	152.833
training	ConditionedQuadratic	37	1.4952380952380953	0.58203125	0.08203125	0	conditioned-low-v1	4	152.417	1	0	0	152.833
training	ConditionedQuadratic	37	1.4952380952380953	0.58203125	0.08203125	0	conditioned-middle-v1	0	39.332999999999998	0	0	0	152.833
training	ConditionedQuadratic	37	1.4952380952380953	0.58203125	0.08203125	0	conditioned-middle-v1	2	111.625	0	0	0	152.833
training	ConditionedQuadratic	37	1.4952380952380953	0.58203125	0.08203125	0	conditioned-middle-v1	3	146.792	1	0	0	152.833
training	ConditionedQuadratic	37	1.4952380952380953	0.58203125	0.08203125	0	conditioned-middle-v1	4	148.25	1	0	0	152.833
training	ConditionedQuadratic	37	1.4952380952380953	0.58203125	0.08203125	0	conditioned-high-v1	0	41.167000000000002	0	0	0	152.833
training	ConditionedQuadratic	37	1.4952380952380953	0.58203125	0.08203125	0	conditioned-high-v1	2	113.333	0	0	0	152.833
training	ConditionedQuadratic	37	1.4952380952380953	0.58203125	0.08203125	0	conditioned-high-v1	3	148.625	1	0	0	152.833
training	ConditionedQuadratic	37	1.4952380952380953	0.58203125	0.08203125	0	conditioned-high-v1	4	150.334	1	0	0	152.833
training	ConditionedQuadratic	38	1.6261904761904762	0.59765625	0.09765625	0	conditioned-low-v1	0	45.457999999999998	0	0	0	152.375
training	ConditionedQuadratic	38	1.6261904761904762	0.59765625	0.09765625	0	conditioned-low-v1	2	117.374	0	0	0	152.375
training	ConditionedQuadratic	38	1.6261904761904762	0.59765625	0.09765625	0	conditioned-low-v1	3	152.375	1	0	0	152.375
training	ConditionedQuadratic	38	1.6261904761904762	0.59765625	0.09765625	0	conditioned-low-v1	4	154.125	1	0	0	152.375
training	ConditionedQuadratic	38	1.6261904761904762	0.59765625	0.09765625	0	conditioned-middle-v1	0	39.998999999999995	0	0	0	152.375
training	ConditionedQuadratic	38	1.6261904761904762	0.59765625	0.09765625	0	conditioned-middle-v1	2	111.875	0	0	0	152.375
training	ConditionedQuadratic	38	1.6261904761904762	0.59765625	0.09765625	0	conditioned-middle-v1	3	147.542	1	0	0	152.375
training	ConditionedQuadratic	38	1.6261904761904762	0.59765625	0.09765625	0	conditioned-middle-v1	4	147	1	0	0	152.375
training	ConditionedQuadratic	38	1.6261904761904762	0.59765625	0.09765625	0	conditioned-high-v1	0	40.832999999999998	0	0	0	152.375
training	ConditionedQuadratic	38	1.6261904761904762	0.59765625	0.09765625	0	conditioned-high-v1	2	112.91800000000001	0	0	0	152.375
training	ConditionedQuadratic	38	1.6261904761904762	0.59765625	0.09765625	0	conditioned-high-v1	3	148.458	1	0	0	152.375
training	ConditionedQuadratic	38	1.6261904761904762	0.59765625	0.09765625	0	conditioned-high-v1	4	147.833	1	0	0	152.375
training	ConditionedQuadratic	39	1.7571428571428571	0.61328125	0.11328125	0	conditioned-low-v1	0	45.75	0	0	0	152.959
training	ConditionedQuadratic	39	1.7571428571428571	0.61328125	0.11328125	0	conditioned-low-v1	2	117.917	0	0	0	152.959
training	ConditionedQuadratic	39	1.7571428571428571	0.61328125	0.11328125	0	conditioned-low-v1	3	153.041	1	0	0	152.959
training	ConditionedQuadratic	39	1.7571428571428571	0.61328125	0.11328125	0	conditioned-low-v1	4	154.208	1	0	0	152.959
training	ConditionedQuadratic	39	1.7571428571428571	0.61328125	0.11328125	0	conditioned-middle-v1	0	40.540999999999997	0	0	0	152.959
training	ConditionedQuadratic	39	1.7571428571428571	0.61328125	0.11328125	0	conditioned-middle-v1	2	112.75	0	0	0	152.959
training	ConditionedQuadratic	39	1.7571428571428571	0.61328125	0.11328125	0	conditioned-middle-v1	3	147.625	1	0	0	152.959
training	ConditionedQuadratic	39	1.7571428571428571	0.61328125	0.11328125	0	conditioned-middle-v1	4	147.875	1	0	0	152.959
training	ConditionedQuadratic	39	1.7571428571428571	0.61328125	0.11328125	0	conditioned-high-v1	0	40.498999999999995	0	0	0	152.959
training	ConditionedQuadratic	39	1.7571428571428571	0.61328125	0.11328125	0	conditioned-high-v1	2	112.75099999999998	0	0	0	152.959
training	ConditionedQuadratic	39	1.7571428571428571	0.61328125	0.11328125	0	conditioned-high-v1	3	147.667	1	0	0	152.959
training	ConditionedQuadratic	39	1.7571428571428571	0.61328125	0.11328125	0	conditioned-high-v1	4	147.584	1	0	0	152.959
training	ConditionedQuadratic	40	1.888095238095238	0.62890625	0.12890625	0	conditioned-low-v1	0	46.623999999999995	0	0	0	193.875
training	ConditionedQuadratic	40	1.888095238095238	0.62890625	0.12890625	0	conditioned-low-v1	2	118.292	0	0	0	193.875
training	ConditionedQuadratic	40	1.888095238095238	0.62890625	0.12890625	0	conditioned-low-v1	3	153.25	1	0	0	193.875
training	ConditionedQuadratic	40	1.888095238095238	0.62890625	0.12890625	0	conditioned-low-v1	4	153	1	0	0	193.875
training	ConditionedQuadratic	40	1.888095238095238	0.62890625	0.12890625	0	conditioned-middle-v1	0	41.625	0	0	0	193.875
training	ConditionedQuadratic	40	1.888095238095238	0.62890625	0.12890625	0	conditioned-middle-v1	2	113.501	0	0	0	193.875
training	ConditionedQuadratic	40	1.888095238095238	0.62890625	0.12890625	0	conditioned-middle-v1	3	148.375	1	0	0	193.875
training	ConditionedQuadratic	40	1.888095238095238	0.62890625	0.12890625	0	conditioned-middle-v1	4	150	1	0	0	193.875
training	ConditionedQuadratic	40	1.888095238095238	0.62890625	0.12890625	0	conditioned-high-v1	0	40.290999999999997	0	0	0	193.875
training	ConditionedQuadratic	40	1.888095238095238	0.62890625	0.12890625	0	conditioned-high-v1	2	112.25000000000003	0	0	0	193.875
training	ConditionedQuadratic	40	1.888095238095238	0.62890625	0.12890625	0	conditioned-high-v1	3	149.334	1	0	0	193.875
training	ConditionedQuadratic	40	1.888095238095238	0.62890625	0.12890625	0	conditioned-high-v1	4	147.334	1	0	0	193.875
training	ConditionedQuadratic	41	1.2571428571428571	0.64453125	0.14453125	0	conditioned-low-v1	0	46.956999999999994	0	0	0	152.875
training	ConditionedQuadratic	41	1.2571428571428571	0.64453125	0.14453125	0	conditioned-low-v1	2	120.084	0	0	0	152.875
training	ConditionedQuadratic	41	1.2571428571428571	0.64453125	0.14453125	0	conditioned-low-v1	3	153.666	1	0	0	152.875
training	ConditionedQuadratic	41	1.2571428571428571	0.64453125	0.14453125	0	conditioned-low-v1	4	154.625	1	0	0	152.875
training	ConditionedQuadratic	41	1.2571428571428571	0.64453125	0.14453125	0	conditioned-middle-v1	0	41.875	0	0	0	152.875
training	ConditionedQuadratic	41	1.2571428571428571	0.64453125	0.14453125	0	conditioned-middle-v1	2	114.08300000000003	0	0	0	152.875
training	ConditionedQuadratic	41	1.2571428571428571	0.64453125	0.14453125	0	conditioned-middle-v1	3	149.25	1	0	0	152.875
training	ConditionedQuadratic	41	1.2571428571428571	0.64453125	0.14453125	0	conditioned-middle-v1	4	148.584	1	0	0	152.875
training	ConditionedQuadratic	41	1.2571428571428571	0.64453125	0.14453125	0	conditioned-high-v1	0	39.832999999999998	0	0	0	152.875
training	ConditionedQuadratic	41	1.2571428571428571	0.64453125	0.14453125	0	conditioned-high-v1	2	111.79100000000003	0	0	0	152.875
training	ConditionedQuadratic	41	1.2571428571428571	0.64453125	0.14453125	0	conditioned-high-v1	3	147.75	1	0	0	152.875
training	ConditionedQuadratic	41	1.2571428571428571	0.64453125	0.14453125	0	conditioned-high-v1	4	147.25	1	0	0	152.875
training	ConditionedQuadratic	42	1.388095238095238	0.66015625	0.16015625	0	conditioned-low-v1	0	46.917000000000002	0	0	0	152.833
training	ConditionedQuadratic	42	1.388095238095238	0.66015625	0.16015625	0	conditioned-low-v1	2	120.41800000000001	0	0	0	152.833
training	ConditionedQuadratic	42	1.388095238095238	0.66015625	0.16015625	0	conditioned-low-v1	3	155.75	1	0	0	152.833
training	ConditionedQuadratic	42	1.388095238095238	0.66015625	0.16015625	0	conditioned-low-v1	4	153.667	1	0	0	152.833
training	ConditionedQuadratic	42	1.388095238095238	0.66015625	0.16015625	0	conditioned-middle-v1	0	42.540999999999997	0	0	0	152.833
training	ConditionedQuadratic	42	1.388095238095238	0.66015625	0.16015625	0	conditioned-middle-v1	2	114.79199999999997	0	0	0	152.833
training	ConditionedQuadratic	42	1.388095238095238	0.66015625	0.16015625	0	conditioned-middle-v1	3	149.542	1	0	0	152.833
training	ConditionedQuadratic	42	1.388095238095238	0.66015625	0.16015625	0	conditioned-middle-v1	4	149.458	1	0	0	152.833
training	ConditionedQuadratic	42	1.388095238095238	0.66015625	0.16015625	0	conditioned-high-v1	0	39.707999999999998	0	0	0	152.833
training	ConditionedQuadratic	42	1.388095238095238	0.66015625	0.16015625	0	conditioned-high-v1	2	111.58300000000003	0	0	0	152.833
training	ConditionedQuadratic	42	1.388095238095238	0.66015625	0.16015625	0	conditioned-high-v1	3	146.666	1	0	0	152.833
training	ConditionedQuadratic	42	1.388095238095238	0.66015625	0.16015625	0	conditioned-high-v1	4	146.542	1	0	0	152.833
training	ConditionedQuadratic	43	1.519047619047619	0.67578125	0.17578125	0	conditioned-low-v1	0	47.332999999999998	0	0	0	152.584
training	ConditionedQuadratic	43	1.519047619047619	0.67578125	0.17578125	0	conditioned-low-v1	2	119.25	0	0	0	152.584
training	ConditionedQuadratic	43	1.519047619047619	0.67578125	0.17578125	0	conditioned-low-v1	3	154.25	1	0	0	152.584
training	ConditionedQuadratic	43	1.519047619047619	0.67578125	0.17578125	0	conditioned-low-v1	4	154.25	1	0	0	152.584
training	ConditionedQuadratic	43	1.519047619047619	0.67578125	0.17578125	0	conditioned-middle-v1	0	43.25	0	0	0	152.584
training	ConditionedQuadratic	43	1.519047619047619	0.67578125	0.17578125	0	conditioned-middle-v1	2	115.29199999999997	0	0	0	152.584
training	ConditionedQuadratic	43	1.519047619047619	0.67578125	0.17578125	0	conditioned-middle-v1	3	151.5	1	0	0	152.584
training	ConditionedQuadratic	43	1.519047619047619	0.67578125	0.17578125	0	conditioned-middle-v1	4	152.292	1	0	0	152.584
training	ConditionedQuadratic	43	1.519047619047619	0.67578125	0.17578125	0	conditioned-high-v1	0	39.251000000000005	0	0	0	152.584
training	ConditionedQuadratic	43	1.519047619047619	0.67578125	0.17578125	0	conditioned-high-v1	2	111.708	0	0	0	152.584
training	ConditionedQuadratic	43	1.519047619047619	0.67578125	0.17578125	0	conditioned-high-v1	3	148.209	1	0	0	152.584
training	ConditionedQuadratic	43	1.519047619047619	0.67578125	0.17578125	0	conditioned-high-v1	4	147.166	1	0	0	152.584
training	ConditionedQuadratic	44	1.6499999999999999	0.69140625	0.19140625	0	conditioned-low-v1	0	47.792000000000002	0	0	0	152.542
training	ConditionedQuadratic	44	1.6499999999999999	0.69140625	0.19140625	0	conditioned-low-v1	2	119.83300000000003	0	0	0	152.542
training	ConditionedQuadratic	44	1.6499999999999999	0.69140625	0.19140625	0	conditioned-low-v1	3	155	1	0	0	152.542
training	ConditionedQuadratic	44	1.6499999999999999	0.69140625	0.19140625	0	conditioned-low-v1	4	155.791	1	0	0	152.542
training	ConditionedQuadratic	44	1.6499999999999999	0.69140625	0.19140625	0	conditioned-middle-v1	0	44	0	0	0	152.542
training	ConditionedQuadratic	44	1.6499999999999999	0.69140625	0.19140625	0	conditioned-middle-v1	2	117.58300000000003	0	0	0	152.542
training	ConditionedQuadratic	44	1.6499999999999999	0.69140625	0.19140625	0	conditioned-middle-v1	3	151.334	1	0	0	152.542
training	ConditionedQuadratic	44	1.6499999999999999	0.69140625	0.19140625	0	conditioned-middle-v1	4	150.625	1	0	0	152.542
training	ConditionedQuadratic	44	1.6499999999999999	0.69140625	0.19140625	0	conditioned-high-v1	0	38.915999999999997	0	0	0	152.542
training	ConditionedQuadratic	44	1.6499999999999999	0.69140625	0.19140625	0	conditioned-high-v1	2	110.95800000000003	0	0	0	152.542
training	ConditionedQuadratic	44	1.6499999999999999	0.69140625	0.19140625	0	conditioned-high-v1	3	146.291	1	0	0	152.542
training	ConditionedQuadratic	44	1.6499999999999999	0.69140625	0.19140625	0	conditioned-high-v1	4	146.167	1	0	0	152.542
training	ConditionedQuadratic	45	1.7809523809523808	0.70703125	0.20703125	0	conditioned-low-v1	0	48.207999999999998	0	0	0	190
training	ConditionedQuadratic	45	1.7809523809523808	0.70703125	0.20703125	0	conditioned-low-v1	2	119.959	0	0	0	190
training	ConditionedQuadratic	45	1.7809523809523808	0.70703125	0.20703125	0	conditioned-low-v1	3	155.25	1	0	0	190
training	ConditionedQuadratic	45	1.7809523809523808	0.70703125	0.20703125	0	conditioned-low-v1	4	156.917	1	0	0	190
training	ConditionedQuadratic	45	1.7809523809523808	0.70703125	0.20703125	0	conditioned-middle-v1	0	44.75	0	0	0	190
training	ConditionedQuadratic	45	1.7809523809523808	0.70703125	0.20703125	0	conditioned-middle-v1	2	116.542	0	0	0	190
training	ConditionedQuadratic	45	1.7809523809523808	0.70703125	0.20703125	0	conditioned-middle-v1	3	151.583	1	0	0	190
training	ConditionedQuadratic	45	1.7809523809523808	0.70703125	0.20703125	0	conditioned-middle-v1	4	153.625	1	0	0	190
training	ConditionedQuadratic	45	1.7809523809523808	0.70703125	0.20703125	0	conditioned-high-v1	0	38.625	0	0	0	190
training	ConditionedQuadratic	45	1.7809523809523808	0.70703125	0.20703125	0	conditioned-high-v1	2	110.70899999999997	0	0	0	190
training	ConditionedQuadratic	45	1.7809523809523808	0.70703125	0.20703125	0	conditioned-high-v1	3	147.792	1	0	0	190
training	ConditionedQuadratic	45	1.7809523809523808	0.70703125	0.20703125	0	conditioned-high-v1	4	145.708	1	0	0	190
training	ConditionedQuadratic	46	1.1499999999999999	0.72265625	0.22265625	0	conditioned-low-v1	0	48.709000000000003	0	0	0	117.542
training	ConditionedQuadratic	46	1.1499999999999999	0.72265625	0.22265625	0	conditioned-low-v1	2	120.375	0	0	0	117.542
training	ConditionedQuadratic	46	1.1499999999999999	0.72265625	0.22265625	0	conditioned-low-v1	3	155.333	1	0	0	117.542
training	ConditionedQuadratic	46	1.1499999999999999	0.72265625	0.22265625	0	conditioned-low-v1	4	155.333	1	0	0	117.542
training	ConditionedQuadratic	46	1.1499999999999999	0.72265625	0.22265625	0	conditioned-middle-v1	0	45.417000000000002	0	0	0	117.542
training	ConditionedQuadratic	46	1.1499999999999999	0.72265625	0.22265625	0	conditioned-middle-v1	2	117.375	0	0	0	117.542
training	ConditionedQuadratic	46	1.1499999999999999	0.72265625	0.22265625	0	conditioned-middle-v1	3	152.625	1	0	0	117.542
training	ConditionedQuadratic	46	1.1499999999999999	0.72265625	0.22265625	0	conditioned-middle-v1	4	152.25	1	0	0	117.542
training	ConditionedQuadratic	46	1.1499999999999999	0.72265625	0.22265625	0	conditioned-high-v1	0	38.209000000000003	0	0	0	117.542
training	ConditionedQuadratic	46	1.1499999999999999	0.72265625	0.22265625	0	conditioned-high-v1	2	110.167	0	0	0	117.542
training	ConditionedQuadratic	46	1.1499999999999999	0.72265625	0.22265625	0	conditioned-high-v1	3	145.625	1	0	0	117.542
training	ConditionedQuadratic	46	1.1499999999999999	0.72265625	0.22265625	0	conditioned-high-v1	4	144.875	1	0	0	117.542
training	ConditionedQuadratic	47	1.2809523809523808	0.73828125	0.23828125	0	conditioned-low-v1	0	48.875	0	0	0	152.791
training	ConditionedQuadratic	47	1.2809523809523808	0.73828125	0.23828125	0	conditioned-low-v1	2	122.209	0	0	0	152.791
training	ConditionedQuadratic	47	1.2809523809523808	0.73828125	0.23828125	0	conditioned-low-v1	3	155.708	1	0	0	152.791
training	ConditionedQuadratic	47	1.2809523809523808	0.73828125	0.23828125	0	conditioned-low-v1	4	155.667	1	0	0	152.791
training	ConditionedQuadratic	47	1.2809523809523808	0.73828125	0.23828125	0	conditioned-middle-v1	0	46.251000000000005	0	0	0	152.791
training	ConditionedQuadratic	47	1.2809523809523808	0.73828125	0.23828125	0	conditioned-middle-v1	2	118.167	0	0	0	152.791
training	ConditionedQuadratic	47	1.2809523809523808	0.73828125	0.23828125	0	conditioned-middle-v1	3	153.958	1	0	0	152.791
training	ConditionedQuadratic	47	1.2809523809523808	0.73828125	0.23828125	0	conditioned-middle-v1	4	153.209	1	0	0	152.791
training	ConditionedQuadratic	47	1.2809523809523808	0.73828125	0.23828125	0	conditioned-high-v1	0	38.040999999999997	0	0	0	152.791
training	ConditionedQuadratic	47	1.2809523809523808	0.73828125	0.23828125	0	conditioned-high-v1	2	110.04200000000003	0	0	0	152.791
training	ConditionedQuadratic	47	1.2809523809523808	0.73828125	0.23828125	0	conditioned-high-v1	3	145.166	1	0	0	152.791
training	ConditionedQuadratic	47	1.2809523809523808	0.73828125	0.23828125	0	conditioned-high-v1	4	146.917	1	0	0	152.791
training	ConditionedQuadratic	48	1.4119047619047618	0.75390625	0.25390625	0	conditioned-low-v1	0	49.375	0	0	0	152.25
training	ConditionedQuadratic	48	1.4119047619047618	0.75390625	0.25390625	0	conditioned-low-v1	2	121.20800000000003	0	0	0	152.25
training	ConditionedQuadratic	48	1.4119047619047618	0.75390625	0.25390625	0	conditioned-low-v1	3	156.041	1	0	0	152.25
training	ConditionedQuadratic	48	1.4119047619047618	0.75390625	0.25390625	0	conditioned-low-v1	4	155.917	1	0	0	152.25
training	ConditionedQuadratic	48	1.4119047619047618	0.75390625	0.25390625	0	conditioned-middle-v1	0	47.001000000000005	0	0	0	152.25
training	ConditionedQuadratic	48	1.4119047619047618	0.75390625	0.25390625	0	conditioned-middle-v1	2	118.708	0	0	0	152.25
training	ConditionedQuadratic	48	1.4119047619047618	0.75390625	0.25390625	0	conditioned-middle-v1	3	153.833	1	0	0	152.25
training	ConditionedQuadratic	48	1.4119047619047618	0.75390625	0.25390625	0	conditioned-middle-v1	4	155.666	1	0	0	152.25
training	ConditionedQuadratic	48	1.4119047619047618	0.75390625	0.25390625	0	conditioned-high-v1	0	37.834000000000003	0	0	0	152.25
training	ConditionedQuadratic	48	1.4119047619047618	0.75390625	0.25390625	0	conditioned-high-v1	2	109.83299999999997	0	0	0	152.25
training	ConditionedQuadratic	48	1.4119047619047618	0.75390625	0.25390625	0	conditioned-high-v1	3	144.916	1	0	0	152.25
training	ConditionedQuadratic	48	1.4119047619047618	0.75390625	0.25390625	0	conditioned-high-v1	4	146.084	1	0	0	152.25
training	ConditionedQuadratic	49	1.5428571428571427	0.76953125	0.26953125	0	conditioned-low-v1	0	49.957999999999998	0	0	0	152.792
training	ConditionedQuadratic	49	1.5428571428571427	0.76953125	0.26953125	0	conditioned-low-v1	2	121.79199999999997	0	0	0	152.792
training	ConditionedQuadratic	49	1.5428571428571427	0.76953125	0.26953125	0	conditioned-low-v1	3	156.917	1	0	0	152.792
training	ConditionedQuadratic	49	1.5428571428571427	0.76953125	0.26953125	0	conditioned-low-v1	4	156.083	1	0	0	152.792
training	ConditionedQuadratic	49	1.5428571428571427	0.76953125	0.26953125	0	conditioned-middle-v1	0	47.748999999999995	0	0	0	152.792
training	ConditionedQuadratic	49	1.5428571428571427	0.76953125	0.26953125	0	conditioned-middle-v1	2	119.75	0	0	0	152.792
training	ConditionedQuadratic	49	1.5428571428571427	0.76953125	0.26953125	0	conditioned-middle-v1	3	154.75	1	0	0	152.792
training	ConditionedQuadratic	49	1.5428571428571427	0.76953125	0.26953125	0	conditioned-middle-v1	4	154.708	1	0	0	152.792
training	ConditionedQuadratic	49	1.5428571428571427	0.76953125	0.26953125	0	conditioned-high-v1	0	37.5	0	0	0	152.792
training	ConditionedQuadratic	49	1.5428571428571427	0.76953125	0.26953125	0	conditioned-high-v1	2	109.209	0	0	0	152.792
training	ConditionedQuadratic	49	1.5428571428571427	0.76953125	0.26953125	0	conditioned-high-v1	3	144.75	1	0	0	152.792
training	ConditionedQuadratic	49	1.5428571428571427	0.76953125	0.26953125	0	conditioned-high-v1	4	144.708	1	0	0	152.792
training	ConditionedQuadratic	50	1.6738095238095236	0.78515625	0.28515625	0	conditioned-low-v1	0	50.332999999999998	0	0	0	152.25
training	ConditionedQuadratic	50	1.6738095238095236	0.78515625	0.28515625	0	conditioned-low-v1	2	123	0	0	0	152.25
training	ConditionedQuadratic	50	1.6738095238095236	0.78515625	0.28515625	0	conditioned-low-v1	3	158.625	1	0	0	152.25
training	ConditionedQuadratic	50	1.6738095238095236	0.78515625	0.28515625	0	conditioned-low-v1	4	156.458	1	0	0	152.25
training	ConditionedQuadratic	50	1.6738095238095236	0.78515625	0.28515625	0	conditioned-middle-v1	0	48.542000000000002	0	0	0	152.25
training	ConditionedQuadratic	50	1.6738095238095236	0.78515625	0.28515625	0	conditioned-middle-v1	2	121.91699999999997	0	0	0	152.25
training	ConditionedQuadratic	50	1.6738095238095236	0.78515625	0.28515625	0	conditioned-middle-v1	3	156.917	1	0	0	152.25
training	ConditionedQuadratic	50	1.6738095238095236	0.78515625	0.28515625	0	conditioned-middle-v1	4	155.333	1	0	0	152.25
training	ConditionedQuadratic	50	1.6738095238095236	0.78515625	0.28515625	0	conditioned-high-v1	0	37.167000000000002	0	0	0	152.25
training	ConditionedQuadratic	50	1.6738095238095236	0.78515625	0.28515625	0	conditioned-high-v1	2	108.791	0	0	0	152.25
training	ConditionedQuadratic	50	1.6738095238095236	0.78515625	0.28515625	0	conditioned-high-v1	3	144.167	1	0	0	152.25
training	ConditionedQuadratic	50	1.6738095238095236	0.78515625	0.28515625	0	conditioned-high-v1	4	143.5	1	0	0	152.25
training	ConditionedQuadratic	51	1.8047619047619046	0.80078125	0.30078125	0	conditioned-low-v1	0	50.707999999999998	0	0	0	189.5
training	ConditionedQuadratic	51	1.8047619047619046	0.80078125	0.30078125	0	conditioned-low-v1	2	122.45899999999997	0	0	0	189.5
training	ConditionedQuadratic	51	1.8047619047619046	0.80078125	0.30078125	0	conditioned-low-v1	3	157.292	1	0	0	189.5
training	ConditionedQuadratic	51	1.8047619047619046	0.80078125	0.30078125	0	conditioned-low-v1	4	158.625	1	0	0	189.5
training	ConditionedQuadratic	51	1.8047619047619046	0.80078125	0.30078125	0	conditioned-middle-v1	0	49.542000000000002	0	0	0	189.5
training	ConditionedQuadratic	51	1.8047619047619046	0.80078125	0.30078125	0	conditioned-middle-v1	2	121.5	0	0	0	189.5
training	ConditionedQuadratic	51	1.8047619047619046	0.80078125	0.30078125	0	conditioned-middle-v1	3	158.25	1	0	0	189.5
training	ConditionedQuadratic	51	1.8047619047619046	0.80078125	0.30078125	0	conditioned-middle-v1	4	156.042	1	0	0	189.5
training	ConditionedQuadratic	51	1.8047619047619046	0.80078125	0.30078125	0	conditioned-high-v1	0	37	0	0	0	189.5
training	ConditionedQuadratic	51	1.8047619047619046	0.80078125	0.30078125	0	conditioned-high-v1	2	109.291	0	0	0	189.5
training	ConditionedQuadratic	51	1.8047619047619046	0.80078125	0.30078125	0	conditioned-high-v1	3	143.959	1	0	0	189.5
training	ConditionedQuadratic	51	1.8047619047619046	0.80078125	0.30078125	0	conditioned-high-v1	4	145.959	1	0	0	189.5
training	ConditionedQuadratic	52	1.1738095238095236	0.81640625	0.31640625	0	conditioned-low-v1	0	51.167000000000002	0	0	0	117.542
training	ConditionedQuadratic	52	1.1738095238095236	0.81640625	0.31640625	0	conditioned-low-v1	2	122.791	0	0	0	117.542
training	ConditionedQuadratic	52	1.1738095238095236	0.81640625	0.31640625	0	conditioned-low-v1	3	159.458	1	0	0	117.542
training	ConditionedQuadratic	52	1.1738095238095236	0.81640625	0.31640625	0	conditioned-low-v1	4	157.375	1	0	0	117.542
training	ConditionedQuadratic	52	1.1738095238095236	0.81640625	0.31640625	0	conditioned-middle-v1	0	50.375	0	0	0	117.542
training	ConditionedQuadratic	52	1.1738095238095236	0.81640625	0.31640625	0	conditioned-middle-v1	2	122.042	0	0	0	117.542
training	ConditionedQuadratic	52	1.1738095238095236	0.81640625	0.31640625	0	conditioned-middle-v1	3	159.416	1	0	0	117.542
training	ConditionedQuadratic	52	1.1738095238095236	0.81640625	0.31640625	0	conditioned-middle-v1	4	157.416	1	0	0	117.542
training	ConditionedQuadratic	52	1.1738095238095236	0.81640625	0.31640625	0	conditioned-high-v1	0	36.582999999999998	0	0	0	117.542
training	ConditionedQuadratic	52	1.1738095238095236	0.81640625	0.31640625	0	conditioned-high-v1	2	108.291	0	0	0	117.542
training	ConditionedQuadratic	52	1.1738095238095236	0.81640625	0.31640625	0	conditioned-high-v1	3	143.083	1	0	0	117.542
training	ConditionedQuadratic	52	1.1738095238095236	0.81640625	0.31640625	0	conditioned-high-v1	4	143.167	1	0	0	117.542
training	ConditionedQuadratic	53	1.3047619047619046	0.83203125	0.33203125	0	conditioned-low-v1	0	51.415999999999997	0	0	0	151.834
training	ConditionedQuadratic	53	1.3047619047619046	0.83203125	0.33203125	0	conditioned-low-v1	2	123.167	0	0	0	151.834
training	ConditionedQuadratic	53	1.3047619047619046	0.83203125	0.33203125	0	conditioned-low-v1	3	157.75	1	0	0	151.834
training	ConditionedQuadratic	53	1.3047619047619046	0.83203125	0.33203125	0	conditioned-low-v1	4	157.958	1	0	0	151.834
training	ConditionedQuadratic	53	1.3047619047619046	0.83203125	0.33203125	0	conditioned-middle-v1	0	51.209000000000003	0	0	0	151.834
training	ConditionedQuadratic	53	1.3047619047619046	0.83203125	0.33203125	0	conditioned-middle-v1	2	123.125	0	0	0	151.834
training	ConditionedQuadratic	53	1.3047619047619046	0.83203125	0.33203125	0	conditioned-middle-v1	3	158.083	1	0	0	151.834
training	ConditionedQuadratic	53	1.3047619047619046	0.83203125	0.33203125	0	conditioned-middle-v1	4	157.542	1	0	0	151.834
training	ConditionedQuadratic	53	1.3047619047619046	0.83203125	0.33203125	0	conditioned-high-v1	0	36.334000000000003	0	0	0	151.834
training	ConditionedQuadratic	53	1.3047619047619046	0.83203125	0.33203125	0	conditioned-high-v1	2	108.33199999999999	0	0	0	151.834
training	ConditionedQuadratic	53	1.3047619047619046	0.83203125	0.33203125	0	conditioned-high-v1	3	145.083	1	0	0	151.834
training	ConditionedQuadratic	53	1.3047619047619046	0.83203125	0.33203125	0	conditioned-high-v1	4	142.541	1	0	0	151.834
training	ConditionedQuadratic	54	1.4357142857142855	0.84765625	0.34765625	0	conditioned-low-v1	0	51.957999999999998	0	0	0	152.042
training	ConditionedQuadratic	54	1.4357142857142855	0.84765625	0.34765625	0	conditioned-low-v1	2	123.54200000000003	0	0	0	152.042
training	ConditionedQuadratic	54	1.4357142857142855	0.84765625	0.34765625	0	conditioned-low-v1	3	160.125	1	0	0	152.042
training	ConditionedQuadratic	54	1.4357142857142855	0.84765625	0.34765625	0	conditioned-low-v1	4	157.791	1	0	0	152.042
training	ConditionedQuadratic	54	1.4357142857142855	0.84765625	0.34765625	0	conditioned-middle-v1	0	51.915999999999997	0	0	0	152.042
training	ConditionedQuadratic	54	1.4357142857142855	0.84765625	0.34765625	0	conditioned-middle-v1	2	123.458	0	0	0	152.042
training	ConditionedQuadratic	54	1.4357142857142855	0.84765625	0.34765625	0	conditioned-middle-v1	3	159.042	1	0	0	152.042
training	ConditionedQuadratic	54	1.4357142857142855	0.84765625	0.34765625	0	conditioned-middle-v1	4	158.75	1	0	0	152.042
training	ConditionedQuadratic	54	1.4357142857142855	0.84765625	0.34765625	0	conditioned-high-v1	0	35.917000000000002	0	0	0	152.042
training	ConditionedQuadratic	54	1.4357142857142855	0.84765625	0.34765625	0	conditioned-high-v1	2	107.791	0	0	0	152.042
training	ConditionedQuadratic	54	1.4357142857142855	0.84765625	0.34765625	0	conditioned-high-v1	3	142.792	1	0	0	152.042
training	ConditionedQuadratic	54	1.4357142857142855	0.84765625	0.34765625	0	conditioned-high-v1	4	142.833	1	0	0	152.042
training	ConditionedQuadratic	55	1.5666666666666667	0.86328125	0.36328125	0	conditioned-low-v1	0	52.332999999999998	0	0	0	153.166
training	ConditionedQuadratic	55	1.5666666666666667	0.86328125	0.36328125	0	conditioned-low-v1	2	124.042	0	0	0	153.166
training	ConditionedQuadratic	55	1.5666666666666667	0.86328125	0.36328125	0	conditioned-low-v1	3	159.5	1	0	0	153.166
training	ConditionedQuadratic	55	1.5666666666666667	0.86328125	0.36328125	0	conditioned-low-v1	4	158.959	1	0	0	153.166
training	ConditionedQuadratic	55	1.5666666666666667	0.86328125	0.36328125	0	conditioned-middle-v1	0	52.875	0	0	0	153.166
training	ConditionedQuadratic	55	1.5666666666666667	0.86328125	0.36328125	0	conditioned-middle-v1	2	124.66800000000001	0	0	0	153.166
training	ConditionedQuadratic	55	1.5666666666666667	0.86328125	0.36328125	0	conditioned-middle-v1	3	159.584	1	0	0	153.166
training	ConditionedQuadratic	55	1.5666666666666667	0.86328125	0.36328125	0	conditioned-middle-v1	4	160.292	1	0	0	153.166
training	ConditionedQuadratic	55	1.5666666666666667	0.86328125	0.36328125	0	conditioned-high-v1	0	35.832999999999998	0	0	0	153.166
training	ConditionedQuadratic	55	1.5666666666666667	0.86328125	0.36328125	0	conditioned-high-v1	2	105.875	1	0	0	153.166
training	ConditionedQuadratic	55	1.5666666666666667	0.86328125	0.36328125	0	conditioned-high-v1	3	105.708	1	0	0	153.166
training	ConditionedQuadratic	55	1.5666666666666667	0.86328125	0.36328125	0	conditioned-high-v1	4	107.125	1	0	0	153.166
training	ConditionedQuadratic	56	1.6976190476190476	0.87890625	0.37890625	0	conditioned-low-v1	0	53	0	0	0	152.042
training	ConditionedQuadratic	56	1.6976190476190476	0.87890625	0.37890625	0	conditioned-low-v1	2	125.167	0	0	0	152.042
training	ConditionedQuadratic	56	1.6976190476190476	0.87890625	0.37890625	0	conditioned-low-v1	3	160.042	1	0	0	152.042
training	ConditionedQuadratic	56	1.6976190476190476	0.87890625	0.37890625	0	conditioned-low-v1	4	159.791	1	0	0	152.042
training	ConditionedQuadratic	56	1.6976190476190476	0.87890625	0.37890625	0	conditioned-middle-v1	0	53.876000000000005	0	0	0	152.042
training	ConditionedQuadratic	56	1.6976190476190476	0.87890625	0.37890625	0	conditioned-middle-v1	2	127.79199999999997	0	0	0	152.042
training	ConditionedQuadratic	56	1.6976190476190476	0.87890625	0.37890625	0	conditioned-middle-v1	3	161.334	1	0	0	152.042
training	ConditionedQuadratic	56	1.6976190476190476	0.87890625	0.37890625	0	conditioned-middle-v1	4	160.834	1	0	0	152.042
training	ConditionedQuadratic	56	1.6976190476190476	0.87890625	0.37890625	0	conditioned-high-v1	0	35.75	0	0	0	152.042
training	ConditionedQuadratic	56	1.6976190476190476	0.87890625	0.37890625	0	conditioned-high-v1	2	106.542	1	0	0	152.042
training	ConditionedQuadratic	56	1.6976190476190476	0.87890625	0.37890625	0	conditioned-high-v1	3	105.084	1	0	0	152.042
training	ConditionedQuadratic	56	1.6976190476190476	0.87890625	0.37890625	0	conditioned-high-v1	4	105.25	1	0	0	152.042
training	ConditionedQuadratic	57	1.8285714285714285	0.89453125	0.39453125	0	conditioned-low-v1	0	53.457999999999998	0	0	0	193
training	ConditionedQuadratic	57	1.8285714285714285	0.89453125	0.39453125	0	conditioned-low-v1	2	126.04200000000003	0	0	0	193
training	ConditionedQuadratic	57	1.8285714285714285	0.89453125	0.39453125	0	conditioned-low-v1	3	160.042	1	0	0	193
training	ConditionedQuadratic	57	1.8285714285714285	0.89453125	0.39453125	0	conditioned-low-v1	4	161.917	1	0	0	193
training	ConditionedQuadratic	57	1.8285714285714285	0.89453125	0.39453125	0	conditioned-middle-v1	0	55	0	0	0	193
training	ConditionedQuadratic	57	1.8285714285714285	0.89453125	0.39453125	0	conditioned-middle-v1	2	126.541	0	0	0	193
training	ConditionedQuadratic	57	1.8285714285714285	0.89453125	0.39453125	0	conditioned-middle-v1	3	161.458	1	0	0	193
training	ConditionedQuadratic	57	1.8285714285714285	0.89453125	0.39453125	0	conditioned-middle-v1	4	166.958	1	0	0	193
training	ConditionedQuadratic	57	1.8285714285714285	0.89453125	0.39453125	0	conditioned-high-v1	0	36.792000000000002	0	0	0	193
training	ConditionedQuadratic	57	1.8285714285714285	0.89453125	0.39453125	0	conditioned-high-v1	2	107.458	1	0	0	193
training	ConditionedQuadratic	57	1.8285714285714285	0.89453125	0.39453125	0	conditioned-high-v1	3	106.875	1	0	0	193
training	ConditionedQuadratic	57	1.8285714285714285	0.89453125	0.39453125	0	conditioned-high-v1	4	106.75	1	0	0	193
training	ConditionedQuadratic	58	1.1976190476190476	0.91015625	0.41015625	0	conditioned-low-v1	0	54.457999999999998	0	0	0	154.667
training	ConditionedQuadratic	58	1.1976190476190476	0.91015625	0.41015625	0	conditioned-low-v1	2	127.584	0	0	0	154.667
training	ConditionedQuadratic	58	1.1976190476190476	0.91015625	0.41015625	0	conditioned-low-v1	3	162.834	1	0	0	154.667
training	ConditionedQuadratic	58	1.1976190476190476	0.91015625	0.41015625	0	conditioned-low-v1	4	162.625	1	0	0	154.667
training	ConditionedQuadratic	58	1.1976190476190476	0.91015625	0.41015625	0	conditioned-middle-v1	0	56.5	0	0	0	154.667
training	ConditionedQuadratic	58	1.1976190476190476	0.91015625	0.41015625	0	conditioned-middle-v1	2	129.209	0	0	0	154.667
training	ConditionedQuadratic	58	1.1976190476190476	0.91015625	0.41015625	0	conditioned-middle-v1	3	164.416	1	0	0	154.667
training	ConditionedQuadratic	58	1.1976190476190476	0.91015625	0.41015625	0	conditioned-middle-v1	4	164.083	1	0	0	154.667
training	ConditionedQuadratic	58	1.1976190476190476	0.91015625	0.41015625	0	conditioned-high-v1	0	33.040999999999997	1	0	0	154.667
training	ConditionedQuadratic	58	1.1976190476190476	0.91015625	0.41015625	0	conditioned-high-v1	2	33.082999999999998	1	0	0	154.667
training	ConditionedQuadratic	58	1.1976190476190476	0.91015625	0.41015625	0	conditioned-high-v1	3	32.917000000000002	1	0	0	154.667
training	ConditionedQuadratic	58	1.1976190476190476	0.91015625	0.41015625	0	conditioned-high-v1	4	33	1	0	0	154.667
training	ConditionedQuadratic	59	1.3285714285714285	0.92578125	0.42578125	0	conditioned-low-v1	0	54.834000000000003	0	0	0	154.792
training	ConditionedQuadratic	59	1.3285714285714285	0.92578125	0.42578125	0	conditioned-low-v1	2	127.417	0	0	0	154.792
training	ConditionedQuadratic	59	1.3285714285714285	0.92578125	0.42578125	0	conditioned-low-v1	3	163.208	1	0	0	154.792
training	ConditionedQuadratic	59	1.3285714285714285	0.92578125	0.42578125	0	conditioned-low-v1	4	162.208	1	0	0	154.792
training	ConditionedQuadratic	59	1.3285714285714285	0.92578125	0.42578125	0	conditioned-middle-v1	0	57.375	0	0	0	154.792
training	ConditionedQuadratic	59	1.3285714285714285	0.92578125	0.42578125	0	conditioned-middle-v1	2	130	0	0	0	154.792
training	ConditionedQuadratic	59	1.3285714285714285	0.92578125	0.42578125	0	conditioned-middle-v1	3	165.291	1	0	0	154.792
training	ConditionedQuadratic	59	1.3285714285714285	0.92578125	0.42578125	0	conditioned-middle-v1	4	165.542	1	0	0	154.792
training	ConditionedQuadratic	59	1.3285714285714285	0.92578125	0.42578125	0	conditioned-high-v1	0	32.75	1	0	0	154.792
training	ConditionedQuadratic	59	1.3285714285714285	0.92578125	0.42578125	0	conditioned-high-v1	2	32.875	1	0	0	154.792
training	ConditionedQuadratic	59	1.3285714285714285	0.92578125	0.42578125	0	conditioned-high-v1	3	32.625	1	0	0	154.792
training	ConditionedQuadratic	59	1.3285714285714285	0.92578125	0.42578125	0	conditioned-high-v1	4	32.707999999999998	1	0	0	154.792
training	ConditionedQuadratic	60	1.4595238095238094	0.94140625	0.44140625	0	conditioned-low-v1	0	55.165999999999997	0	0	0	154.541
training	ConditionedQuadratic	60	1.4595238095238094	0.94140625	0.44140625	0	conditioned-low-v1	2	127.79100000000003	0	0	0	154.541
training	ConditionedQuadratic	60	1.4595238095238094	0.94140625	0.44140625	0	conditioned-low-v1	3	163.125	1	0	0	154.541
training	ConditionedQuadratic	60	1.4595238095238094	0.94140625	0.44140625	0	conditioned-low-v1	4	162.917	1	0	0	154.541
training	ConditionedQuadratic	60	1.4595238095238094	0.94140625	0.44140625	0	conditioned-middle-v1	0	58.332999999999998	0	0	0	154.541
training	ConditionedQuadratic	60	1.4595238095238094	0.94140625	0.44140625	0	conditioned-middle-v1	2	131.542	0	0	0	154.541
training	ConditionedQuadratic	60	1.4595238095238094	0.94140625	0.44140625	0	conditioned-middle-v1	3	166.584	1	0	0	154.541
training	ConditionedQuadratic	60	1.4595238095238094	0.94140625	0.44140625	0	conditioned-middle-v1	4	166.208	1	0	0	154.541
training	ConditionedQuadratic	60	1.4595238095238094	0.94140625	0.44140625	0	conditioned-high-v1	0	32.5	1	0	0	154.541
training	ConditionedQuadratic	60	1.4595238095238094	0.94140625	0.44140625	0	conditioned-high-v1	2	32.459000000000003	1	0	0	154.541
training	ConditionedQuadratic	60	1.4595238095238094	0.94140625	0.44140625	0	conditioned-high-v1	3	32.375	1	0	0	154.541
training	ConditionedQuadratic	60	1.4595238095238094	0.94140625	0.44140625	0	conditioned-high-v1	4	32.540999999999997	1	0	0	154.541
training	ConditionedQuadratic	61	1.5904761904761904	0.95703125	0.45703125	0	conditioned-low-v1	0	55.915999999999997	0	0	0	154.542
training	ConditionedQuadratic	61	1.5904761904761904	0.95703125	0.45703125	0	conditioned-low-v1	2	128.667	0	0	0	154.542
training	ConditionedQuadratic	61	1.5904761904761904	0.95703125	0.45703125	0	conditioned-low-v1	3	163.834	1	0	0	154.542
training	ConditionedQuadratic	61	1.5904761904761904	0.95703125	0.45703125	0	conditioned-low-v1	4	163.167	1	0	0	154.542
training	ConditionedQuadratic	61	1.5904761904761904	0.95703125	0.45703125	0	conditioned-middle-v1	0	59.584000000000003	0	0	0	154.542
training	ConditionedQuadratic	61	1.5904761904761904	0.95703125	0.45703125	0	conditioned-middle-v1	2	132.50099999999998	0	0	0	154.542
training	ConditionedQuadratic	61	1.5904761904761904	0.95703125	0.45703125	0	conditioned-middle-v1	3	167.833	1	0	0	154.542
training	ConditionedQuadratic	61	1.5904761904761904	0.95703125	0.45703125	0	conditioned-middle-v1	4	166.875	1	0	0	154.542
training	ConditionedQuadratic	61	1.5904761904761904	0.95703125	0.45703125	0	conditioned-high-v1	0	32.207999999999998	1	0	0	154.542
training	ConditionedQuadratic	61	1.5904761904761904	0.95703125	0.45703125	0	conditioned-high-v1	2	32.332999999999998	1	0	0	154.542
training	ConditionedQuadratic	61	1.5904761904761904	0.95703125	0.45703125	0	conditioned-high-v1	3	32.167000000000002	1	0	0	154.542
training	ConditionedQuadratic	61	1.5904761904761904	0.95703125	0.45703125	0	conditioned-high-v1	4	32.207999999999998	1	0	0	154.542
training	ConditionedQuadratic	62	1.7214285714285713	0.97265625	0.47265625	0	conditioned-low-v1	0	56.375	0	0	0	154.584
training	ConditionedQuadratic	62	1.7214285714285713	0.97265625	0.47265625	0	conditioned-low-v1	2	129.08300000000003	0	0	0	154.584
training	ConditionedQuadratic	62	1.7214285714285713	0.97265625	0.47265625	0	conditioned-low-v1	3	164.333	1	0	0	154.584
training	ConditionedQuadratic	62	1.7214285714285713	0.97265625	0.47265625	0	conditioned-low-v1	4	163.916	1	0	0	154.584
training	ConditionedQuadratic	62	1.7214285714285713	0.97265625	0.47265625	0	conditioned-middle-v1	0	60.498999999999995	0	0	0	154.584
training	ConditionedQuadratic	62	1.7214285714285713	0.97265625	0.47265625	0	conditioned-middle-v1	2	133.209	0	0	0	154.584
training	ConditionedQuadratic	62	1.7214285714285713	0.97265625	0.47265625	0	conditioned-middle-v1	3	168.791	1	0	0	154.584
training	ConditionedQuadratic	62	1.7214285714285713	0.97265625	0.47265625	0	conditioned-middle-v1	4	168.583	1	0	0	154.584
training	ConditionedQuadratic	62	1.7214285714285713	0.97265625	0.47265625	0	conditioned-high-v1	0	32.042000000000002	1	0	0	154.584
training	ConditionedQuadratic	62	1.7214285714285713	0.97265625	0.47265625	0	conditioned-high-v1	2	32.125	1	0	0	154.584
training	ConditionedQuadratic	62	1.7214285714285713	0.97265625	0.47265625	0	conditioned-high-v1	3	31.917000000000002	1	0	0	154.584
training	ConditionedQuadratic	62	1.7214285714285713	0.97265625	0.47265625	0	conditioned-high-v1	4	31.875	1	0	0	154.584
training	ConditionedQuadratic	63	1.8523809523809522	0.98828125	0.48828125	0	conditioned-low-v1	0	56.915999999999997	0	0	0	192
training	ConditionedQuadratic	63	1.8523809523809522	0.98828125	0.48828125	0	conditioned-low-v1	2	129.29200000000003	0	0	0	192
training	ConditionedQuadratic	63	1.8523809523809522	0.98828125	0.48828125	0	conditioned-low-v1	3	164.5	1	0	0	192
training	ConditionedQuadratic	63	1.8523809523809522	0.98828125	0.48828125	0	conditioned-low-v1	4	164.292	1	0	0	192
training	ConditionedQuadratic	63	1.8523809523809522	0.98828125	0.48828125	0	conditioned-middle-v1	0	61.625	0	0	0	192
training	ConditionedQuadratic	63	1.8523809523809522	0.98828125	0.48828125	0	conditioned-middle-v1	2	134.75	0	0	0	192
training	ConditionedQuadratic	63	1.8523809523809522	0.98828125	0.48828125	0	conditioned-middle-v1	3	169.75	1	0	0	192
training	ConditionedQuadratic	63	1.8523809523809522	0.98828125	0.48828125	0	conditioned-middle-v1	4	169.209	1	0	0	192
training	ConditionedQuadratic	63	1.8523809523809522	0.98828125	0.48828125	0	conditioned-high-v1	0	31.834	1	0	0	192
training	ConditionedQuadratic	63	1.8523809523809522	0.98828125	0.48828125	0	conditioned-high-v1	2	31.875	1	0	0	192
training	ConditionedQuadratic	63	1.8523809523809522	0.98828125	0.48828125	0	conditioned-high-v1	3	31.667000000000002	1	0	0	192
training	ConditionedQuadratic	63	1.8523809523809522	0.98828125	0.48828125	0	conditioned-high-v1	4	31.791	1	0	0	192
training	ConditionedCubic	0	1.2571428571428571	0.00390625	0.49609375	0.5	conditioned-low-v1	0	34.5	1	0	0	182.75
training	ConditionedCubic	0	1.2571428571428571	0.00390625	0.49609375	0.5	conditioned-low-v1	2	33.875	1	0	0	182.75
training	ConditionedCubic	0	1.2571428571428571	0.00390625	0.49609375	0.5	conditioned-low-v1	3	33.75	1	0	0	182.75
training	ConditionedCubic	0	1.2571428571428571	0.00390625	0.49609375	0.5	conditioned-low-v1	4	33.832999999999998	1	0	0	182.75
training	ConditionedCubic	0	1.2571428571428571	0.00390625	0.49609375	0.5	conditioned-middle-v1	0	68.207999999999998	0	0	0	182.75
training	ConditionedCubic	0	1.2571428571428571	0.00390625	0.49609375	0.5	conditioned-middle-v1	2	153.875	0	0	0	182.75
training	ConditionedCubic	0	1.2571428571428571	0.00390625	0.49609375	0.5	conditioned-middle-v1	3	196.25	1	0	0	182.75
training	ConditionedCubic	0	1.2571428571428571	0.00390625	0.49609375	0.5	conditioned-middle-v1	4	195.417	1	0	0	182.75
training	ConditionedCubic	0	1.2571428571428571	0.00390625	0.49609375	0.5	conditioned-high-v1	0	61.292000000000002	0	0	0	182.75
training	ConditionedCubic	0	1.2571428571428571	0.00390625	0.49609375	0.5	conditioned-high-v1	2	147	0	0	0	182.75
training	ConditionedCubic	0	1.2571428571428571	0.00390625	0.49609375	0.5	conditioned-high-v1	3	190.291	1	0	0	182.75
training	ConditionedCubic	0	1.2571428571428571	0.00390625	0.49609375	0.5	conditioned-high-v1	4	190.083	1	0	0	182.75
training	ConditionedCubic	1	1.388095238095238	0.01953125	0.48046875	0.5	conditioned-low-v1	0	34.584000000000003	1	0	0	225.583
training	ConditionedCubic	1	1.388095238095238	0.01953125	0.48046875	0.5	conditioned-low-v1	2	34.207999999999998	1	0	0	225.583
training	ConditionedCubic	1	1.388095238095238	0.01953125	0.48046875	0.5	conditioned-low-v1	3	34.167000000000002	1	0	0	225.583
training	ConditionedCubic	1	1.388095238095238	0.01953125	0.48046875	0.5	conditioned-low-v1	4	34.084000000000003	1	0	0	225.583
training	ConditionedCubic	1	1.388095238095238	0.01953125	0.48046875	0.5	conditioned-middle-v1	0	65.957999999999998	0	0	0	225.583
training	ConditionedCubic	1	1.388095238095238	0.01953125	0.48046875	0.5	conditioned-middle-v1	2	151.626	0	0	0	225.583
training	ConditionedCubic	1	1.388095238095238	0.01953125	0.48046875	0.5	conditioned-middle-v1	3	193.292	1	0	0	225.583
training	ConditionedCubic	1	1.388095238095238	0.01953125	0.48046875	0.5	conditioned-middle-v1	4	194.542	1	0	0	225.583
training	ConditionedCubic	1	1.388095238095238	0.01953125	0.48046875	0.5	conditioned-high-v1	0	60.624000000000024	0	0	0	225.583
training	ConditionedCubic	1	1.388095238095238	0.01953125	0.48046875	0.5	conditioned-high-v1	2	146.87400000000002	0	0	0	225.583
training	ConditionedCubic	1	1.388095238095238	0.01953125	0.48046875	0.5	conditioned-high-v1	3	189.25	1	0	0	225.583
training	ConditionedCubic	1	1.388095238095238	0.01953125	0.48046875	0.5	conditioned-high-v1	4	188.75	1	0	0	225.583
training	ConditionedCubic	2	1.519047619047619	0.03515625	0.46484375	0.5	conditioned-low-v1	0	34.832999999999998	1	0	0	185.125
training	ConditionedCubic	2	1.519047619047619	0.03515625	0.46484375	0.5	conditioned-low-v1	2	34.415999999999997	1	0	0	185.125
training	ConditionedCubic	2	1.519047619047619	0.03515625	0.46484375	0.5	conditioned-low-v1	3	34.375	1	0	0	185.125
training	ConditionedCubic	2	1.519047619047619	0.03515625	0.46484375	0.5	conditioned-low-v1	4	34.332999999999998	1	0	0	185.125
training	ConditionedCubic	2	1.519047619047619	0.03515625	0.46484375	0.5	conditioned-middle-v1	0	64.375	0	0	0	185.125
training	ConditionedCubic	2	1.519047619047619	0.03515625	0.46484375	0.5	conditioned-middle-v1	2	150.833	0	0	0	185.125
training	ConditionedCubic	2	1.519047619047619	0.03515625	0.46484375	0.5	conditioned-middle-v1	3	193.5	1	0	0	185.125
training	ConditionedCubic	2	1.519047619047619	0.03515625	0.46484375	0.5	conditioned-middle-v1	4	193.458	1	0	0	185.125
training	ConditionedCubic	2	1.519047619047619	0.03515625	0.46484375	0.5	conditioned-high-v1	0	60.042000000000002	0	0	0	185.125
training	ConditionedCubic	2	1.519047619047619	0.03515625	0.46484375	0.5	conditioned-high-v1	2	146.37500000000003	0	0	0	185.125
training	ConditionedCubic	2	1.519047619047619	0.03515625	0.46484375	0.5	conditioned-high-v1	3	189.125	1	0	0	185.125
training	ConditionedCubic	2	1.519047619047619	0.03515625	0.46484375	0.5	conditioned-high-v1	4	188.125	1	0	0	185.125
training	ConditionedCubic	3	1.6499999999999999	0.05078125	0.44921875	0.5	conditioned-low-v1	0	35.082999999999998	1	0	0	183.5
training	ConditionedCubic	3	1.6499999999999999	0.05078125	0.44921875	0.5	conditioned-low-v1	2	34.709000000000003	1	0	0	183.5
training	ConditionedCubic	3	1.6499999999999999	0.05078125	0.44921875	0.5	conditioned-low-v1	3	34.625	1	0	0	183.5
training	ConditionedCubic	3	1.6499999999999999	0.05078125	0.44921875	0.5	conditioned-low-v1	4	34.584000000000003	1	0	0	183.5
training	ConditionedCubic	3	1.6499999999999999	0.05078125	0.44921875	0.5	conditioned-middle-v1	0	63.542000000000002	0	0	0	183.5
training	ConditionedCubic	3	1.6499999999999999	0.05078125	0.44921875	0.5	conditioned-middle-v1	2	149.79300000000001	0	0	0	183.5
training	ConditionedCubic	3	1.6499999999999999	0.05078125	0.44921875	0.5	conditioned-middle-v1	3	191.333	1	0	0	183.5
training	ConditionedCubic	3	1.6499999999999999	0.05078125	0.44921875	0.5	conditioned-middle-v1	4	192.125	1	0	0	183.5
training	ConditionedCubic	3	1.6499999999999999	0.05078125	0.44921875	0.5	conditioned-high-v1	0	59.540999999999997	0	0	0	183.5
training	ConditionedCubic	3	1.6499999999999999	0.05078125	0.44921875	0.5	conditioned-high-v1	2	146.083	0	0	0	183.5
training	ConditionedCubic	3	1.6499999999999999	0.05078125	0.44921875	0.5	conditioned-high-v1	3	187.875	1	0	0	183.5
training	ConditionedCubic	3	1.6499999999999999	0.05078125	0.44921875	0.5	conditioned-high-v1	4	188.083	1	0	0	183.5
training	ConditionedCubic	4	1.7809523809523808	0.06640625	0.43359375	0.5	conditioned-low-v1	0	35.542000000000002	1	0	0	143.5
training	ConditionedCubic	4	1.7809523809523808	0.06640625	0.43359375	0.5	conditioned-low-v1	2	35.125	1	0	0	143.5
training	ConditionedCubic	4	1.7809523809523808	0.06640625	0.43359375	0.5	conditioned-low-v1	3	34.957999999999998	1	0	0	143.5
training	ConditionedCubic	4	1.7809523809523808	0.06640625	0.43359375	0.5	conditioned-low-v1	4	34.792000000000002	1	0	0	143.5
training	ConditionedCubic	4	1.7809523809523808	0.06640625	0.43359375	0.5	conditioned-middle-v1	0	62.375	0	0	0	143.5
training	ConditionedCubic	4	1.7809523809523808	0.06640625	0.43359375	0.5	conditioned-middle-v1	2	149.12599999999998	0	0	0	143.5
training	ConditionedCubic	4	1.7809523809523808	0.06640625	0.43359375	0.5	conditioned-middle-v1	3	191.333	1	0	0	143.5
training	ConditionedCubic	4	1.7809523809523808	0.06640625	0.43359375	0.5	conditioned-middle-v1	4	190.667	1	0	0	143.5
training	ConditionedCubic	4	1.7809523809523808	0.06640625	0.43359375	0.5	conditioned-high-v1	0	59.040999999999997	0	0	0	143.5
training	ConditionedCubic	4	1.7809523809523808	0.06640625	0.43359375	0.5	conditioned-high-v1	2	144.91699999999997	0	0	0	143.5
training	ConditionedCubic	4	1.7809523809523808	0.06640625	0.43359375	0.5	conditioned-high-v1	3	188.084	1	0	0	143.5
training	ConditionedCubic	4	1.7809523809523808	0.06640625	0.43359375	0.5	conditioned-high-v1	4	187.917	1	0	0	143.5
training	ConditionedCubic	5	1.1499999999999999	0.08203125	0.41796875	0.5	conditioned-low-v1	0	35.790999999999997	1	0	0	182.791
training	ConditionedCubic	5	1.1499999999999999	0.08203125	0.41796875	0.5	conditioned-low-v1	2	35.332999999999998	1	0	0	182.791
training	ConditionedCubic	5	1.1499999999999999	0.08203125	0.41796875	0.5	conditioned-low-v1	3	35.332999999999998	1	0	0	182.791
training	ConditionedCubic	5	1.1499999999999999	0.08203125	0.41796875	0.5	conditioned-low-v1	4	35.207999999999998	1	0	0	182.791
training	ConditionedCubic	5	1.1499999999999999	0.08203125	0.41796875	0.5	conditioned-middle-v1	0	61.165999999999997	0	0	0	182.791
training	ConditionedCubic	5	1.1499999999999999	0.08203125	0.41796875	0.5	conditioned-middle-v1	2	147.74999999999997	0	0	0	182.791
training	ConditionedCubic	5	1.1499999999999999	0.08203125	0.41796875	0.5	conditioned-middle-v1	3	189	1	0	0	182.791
training	ConditionedCubic	5	1.1499999999999999	0.08203125	0.41796875	0.5	conditioned-middle-v1	4	189.458	1	0	0	182.791
training	ConditionedCubic	5	1.1499999999999999	0.08203125	0.41796875	0.5	conditioned-high-v1	0	58.582999999999998	0	0	0	182.791
training	ConditionedCubic	5	1.1499999999999999	0.08203125	0.41796875	0.5	conditioned-high-v1	2	144.875	0	0	0	182.791
training	ConditionedCubic	5	1.1499999999999999	0.08203125	0.41796875	0.5	conditioned-high-v1	3	186.583	1	0	0	182.791
training	ConditionedCubic	5	1.1499999999999999	0.08203125	0.41796875	0.5	conditioned-high-v1	4	187.5	1	0	0	182.791
training	ConditionedCubic	6	1.2809523809523808	0.09765625	0.40234375	0.5	conditioned-low-v1	0	38.459000000000003	0	0	0	186.209
training	ConditionedCubic	6	1.2809523809523808	0.09765625	0.40234375	0.5	conditioned-low-v1	2	124.458	0	0	0	186.209
training	ConditionedCubic	6	1.2809523809523808	0.09765625	0.40234375	0.5	conditioned-low-v1	3	167.875	1	0	0	186.209
training	ConditionedCubic	6	1.2809523809523808	0.09765625	0.40234375	0.5	conditioned-low-v1	4	166.625	1	0	0	186.209
training	ConditionedCubic	6	1.2809523809523808	0.09765625	0.40234375	0.5	conditioned-middle-v1	0	63.415999999999997	0	0	0	186.209
training	ConditionedCubic	6	1.2809523809523808	0.09765625	0.40234375	0.5	conditioned-middle-v1	2	148.5	0	0	0	186.209
training	ConditionedCubic	6	1.2809523809523808	0.09765625	0.40234375	0.5	conditioned-middle-v1	3	191.083	1	0	0	186.209
training	ConditionedCubic	6	1.2809523809523808	0.09765625	0.40234375	0.5	conditioned-middle-v1	4	190.292	1	0	0	186.209
training	ConditionedCubic	6	1.2809523809523808	0.09765625	0.40234375	0.5	conditioned-high-v1	0	58.25	0	0	0	186.209
training	ConditionedCubic	6	1.2809523809523808	0.09765625	0.40234375	0.5	conditioned-high-v1	2	146.292	0	0	0	186.209
training	ConditionedCubic	6	1.2809523809523808	0.09765625	0.40234375	0.5	conditioned-high-v1	3	188.708	1	0	0	186.209
training	ConditionedCubic	6	1.2809523809523808	0.09765625	0.40234375	0.5	conditioned-high-v1	4	188.125	1	0	0	186.209
training	ConditionedCubic	7	1.4119047619047618	0.11328125	0.38671875	0.5	conditioned-low-v1	0	38.79200000000003	0	0	0	230.041
training	ConditionedCubic	7	1.4119047619047618	0.11328125	0.38671875	0.5	conditioned-low-v1	2	126.584	0	0	0	230.041
training	ConditionedCubic	7	1.4119047619047618	0.11328125	0.38671875	0.5	conditioned-low-v1	3	168.916	1	0	0	230.041
training	ConditionedCubic	7	1.4119047619047618	0.11328125	0.38671875	0.5	conditioned-low-v1	4	168.75	1	0	0	230.041
training	ConditionedCubic	7	1.4119047619047618	0.11328125	0.38671875	0.5	conditioned-middle-v1	0	59.001000000000005	0	0	0	230.041
training	ConditionedCubic	7	1.4119047619047618	0.11328125	0.38671875	0.5	conditioned-middle-v1	2	147.167	0	0	0	230.041
training	ConditionedCubic	7	1.4119047619047618	0.11328125	0.38671875	0.5	conditioned-middle-v1	3	189.208	1	0	0	230.041
training	ConditionedCubic	7	1.4119047619047618	0.11328125	0.38671875	0.5	conditioned-middle-v1	4	189.375	1	0	0	230.041
training	ConditionedCubic	7	1.4119047619047618	0.11328125	0.38671875	0.5	conditioned-high-v1	0	57.375	0	0	0	230.041
training	ConditionedCubic	7	1.4119047619047618	0.11328125	0.38671875	0.5	conditioned-high-v1	2	145.62500000000003	0	0	0	230.041
training	ConditionedCubic	7	1.4119047619047618	0.11328125	0.38671875	0.5	conditioned-high-v1	3	187.625	1	0	0	230.041
training	ConditionedCubic	7	1.4119047619047618	0.11328125	0.38671875	0.5	conditioned-high-v1	4	187.75	1	0	0	230.041
training	ConditionedCubic	8	1.5428571428571427	0.12890625	0.37109375	0.5	conditioned-low-v1	0	38.957999999999998	0	0	0	188.416
training	ConditionedCubic	8	1.5428571428571427	0.12890625	0.37109375	0.5	conditioned-low-v1	2	127.33399999999997	0	0	0	188.416
training	ConditionedCubic	8	1.5428571428571427	0.12890625	0.37109375	0.5	conditioned-low-v1	3	169.792	1	0	0	188.416
training	ConditionedCubic	8	1.5428571428571427	0.12890625	0.37109375	0.5	conditioned-low-v1	4	169.209	1	0	0	188.416
training	ConditionedCubic	8	1.5428571428571427	0.12890625	0.37109375	0.5	conditioned-middle-v1	0	57.998999999999995	0	0	0	188.416
training	ConditionedCubic	8	1.5428571428571427	0.12890625	0.37109375	0.5	conditioned-middle-v1	2	145.62500000000003	0	0	0	188.416
training	ConditionedCubic	8	1.5428571428571427	0.12890625	0.37109375	0.5	conditioned-middle-v1	3	188.917	1	0	0	188.416
training	ConditionedCubic	8	1.5428571428571427	0.12890625	0.37109375	0.5	conditioned-middle-v1	4	188.166	1	0	0	188.416
training	ConditionedCubic	8	1.5428571428571427	0.12890625	0.37109375	0.5	conditioned-high-v1	0	56.834000000000003	0	0	0	188.416
training	ConditionedCubic	8	1.5428571428571427	0.12890625	0.37109375	0.5	conditioned-high-v1	2	144.75000000000003	0	0	0	188.416
training	ConditionedCubic	8	1.5428571428571427	0.12890625	0.37109375	0.5	conditioned-high-v1	3	187.5	1	0	0	188.416
training	ConditionedCubic	8	1.5428571428571427	0.12890625	0.37109375	0.5	conditioned-high-v1	4	187.167	1	0	0	188.416
training	ConditionedCubic	9	1.6738095238095236	0.14453125	0.35546875	0.5	conditioned-low-v1	0	39.459000000000003	0	0	0	187.292
training	ConditionedCubic	9	1.6738095238095236	0.14453125	0.35546875	0.5	conditioned-low-v1	2	127.45800000000003	0	0	0	187.292
training	ConditionedCubic	9	1.6738095238095236	0.14453125	0.35546875	0.5	conditioned-low-v1	3	168.958	1	0	0	187.292
training	ConditionedCubic	9	1.6738095238095236	0.14453125	0.35546875	0.5	conditioned-low-v1	4	169.208	1	0	0	187.292
training	ConditionedCubic	9	1.6738095238095236	0.14453125	0.35546875	0.5	conditioned-middle-v1	0	57.082999999999998	0	0	0	187.292
training	ConditionedCubic	9	1.6738095238095236	0.14453125	0.35546875	0.5	conditioned-middle-v1	2	145.291	0	0	0	187.292
training	ConditionedCubic	9	1.6738095238095236	0.14453125	0.35546875	0.5	conditioned-middle-v1	3	187.417	1	0	0	187.292
training	ConditionedCubic	9	1.6738095238095236	0.14453125	0.35546875	0.5	conditioned-middle-v1	4	186.709	1	0	0	187.292
training	ConditionedCubic	9	1.6738095238095236	0.14453125	0.35546875	0.5	conditioned-high-v1	0	56.334000000000003	0	0	0	187.292
training	ConditionedCubic	9	1.6738095238095236	0.14453125	0.35546875	0.5	conditioned-high-v1	2	144.99999999999997	0	0	0	187.292
training	ConditionedCubic	9	1.6738095238095236	0.14453125	0.35546875	0.5	conditioned-high-v1	3	187.5	1	0	0	187.292
training	ConditionedCubic	9	1.6738095238095236	0.14453125	0.35546875	0.5	conditioned-high-v1	4	186.708	1	0	0	187.292
training	ConditionedCubic	10	1.8047619047619046	0.16015625	0.33984375	0.5	conditioned-low-v1	0	39.959000000000003	0	0	0	143.708
training	ConditionedCubic	10	1.8047619047619046	0.16015625	0.33984375	0.5	conditioned-low-v1	2	126.41699999999997	0	0	0	143.708
training	ConditionedCubic	10	1.8047619047619046	0.16015625	0.33984375	0.5	conditioned-low-v1	3	169.417	1	0	0	143.708
training	ConditionedCubic	10	1.8047619047619046	0.16015625	0.33984375	0.5	conditioned-low-v1	4	168.959	1	0	0	143.708
training	ConditionedCubic	10	1.8047619047619046	0.16015625	0.33984375	0.5	conditioned-middle-v1	0	55.959000000000003	0	0	0	143.708
training	ConditionedCubic	10	1.8047619047619046	0.16015625	0.33984375	0.5	conditioned-middle-v1	2	143.16699999999997	0	0	0	143.708
training	ConditionedCubic	10	1.8047619047619046	0.16015625	0.33984375	0.5	conditioned-middle-v1	3	185.5	1	0	0	143.708
training	ConditionedCubic	10	1.8047619047619046	0.16015625	0.33984375	0.5	conditioned-middle-v1	4	184.375	1	0	0	143.708
training	ConditionedCubic	10	1.8047619047619046	0.16015625	0.33984375	0.5	conditioned-high-v1	0	56.082999999999998	0	0	0	143.708
training	ConditionedCubic	10	1.8047619047619046	0.16015625	0.33984375	0.5	conditioned-high-v1	2	142.916	0	0	0	143.708
training	ConditionedCubic	10	1.8047619047619046	0.16015625	0.33984375	0.5	conditioned-high-v1	3	185.667	1	0	0	143.708
training	ConditionedCubic	10	1.8047619047619046	0.16015625	0.33984375	0.5	conditioned-high-v1	4	185.459	1	0	0	143.708
training	ConditionedCubic	11	1.1738095238095236	0.17578125	0.32421875	0.5	conditioned-low-v1	0	40.040999999999997	0	0	0	182.792
training	ConditionedCubic	11	1.1738095238095236	0.17578125	0.32421875	0.5	conditioned-low-v1	2	126.875	0	0	0	182.792
training	ConditionedCubic	11	1.1738095238095236	0.17578125	0.32421875	0.5	conditioned-low-v1	3	169.25	1	0	0	182.792
training	ConditionedCubic	11	1.1738095238095236	0.17578125	0.32421875	0.5	conditioned-low-v1	4	169.208	1	0	0	182.792
training	ConditionedCubic	11	1.1738095238095236	0.17578125	0.32421875	0.5	conditioned-middle-v1	0	55.040999999999997	0	0	0	182.792
training	ConditionedCubic	11	1.1738095238095236	0.17578125	0.32421875	0.5	conditioned-middle-v1	2	142.08199999999999	0	0	0	182.792
training	ConditionedCubic	11	1.1738095238095236	0.17578125	0.32421875	0.5	conditioned-middle-v1	3	183	1	0	0	182.792
training	ConditionedCubic	11	1.1738095238095236	0.17578125	0.32421875	0.5	conditioned-middle-v1	4	183.375	1	0	0	182.792
training	ConditionedCubic	11	1.1738095238095236	0.17578125	0.32421875	0.5	conditioned-high-v1	0	55.501000000000005	0	0	0	182.792
training	ConditionedCubic	11	1.1738095238095236	0.17578125	0.32421875	0.5	conditioned-high-v1	2	142.041	0	0	0	182.792
training	ConditionedCubic	11	1.1738095238095236	0.17578125	0.32421875	0.5	conditioned-high-v1	3	184.042	1	0	0	182.792
training	ConditionedCubic	11	1.1738095238095236	0.17578125	0.32421875	0.5	conditioned-high-v1	4	182.959	1	0	0	182.792
training	ConditionedCubic	12	1.3047619047619046	0.19140625	0.30859375	0.5	conditioned-low-v1	0	40.417000000000002	0	0	0	184.709
training	ConditionedCubic	12	1.3047619047619046	0.19140625	0.30859375	0.5	conditioned-low-v1	2	126.833	0	0	0	184.709
training	ConditionedCubic	12	1.3047619047619046	0.19140625	0.30859375	0.5	conditioned-low-v1	3	169.125	1	0	0	184.709
training	ConditionedCubic	12	1.3047619047619046	0.19140625	0.30859375	0.5	conditioned-low-v1	4	168.042	1	0	0	184.709
training	ConditionedCubic	12	1.3047619047619046	0.19140625	0.30859375	0.5	conditioned-middle-v1	0	54.5	0	0	0	184.709
training	ConditionedCubic	12	1.3047619047619046	0.19140625	0.30859375	0.5	conditioned-middle-v1	2	143.58399999999997	0	0	0	184.709
training	ConditionedCubic	12	1.3047619047619046	0.19140625	0.30859375	0.5	conditioned-middle-v1	3	184	1	0	0	184.709
training	ConditionedCubic	12	1.3047619047619046	0.19140625	0.30859375	0.5	conditioned-middle-v1	4	184.25	1	0	0	184.709
training	ConditionedCubic	12	1.3047619047619046	0.19140625	0.30859375	0.5	conditioned-high-v1	0	54.834000000000003	0	0	0	184.709
training	ConditionedCubic	12	1.3047619047619046	0.19140625	0.30859375	0.5	conditioned-high-v1	2	142.542	0	0	0	184.709
training	ConditionedCubic	12	1.3047619047619046	0.19140625	0.30859375	0.5	conditioned-high-v1	3	184.917	1	0	0	184.709
training	ConditionedCubic	12	1.3047619047619046	0.19140625	0.30859375	0.5	conditioned-high-v1	4	184.417	1	0	0	184.709
training	ConditionedCubic	13	1.4357142857142855	0.20703125	0.29296875	0.5	conditioned-low-v1	0	40.624999999999972	0	0	0	232.166
training	ConditionedCubic	13	1.4357142857142855	0.20703125	0.29296875	0.5	conditioned-low-v1	2	136.29199999999997	0	0	0	232.166
training	ConditionedCubic	13	1.4357142857142855	0.20703125	0.29296875	0.5	conditioned-low-v1	3	169.625	1	0	0	232.166
training	ConditionedCubic	13	1.4357142857142855	0.20703125	0.29296875	0.5	conditioned-low-v1	4	172.291	1	0	0	232.166
training	ConditionedCubic	13	1.4357142857142855	0.20703125	0.29296875	0.5	conditioned-middle-v1	0	53.499999999999972	0	0	0	232.166
training	ConditionedCubic	13	1.4357142857142855	0.20703125	0.29296875	0.5	conditioned-middle-v1	2	141.41699999999997	0	0	0	232.166
training	ConditionedCubic	13	1.4357142857142855	0.20703125	0.29296875	0.5	conditioned-middle-v1	3	184.291	1	0	0	232.166
training	ConditionedCubic	13	1.4357142857142855	0.20703125	0.29296875	0.5	conditioned-middle-v1	4	184.125	1	0	0	232.166
training	ConditionedCubic	13	1.4357142857142855	0.20703125	0.29296875	0.5	conditioned-high-v1	0	54.458000000000027	0	0	0	232.166
training	ConditionedCubic	13	1.4357142857142855	0.20703125	0.29296875	0.5	conditioned-high-v1	2	142.83300000000003	0	0	0	232.166
training	ConditionedCubic	13	1.4357142857142855	0.20703125	0.29296875	0.5	conditioned-high-v1	3	185.417	1	0	0	232.166
training	ConditionedCubic	13	1.4357142857142855	0.20703125	0.29296875	0.5	conditioned-high-v1	4	185.458	1	0	0	232.166
training	ConditionedCubic	14	1.5666666666666667	0.22265625	0.27734375	0.5	conditioned-low-v1	0	40.917000000000002	0	0	0	189.75
training	ConditionedCubic	14	1.5666666666666667	0.22265625	0.27734375	0.5	conditioned-low-v1	2	128.99900000000002	0	0	0	189.75
training	ConditionedCubic	14	1.5666666666666667	0.22265625	0.27734375	0.5	conditioned-low-v1	3	172.458	1	0	0	189.75
training	ConditionedCubic	14	1.5666666666666667	0.22265625	0.27734375	0.5	conditioned-low-v1	4	171.5	1	0	0	189.75
training	ConditionedCubic	14	1.5666666666666667	0.22265625	0.27734375	0.5	conditioned-middle-v1	0	52.332999999999998	0	0	0	189.75
training	ConditionedCubic	14	1.5666666666666667	0.22265625	0.27734375	0.5	conditioned-middle-v1	2	140.792	0	0	0	189.75
training	ConditionedCubic	14	1.5666666666666667	0.22265625	0.27734375	0.5	conditioned-middle-v1	3	184.042	1	0	0	189.75
training	ConditionedCubic	14	1.5666666666666667	0.22265625	0.27734375	0.5	conditioned-middle-v1	4	183.083	1	0	0	189.75
training	ConditionedCubic	14	1.5666666666666667	0.22265625	0.27734375	0.5	conditioned-high-v1	0	54.165999999999997	0	0	0	189.75
training	ConditionedCubic	14	1.5666666666666667	0.22265625	0.27734375	0.5	conditioned-high-v1	2	142.542	0	0	0	189.75
training	ConditionedCubic	14	1.5666666666666667	0.22265625	0.27734375	0.5	conditioned-high-v1	3	185.542	1	0	0	189.75
training	ConditionedCubic	14	1.5666666666666667	0.22265625	0.27734375	0.5	conditioned-high-v1	4	185.5	1	0	0	189.75
training	ConditionedCubic	15	1.6976190476190476	0.23828125	0.26171875	0.5	conditioned-low-v1	0	41.165999999999997	0	0	0	188.458
training	ConditionedCubic	15	1.6976190476190476	0.23828125	0.26171875	0.5	conditioned-low-v1	2	129.91800000000001	0	0	0	188.458
training	ConditionedCubic	15	1.6976190476190476	0.23828125	0.26171875	0.5	conditioned-low-v1	3	172.208	1	0	0	188.458
training	ConditionedCubic	15	1.6976190476190476	0.23828125	0.26171875	0.5	conditioned-low-v1	4	172.042	1	0	0	188.458
training	ConditionedCubic	15	1.6976190476190476	0.23828125	0.26171875	0.5	conditioned-middle-v1	0	51.292000000000002	0	0	0	188.458
training	ConditionedCubic	15	1.6976190476190476	0.23828125	0.26171875	0.5	conditioned-middle-v1	2	140.33300000000003	0	0	0	188.458
training	ConditionedCubic	15	1.6976190476190476	0.23828125	0.26171875	0.5	conditioned-middle-v1	3	182.459	1	0	0	188.458
training	ConditionedCubic	15	1.6976190476190476	0.23828125	0.26171875	0.5	conditioned-middle-v1	4	182.291	1	0	0	188.458
training	ConditionedCubic	15	1.6976190476190476	0.23828125	0.26171875	0.5	conditioned-high-v1	0	53.582999999999998	0	0	0	188.458
training	ConditionedCubic	15	1.6976190476190476	0.23828125	0.26171875	0.5	conditioned-high-v1	2	141.792	0	0	0	188.458
training	ConditionedCubic	15	1.6976190476190476	0.23828125	0.26171875	0.5	conditioned-high-v1	3	185.375	1	0	0	188.458
training	ConditionedCubic	15	1.6976190476190476	0.23828125	0.26171875	0.5	conditioned-high-v1	4	184.708	1	0	0	188.458
training	ConditionedCubic	16	1.8285714285714285	0.25390625	0.24609375	0.5	conditioned-low-v1	0	41.290999999999997	0	0	0	188.833
training	ConditionedCubic	16	1.8285714285714285	0.25390625	0.24609375	0.5	conditioned-low-v1	2	129.167	0	0	0	188.833
training	ConditionedCubic	16	1.8285714285714285	0.25390625	0.24609375	0.5	conditioned-low-v1	3	172.667	1	0	0	188.833
training	ConditionedCubic	16	1.8285714285714285	0.25390625	0.24609375	0.5	conditioned-low-v1	4	172.209	1	0	0	188.833
training	ConditionedCubic	16	1.8285714285714285	0.25390625	0.24609375	0.5	conditioned-middle-v1	0	50.542000000000002	0	0	0	188.833
training	ConditionedCubic	16	1.8285714285714285	0.25390625	0.24609375	0.5	conditioned-middle-v1	2	139.209	0	0	0	188.833
training	ConditionedCubic	16	1.8285714285714285	0.25390625	0.24609375	0.5	conditioned-middle-v1	3	181.459	1	0	0	188.833
training	ConditionedCubic	16	1.8285714285714285	0.25390625	0.24609375	0.5	conditioned-middle-v1	4	181.333	1	0	0	188.833
training	ConditionedCubic	16	1.8285714285714285	0.25390625	0.24609375	0.5	conditioned-high-v1	0	53.082999999999998	0	0	0	188.833
training	ConditionedCubic	16	1.8285714285714285	0.25390625	0.24609375	0.5	conditioned-high-v1	2	142.042	0	0	0	188.833
training	ConditionedCubic	16	1.8285714285714285	0.25390625	0.24609375	0.5	conditioned-high-v1	3	184.583	1	0	0	188.833
training	ConditionedCubic	16	1.8285714285714285	0.25390625	0.24609375	0.5	conditioned-high-v1	4	183.875	1	0	0	188.833
training	ConditionedCubic	17	1.1976190476190476	0.26953125	0.23046875	0.5	conditioned-low-v1	0	41.75	0	0	0	182.959
training	ConditionedCubic	17	1.1976190476190476	0.26953125	0.23046875	0.5	conditioned-low-v1	2	129.834	0	0	0	182.959
training	ConditionedCubic	17	1.1976190476190476	0.26953125	0.23046875	0.5	conditioned-low-v1	3	172.625	1	0	0	182.959
training	ConditionedCubic	17	1.1976190476190476	0.26953125	0.23046875	0.5	conditioned-low-v1	4	172.209	1	0	0	182.959
training	ConditionedCubic	17	1.1976190476190476	0.26953125	0.23046875	0.5	conditioned-middle-v1	0	49.75	0	0	0	182.959
training	ConditionedCubic	17	1.1976190476190476	0.26953125	0.23046875	0.5	conditioned-middle-v1	2	138.25	0	0	0	182.959
training	ConditionedCubic	17	1.1976190476190476	0.26953125	0.23046875	0.5	conditioned-middle-v1	3	180.708	1	0	0	182.959
training	ConditionedCubic	17	1.1976190476190476	0.26953125	0.23046875	0.5	conditioned-middle-v1	4	180.834	1	0	0	182.959
training	ConditionedCubic	17	1.1976190476190476	0.26953125	0.23046875	0.5	conditioned-high-v1	0	52.625	0	0	0	182.959
training	ConditionedCubic	17	1.1976190476190476	0.26953125	0.23046875	0.5	conditioned-high-v1	2	142.95899999999997	0	0	0	182.959
training	ConditionedCubic	17	1.1976190476190476	0.26953125	0.23046875	0.5	conditioned-high-v1	3	181.334	1	0	0	182.959
training	ConditionedCubic	17	1.1976190476190476	0.26953125	0.23046875	0.5	conditioned-high-v1	4	179.25	1	0	0	182.959
training	ConditionedCubic	18	1.3285714285714285	0.28515625	0.21484375	0.5	conditioned-low-v1	0	42.167000000000002	0	0	0	225.584
training	ConditionedCubic	18	1.3285714285714285	0.28515625	0.21484375	0.5	conditioned-low-v1	2	127.291	0	0	0	225.584
training	ConditionedCubic	18	1.3285714285714285	0.28515625	0.21484375	0.5	conditioned-low-v1	3	170.041	1	0	0	225.584
training	ConditionedCubic	18	1.3285714285714285	0.28515625	0.21484375	0.5	conditioned-low-v1	4	168.083	1	0	0	225.584
training	ConditionedCubic	18	1.3285714285714285	0.28515625	0.21484375	0.5	conditioned-middle-v1	0	48.70799999999997	0	0	0	225.584
training	ConditionedCubic	18	1.3285714285714285	0.28515625	0.21484375	0.5	conditioned-middle-v1	2	133.45800000000003	0	0	0	225.584
training	ConditionedCubic	18	1.3285714285714285	0.28515625	0.21484375	0.5	conditioned-middle-v1	3	175.417	1	0	0	225.584
training	ConditionedCubic	18	1.3285714285714285	0.28515625	0.21484375	0.5	conditioned-middle-v1	4	175.292	1	0	0	225.584
training	ConditionedCubic	18	1.3285714285714285	0.28515625	0.21484375	0.5	conditioned-high-v1	0	52.041999999999973	0	0	0	225.584
training	ConditionedCubic	18	1.3285714285714285	0.28515625	0.21484375	0.5	conditioned-high-v1	2	136.751	0	0	0	225.584
training	ConditionedCubic	18	1.3285714285714285	0.28515625	0.21484375	0.5	conditioned-high-v1	3	179.75	1	0	0	225.584
training	ConditionedCubic	18	1.3285714285714285	0.28515625	0.21484375	0.5	conditioned-high-v1	4	178.75	1	0	0	225.584
training	ConditionedCubic	19	1.4595238095238094	0.30078125	0.19921875	0.5	conditioned-low-v1	0	42.208000000000027	0	0	0	223.625
training	ConditionedCubic	19	1.4595238095238094	0.30078125	0.19921875	0.5	conditioned-low-v1	2	127.45800000000003	0	0	0	223.625
training	ConditionedCubic	19	1.4595238095238094	0.30078125	0.19921875	0.5	conditioned-low-v1	3	166.917	1	0	0	223.625
training	ConditionedCubic	19	1.4595238095238094	0.30078125	0.19921875	0.5	conditioned-low-v1	4	167.875	1	0	0	223.625
training	ConditionedCubic	19	1.4595238095238094	0.30078125	0.19921875	0.5	conditioned-middle-v1	0	47.750000000000028	0	0	0	223.625
training	ConditionedCubic	19	1.4595238095238094	0.30078125	0.19921875	0.5	conditioned-middle-v1	2	132.584	0	0	0	223.625
training	ConditionedCubic	19	1.4595238095238094	0.30078125	0.19921875	0.5	conditioned-middle-v1	3	173.958	1	0	0	223.625
training	ConditionedCubic	19	1.4595238095238094	0.30078125	0.19921875	0.5	conditioned-middle-v1	4	173.167	1	0	0	223.625
training	ConditionedCubic	19	1.4595238095238094	0.30078125	0.19921875	0.5	conditioned-high-v1	0	51.375	0	0	0	223.625
training	ConditionedCubic	19	1.4595238095238094	0.30078125	0.19921875	0.5	conditioned-high-v1	2	135.95899999999997	0	0	0	223.625
training	ConditionedCubic	19	1.4595238095238094	0.30078125	0.19921875	0.5	conditioned-high-v1	3	176.958	1	0	0	223.625
training	ConditionedCubic	19	1.4595238095238094	0.30078125	0.19921875	0.5	conditioned-high-v1	4	177	1	0	0	223.625
training	ConditionedCubic	20	1.5904761904761904	0.31640625	0.18359375	0.5	conditioned-low-v1	0	42.290999999999997	0	0	0	180.458
training	ConditionedCubic	20	1.5904761904761904	0.31640625	0.18359375	0.5	conditioned-low-v1	2	127.625	0	0	0	180.458
training	ConditionedCubic	20	1.5904761904761904	0.31640625	0.18359375	0.5	conditioned-low-v1	3	168.625	1	0	0	180.458
training	ConditionedCubic	20	1.5904761904761904	0.31640625	0.18359375	0.5	conditioned-low-v1	4	167.167	1	0	0	180.458
training	ConditionedCubic	20	1.5904761904761904	0.31640625	0.18359375	0.5	conditioned-middle-v1	0	46.959000000000003	0	0	0	180.458
training	ConditionedCubic	20	1.5904761904761904	0.31640625	0.18359375	0.5	conditioned-middle-v1	2	131.458	0	0	0	180.458
training	ConditionedCubic	20	1.5904761904761904	0.31640625	0.18359375	0.5	conditioned-middle-v1	3	173.084	1	0	0	180.458
training	ConditionedCubic	20	1.5904761904761904	0.31640625	0.18359375	0.5	conditioned-middle-v1	4	172.167	1	0	0	180.458
training	ConditionedCubic	20	1.5904761904761904	0.31640625	0.18359375	0.5	conditioned-high-v1	0	51.043000000000006	0	0	0	180.458
training	ConditionedCubic	20	1.5904761904761904	0.31640625	0.18359375	0.5	conditioned-high-v1	2	137.58399999999997	0	0	0	180.458
training	ConditionedCubic	20	1.5904761904761904	0.31640625	0.18359375	0.5	conditioned-high-v1	3	176.792	1	0	0	180.458
training	ConditionedCubic	20	1.5904761904761904	0.31640625	0.18359375	0.5	conditioned-high-v1	4	176.667	1	0	0	180.458
training	ConditionedCubic	21	1.7214285714285713	0.33203125	0.16796875	0.5	conditioned-low-v1	0	42.709000000000003	0	0	0	196.042
training	ConditionedCubic	21	1.7214285714285713	0.33203125	0.16796875	0.5	conditioned-low-v1	2	127.333	0	0	0	196.042
training	ConditionedCubic	21	1.7214285714285713	0.33203125	0.16796875	0.5	conditioned-low-v1	3	167.625	1	0	0	196.042
training	ConditionedCubic	21	1.7214285714285713	0.33203125	0.16796875	0.5	conditioned-low-v1	4	167.875	1	0	0	196.042
training	ConditionedCubic	21	1.7214285714285713	0.33203125	0.16796875	0.5	conditioned-middle-v1	0	46.251000000000005	0	0	0	196.042
training	ConditionedCubic	21	1.7214285714285713	0.33203125	0.16796875	0.5	conditioned-middle-v1	2	130.792	0	0	0	196.042
training	ConditionedCubic	21	1.7214285714285713	0.33203125	0.16796875	0.5	conditioned-middle-v1	3	171.209	1	0	0	196.042
training	ConditionedCubic	21	1.7214285714285713	0.33203125	0.16796875	0.5	conditioned-middle-v1	4	171.458	1	0	0	196.042
training	ConditionedCubic	21	1.7214285714285713	0.33203125	0.16796875	0.5	conditioned-high-v1	0	64.417000000000002	0	0	0	196.042
training	ConditionedCubic	21	1.7214285714285713	0.33203125	0.16796875	0.5	conditioned-high-v1	2	144.583	0	0	0	196.042
training	ConditionedCubic	21	1.7214285714285713	0.33203125	0.16796875	0.5	conditioned-high-v1	3	196.25	1	0	0	196.042
training	ConditionedCubic	21	1.7214285714285713	0.33203125	0.16796875	0.5	conditioned-high-v1	4	237.459	1	0	0	196.042
training	ConditionedCubic	22	1.8523809523809522	0.34765625	0.15234375	0.5	conditioned-low-v1	0	43.667000000000002	0	0	0	183.208
training	ConditionedCubic	22	1.8523809523809522	0.34765625	0.15234375	0.5	conditioned-low-v1	2	130.041	0	0	0	183.208
training	ConditionedCubic	22	1.8523809523809522	0.34765625	0.15234375	0.5	conditioned-low-v1	3	467.29199999999997	1	0	0	183.208
training	ConditionedCubic	22	1.8523809523809522	0.34765625	0.15234375	0.5	conditioned-low-v1	4	173.709	1	0	0	183.208
training	ConditionedCubic	22	1.8523809523809522	0.34765625	0.15234375	0.5	conditioned-middle-v1	0	48.915999999999997	0	0	0	183.208
training	ConditionedCubic	22	1.8523809523809522	0.34765625	0.15234375	0.5	conditioned-middle-v1	2	139.04199999999997	0	0	0	183.208
training	ConditionedCubic	22	1.8523809523809522	0.34765625	0.15234375	0.5	conditioned-middle-v1	3	175.25	1	0	0	183.208
training	ConditionedCubic	22	1.8523809523809522	0.34765625	0.15234375	0.5	conditioned-middle-v1	4	173.875	1	0	0	183.208
training	ConditionedCubic	22	1.8523809523809522	0.34765625	0.15234375	0.5	conditioned-high-v1	0	50.665999999999997	0	0	0	183.208
training	ConditionedCubic	22	1.8523809523809522	0.34765625	0.15234375	0.5	conditioned-high-v1	2	139.74900000000002	0	0	0	183.208
training	ConditionedCubic	22	1.8523809523809522	0.34765625	0.15234375	0.5	conditioned-high-v1	3	179.25	1	0	0	183.208
training	ConditionedCubic	22	1.8523809523809522	0.34765625	0.15234375	0.5	conditioned-high-v1	4	177.083	1	0	0	183.208
training	ConditionedCubic	23	1.2214285714285713	0.36328125	0.13671875	0.5	conditioned-low-v1	0	44.457999999999998	0	0	0	183.75
training	ConditionedCubic	23	1.2214285714285713	0.36328125	0.13671875	0.5	conditioned-low-v1	2	139.12500000000003	0	0	0	183.75
training	ConditionedCubic	23	1.2214285714285713	0.36328125	0.13671875	0.5	conditioned-low-v1	3	175.125	1	0	0	183.75
training	ConditionedCubic	23	1.2214285714285713	0.36328125	0.13671875	0.5	conditioned-low-v1	4	170.583	1	0	0	183.75
training	ConditionedCubic	23	1.2214285714285713	0.36328125	0.13671875	0.5	conditioned-middle-v1	0	45.667000000000002	0	0	0	183.75
training	ConditionedCubic	23	1.2214285714285713	0.36328125	0.13671875	0.5	conditioned-middle-v1	2	132	0	0	0	183.75
training	ConditionedCubic	23	1.2214285714285713	0.36328125	0.13671875	0.5	conditioned-middle-v1	3	174.583	1	0	0	183.75
training	ConditionedCubic	23	1.2214285714285713	0.36328125	0.13671875	0.5	conditioned-middle-v1	4	174.334	1	0	0	183.75
training	ConditionedCubic	23	1.2214285714285713	0.36328125	0.13671875	0.5	conditioned-high-v1	0	50.123999999999995	0	0	0	183.75
training	ConditionedCubic	23	1.2214285714285713	0.36328125	0.13671875	0.5	conditioned-high-v1	2	136.374	0	0	0	183.75
training	ConditionedCubic	23	1.2214285714285713	0.36328125	0.13671875	0.5	conditioned-high-v1	3	177.667	1	0	0	183.75
training	ConditionedCubic	23	1.2214285714285713	0.36328125	0.13671875	0.5	conditioned-high-v1	4	177.875	1	0	0	183.75
training	ConditionedCubic	24	1.3523809523809522	0.37890625	0.12109375	0.5	conditioned-low-v1	0	44	0	0	0	225.708
training	ConditionedCubic	24	1.3523809523809522	0.37890625	0.12109375	0.5	conditioned-low-v1	2	129.24999999999997	0	0	0	225.708
training	ConditionedCubic	24	1.3523809523809522	0.37890625	0.12109375	0.5	conditioned-low-v1	3	170.583	1	0	0	225.708
training	ConditionedCubic	24	1.3523809523809522	0.37890625	0.12109375	0.5	conditioned-low-v1	4	170.833	1	0	0	225.708
training	ConditionedCubic	24	1.3523809523809522	0.37890625	0.12109375	0.5	conditioned-middle-v1	0	44.249000000000024	0	0	0	225.708
training	ConditionedCubic	24	1.3523809523809522	0.37890625	0.12109375	0.5	conditioned-middle-v1	2	129.91699999999997	0	0	0	225.708
training	ConditionedCubic	24	1.3523809523809522	0.37890625	0.12109375	0.5	conditioned-middle-v1	3	173.833	1	0	0	225.708
training	ConditionedCubic	24	1.3523809523809522	0.37890625	0.12109375	0.5	conditioned-middle-v1	4	171.167	1	0	0	225.708
training	ConditionedCubic	24	1.3523809523809522	0.37890625	0.12109375	0.5	conditioned-high-v1	0	49.416999999999973	0	0	0	225.708
training	ConditionedCubic	24	1.3523809523809522	0.37890625	0.12109375	0.5	conditioned-high-v1	2	134.792	0	0	0	225.708
training	ConditionedCubic	24	1.3523809523809522	0.37890625	0.12109375	0.5	conditioned-high-v1	3	177.458	1	0	0	225.708
training	ConditionedCubic	24	1.3523809523809522	0.37890625	0.12109375	0.5	conditioned-high-v1	4	176.875	1	0	0	225.708
training	ConditionedCubic	25	1.4833333333333332	0.39453125	0.10546875	0.5	conditioned-low-v1	0	44.208000000000027	0	0	0	224.209
training	ConditionedCubic	25	1.4833333333333332	0.39453125	0.10546875	0.5	conditioned-low-v1	2	129.79100000000003	0	0	0	224.209
training	ConditionedCubic	25	1.4833333333333332	0.39453125	0.10546875	0.5	conditioned-low-v1	3	170.792	1	0	0	224.209
training	ConditionedCubic	25	1.4833333333333332	0.39453125	0.10546875	0.5	conditioned-low-v1	4	171.458	1	0	0	224.209
training	ConditionedCubic	25	1.4833333333333332	0.39453125	0.10546875	0.5	conditioned-middle-v1	0	43.416000000000025	0	0	0	224.209
training	ConditionedCubic	25	1.4833333333333332	0.39453125	0.10546875	0.5	conditioned-middle-v1	2	129	0	0	0	224.209
training	ConditionedCubic	25	1.4833333333333332	0.39453125	0.10546875	0.5	conditioned-middle-v1	3	170.709	1	0	0	224.209
training	ConditionedCubic	25	1.4833333333333332	0.39453125	0.10546875	0.5	conditioned-middle-v1	4	172.375	1	0	0	224.209
training	ConditionedCubic	25	1.4833333333333332	0.39453125	0.10546875	0.5	conditioned-high-v1	0	49.123999999999995	0	0	0	224.209
training	ConditionedCubic	25	1.4833333333333332	0.39453125	0.10546875	0.5	conditioned-high-v1	2	134.62400000000002	0	0	0	224.209
training	ConditionedCubic	25	1.4833333333333332	0.39453125	0.10546875	0.5	conditioned-high-v1	3	176.166	1	0	0	224.209
training	ConditionedCubic	25	1.4833333333333332	0.39453125	0.10546875	0.5	conditioned-high-v1	4	177.625	1	0	0	224.209
training	ConditionedCubic	26	1.6142857142857143	0.41015625	0.08984375	0.5	conditioned-low-v1	0	44.707999999999998	0	0	0	184.208
training	ConditionedCubic	26	1.6142857142857143	0.41015625	0.08984375	0.5	conditioned-low-v1	2	130.25099999999998	0	0	0	184.208
training	ConditionedCubic	26	1.6142857142857143	0.41015625	0.08984375	0.5	conditioned-low-v1	3	173	1	0	0	184.208
training	ConditionedCubic	26	1.6142857142857143	0.41015625	0.08984375	0.5	conditioned-low-v1	4	172.708	1	0	0	184.208
training	ConditionedCubic	26	1.6142857142857143	0.41015625	0.08984375	0.5	conditioned-middle-v1	0	42.748999999999995	0	0	0	184.208
training	ConditionedCubic	26	1.6142857142857143	0.41015625	0.08984375	0.5	conditioned-middle-v1	2	129.208	0	0	0	184.208
training	ConditionedCubic	26	1.6142857142857143	0.41015625	0.08984375	0.5	conditioned-middle-v1	3	171.125	1	0	0	184.208
training	ConditionedCubic	26	1.6142857142857143	0.41015625	0.08984375	0.5	conditioned-middle-v1	4	171.625	1	0	0	184.208
training	ConditionedCubic	26	1.6142857142857143	0.41015625	0.08984375	0.5	conditioned-high-v1	0	48.625	0	0	0	184.208
training	ConditionedCubic	26	1.6142857142857143	0.41015625	0.08984375	0.5	conditioned-high-v1	2	134.66800000000001	0	0	0	184.208
training	ConditionedCubic	26	1.6142857142857143	0.41015625	0.08984375	0.5	conditioned-high-v1	3	177.125	1	0	0	184.208
training	ConditionedCubic	26	1.6142857142857143	0.41015625	0.08984375	0.5	conditioned-high-v1	4	178.833	1	0	0	184.208
training	ConditionedCubic	27	1.7452380952380953	0.42578125	0.07421875	0.5	conditioned-low-v1	0	44.959000000000003	0	0	0	185.75
training	ConditionedCubic	27	1.7452380952380953	0.42578125	0.07421875	0.5	conditioned-low-v1	2	131.041	0	0	0	185.75
training	ConditionedCubic	27	1.7452380952380953	0.42578125	0.07421875	0.5	conditioned-low-v1	3	173.291	1	0	0	185.75
training	ConditionedCubic	27	1.7452380952380953	0.42578125	0.07421875	0.5	conditioned-low-v1	4	174.375	1	0	0	185.75
training	ConditionedCubic	27	1.7452380952380953	0.42578125	0.07421875	0.5	conditioned-middle-v1	0	42.290999999999997	0	0	0	185.75
training	ConditionedCubic	27	1.7452380952380953	0.42578125	0.07421875	0.5	conditioned-middle-v1	2	128.791	0	0	0	185.75
training	ConditionedCubic	27	1.7452380952380953	0.42578125	0.07421875	0.5	conditioned-middle-v1	3	170.333	1	0	0	185.75
training	ConditionedCubic	27	1.7452380952380953	0.42578125	0.07421875	0.5	conditioned-middle-v1	4	172	1	0	0	185.75
training	ConditionedCubic	27	1.7452380952380953	0.42578125	0.07421875	0.5	conditioned-high-v1	0	48.248999999999995	0	0	0	185.75
training	ConditionedCubic	27	1.7452380952380953	0.42578125	0.07421875	0.5	conditioned-high-v1	2	136.374	0	0	0	185.75
training	ConditionedCubic	27	1.7452380952380953	0.42578125	0.07421875	0.5	conditioned-high-v1	3	176.666	1	0	0	185.75
training	ConditionedCubic	27	1.7452380952380953	0.42578125	0.07421875	0.5	conditioned-high-v1	4	178	1	0	0	185.75
training	ConditionedCubic	28	1.8761904761904762	0.44140625	0.05859375	0.5	conditioned-low-v1	0	45.207999999999998	0	0	0	183.334
training	ConditionedCubic	28	1.8761904761904762	0.44140625	0.05859375	0.5	conditioned-low-v1	2	131.167	0	0	0	183.334
training	ConditionedCubic	28	1.8761904761904762	0.44140625	0.05859375	0.5	conditioned-low-v1	3	173.167	1	0	0	183.334
training	ConditionedCubic	28	1.8761904761904762	0.44140625	0.05859375	0.5	conditioned-low-v1	4	172.667	1	0	0	183.334
training	ConditionedCubic	28	1.8761904761904762	0.44140625	0.05859375	0.5	conditioned-middle-v1	0	41.582999999999998	0	0	0	183.334
training	ConditionedCubic	28	1.8761904761904762	0.44140625	0.05859375	0.5	conditioned-middle-v1	2	127.66600000000003	0	0	0	183.334
training	ConditionedCubic	28	1.8761904761904762	0.44140625	0.05859375	0.5	conditioned-middle-v1	3	170.333	1	0	0	183.334
training	ConditionedCubic	28	1.8761904761904762	0.44140625	0.05859375	0.5	conditioned-middle-v1	4	169.917	1	0	0	183.334
training	ConditionedCubic	28	1.8761904761904762	0.44140625	0.05859375	0.5	conditioned-high-v1	0	47.915999999999997	0	0	0	183.334
training	ConditionedCubic	28	1.8761904761904762	0.44140625	0.05859375	0.5	conditioned-high-v1	2	133.749	0	0	0	183.334
training	ConditionedCubic	28	1.8761904761904762	0.44140625	0.05859375	0.5	conditioned-high-v1	3	175.5	1	0	0	183.334
training	ConditionedCubic	28	1.8761904761904762	0.44140625	0.05859375	0.5	conditioned-high-v1	4	177.709	1	0	0	183.334
training	ConditionedCubic	29	1.2452380952380953	0.45703125	0.04296875	0.5	conditioned-low-v1	0	45.584000000000003	0	0	0	181.542
training	ConditionedCubic	29	1.2452380952380953	0.45703125	0.04296875	0.5	conditioned-low-v1	2	131.625	0	0	0	181.542
training	ConditionedCubic	29	1.2452380952380953	0.45703125	0.04296875	0.5	conditioned-low-v1	3	173.666	1	0	0	181.542
training	ConditionedCubic	29	1.2452380952380953	0.45703125	0.04296875	0.5	conditioned-low-v1	4	173.083	1	0	0	181.542
training	ConditionedCubic	29	1.2452380952380953	0.45703125	0.04296875	0.5	conditioned-middle-v1	0	38.417000000000002	1	0	0	181.542
training	ConditionedCubic	29	1.2452380952380953	0.45703125	0.04296875	0.5	conditioned-middle-v1	2	38.292000000000002	1	0	0	181.542
training	ConditionedCubic	29	1.2452380952380953	0.45703125	0.04296875	0.5	conditioned-middle-v1	3	38.042000000000002	1	0	0	181.542
training	ConditionedCubic	29	1.2452380952380953	0.45703125	0.04296875	0.5	conditioned-middle-v1	4	38.167000000000002	1	0	0	181.542
training	ConditionedCubic	29	1.2452380952380953	0.45703125	0.04296875	0.5	conditioned-high-v1	0	47.417000000000002	0	0	0	181.542
training	ConditionedCubic	29	1.2452380952380953	0.45703125	0.04296875	0.5	conditioned-high-v1	2	133.58300000000003	0	0	0	181.542
training	ConditionedCubic	29	1.2452380952380953	0.45703125	0.04296875	0.5	conditioned-high-v1	3	175.75	1	0	0	181.542
training	ConditionedCubic	29	1.2452380952380953	0.45703125	0.04296875	0.5	conditioned-high-v1	4	175.458	1	0	0	181.542
training	ConditionedCubic	30	1.3761904761904762	0.47265625	0.02734375	0.5	conditioned-low-v1	0	48.416000000000025	0	0	0	229.791
training	ConditionedCubic	30	1.3761904761904762	0.47265625	0.02734375	0.5	conditioned-low-v1	2	134.37599999999998	0	0	0	229.791
training	ConditionedCubic	30	1.3761904761904762	0.47265625	0.02734375	0.5	conditioned-low-v1	3	180.834	1	0	0	229.791
training	ConditionedCubic	30	1.3761904761904762	0.47265625	0.02734375	0.5	conditioned-low-v1	4	178.958	1	0	0	229.791
training	ConditionedCubic	30	1.3761904761904762	0.47265625	0.02734375	0.5	conditioned-middle-v1	0	38.25	1	0	0	229.791
training	ConditionedCubic	30	1.3761904761904762	0.47265625	0.02734375	0.5	conditioned-middle-v1	2	37.875	1	0	0	229.791
training	ConditionedCubic	30	1.3761904761904762	0.47265625	0.02734375	0.5	conditioned-middle-v1	3	37.582999999999998	1	0	0	229.791
training	ConditionedCubic	30	1.3761904761904762	0.47265625	0.02734375	0.5	conditioned-middle-v1	4	37.542000000000002	1	0	0	229.791
training	ConditionedCubic	30	1.3761904761904762	0.47265625	0.02734375	0.5	conditioned-high-v1	0	47.499000000000024	0	0	0	229.791
training	ConditionedCubic	30	1.3761904761904762	0.47265625	0.02734375	0.5	conditioned-high-v1	2	135.958	0	0	0	229.791
training	ConditionedCubic	30	1.3761904761904762	0.47265625	0.02734375	0.5	conditioned-high-v1	3	177.25	1	0	0	229.791
training	ConditionedCubic	30	1.3761904761904762	0.47265625	0.02734375	0.5	conditioned-high-v1	4	176.875	1	0	0	229.791
training	ConditionedCubic	31	1.5071428571428571	0.48828125	0.01171875	0.5	conditioned-low-v1	0	46.707999999999998	0	0	0	181.042
training	ConditionedCubic	31	1.5071428571428571	0.48828125	0.01171875	0.5	conditioned-low-v1	2	133.79100000000003	0	0	0	181.042
training	ConditionedCubic	31	1.5071428571428571	0.48828125	0.01171875	0.5	conditioned-low-v1	3	176.542	1	0	0	181.042
training	ConditionedCubic	31	1.5071428571428571	0.48828125	0.01171875	0.5	conditioned-low-v1	4	176.125	1	0	0	181.042
training	ConditionedCubic	31	1.5071428571428571	0.48828125	0.01171875	0.5	conditioned-middle-v1	0	40.417000000000002	1	0	0	181.042
training	ConditionedCubic	31	1.5071428571428571	0.48828125	0.01171875	0.5	conditioned-middle-v1	2	37.459000000000003	1	0	0	181.042
training	ConditionedCubic	31	1.5071428571428571	0.48828125	0.01171875	0.5	conditioned-middle-v1	3	37	1	0	0	181.042
training	ConditionedCubic	31	1.5071428571428571	0.48828125	0.01171875	0.5	conditioned-middle-v1	4	36.75	1	0	0	181.042
training	ConditionedCubic	31	1.5071428571428571	0.48828125	0.01171875	0.5	conditioned-high-v1	0	46.876000000000005	0	0	0	181.042
training	ConditionedCubic	31	1.5071428571428571	0.48828125	0.01171875	0.5	conditioned-high-v1	2	132.12500000000003	0	0	0	181.042
training	ConditionedCubic	31	1.5071428571428571	0.48828125	0.01171875	0.5	conditioned-high-v1	3	173.875	1	0	0	181.042
training	ConditionedCubic	31	1.5071428571428571	0.48828125	0.01171875	0.5	conditioned-high-v1	4	172.125	1	0	0	181.042
training	ConditionedCubic	32	1.638095238095238	0.50390625	0.00390625	0.5	conditioned-low-v1	0	46.75	0	0	0	180.334
training	ConditionedCubic	32	1.638095238095238	0.50390625	0.00390625	0.5	conditioned-low-v1	2	131.792	0	0	0	180.334
training	ConditionedCubic	32	1.638095238095238	0.50390625	0.00390625	0.5	conditioned-low-v1	3	172.083	1	0	0	180.334
training	ConditionedCubic	32	1.638095238095238	0.50390625	0.00390625	0.5	conditioned-low-v1	4	171.833	1	0	0	180.334
training	ConditionedCubic	32	1.638095238095238	0.50390625	0.00390625	0.5	conditioned-middle-v1	0	36.542000000000002	1	0	0	180.334
training	ConditionedCubic	32	1.638095238095238	0.50390625	0.00390625	0.5	conditioned-middle-v1	2	36.459000000000003	1	0	0	180.334
training	ConditionedCubic	32	1.638095238095238	0.50390625	0.00390625	0.5	conditioned-middle-v1	3	36.332999999999998	1	0	0	180.334
training	ConditionedCubic	32	1.638095238095238	0.50390625	0.00390625	0.5	conditioned-middle-v1	4	36.457999999999998	1	0	0	180.334
training	ConditionedCubic	32	1.638095238095238	0.50390625	0.00390625	0.5	conditioned-high-v1	0	46	0	0	0	180.334
training	ConditionedCubic	32	1.638095238095238	0.50390625	0.00390625	0.5	conditioned-high-v1	2	130.66700000000003	0	0	0	180.334
training	ConditionedCubic	32	1.638095238095238	0.50390625	0.00390625	0.5	conditioned-high-v1	3	171.875	1	0	0	180.334
training	ConditionedCubic	32	1.638095238095238	0.50390625	0.00390625	0.5	conditioned-high-v1	4	171.834	1	0	0	180.334
training	ConditionedCubic	33	1.769047619047619	0.51953125	0.01953125	0.5	conditioned-low-v1	0	46.792000000000002	0	0	0	180.208
training	ConditionedCubic	33	1.769047619047619	0.51953125	0.01953125	0.5	conditioned-low-v1	2	131.75099999999998	0	0	0	180.208
training	ConditionedCubic	33	1.769047619047619	0.51953125	0.01953125	0.5	conditioned-low-v1	3	172.25	1	0	0	180.208
training	ConditionedCubic	33	1.769047619047619	0.51953125	0.01953125	0.5	conditioned-low-v1	4	171.791	1	0	0	180.208
training	ConditionedCubic	33	1.769047619047619	0.51953125	0.01953125	0.5	conditioned-middle-v1	0	37.167000000000002	1	0	0	180.208
training	ConditionedCubic	33	1.769047619047619	0.51953125	0.01953125	0.5	conditioned-middle-v1	2	36.959000000000003	1	0	0	180.208
training	ConditionedCubic	33	1.769047619047619	0.51953125	0.01953125	0.5	conditioned-middle-v1	3	36.917000000000002	1	0	0	180.208
training	ConditionedCubic	33	1.769047619047619	0.51953125	0.01953125	0.5	conditioned-middle-v1	4	36.915999999999997	1	0	0	180.208
training	ConditionedCubic	33	1.769047619047619	0.51953125	0.01953125	0.5	conditioned-high-v1	0	45.957999999999998	0	0	0	180.208
training	ConditionedCubic	33	1.769047619047619	0.51953125	0.01953125	0.5	conditioned-high-v1	2	131.79300000000001	0	0	0	180.208
training	ConditionedCubic	33	1.769047619047619	0.51953125	0.01953125	0.5	conditioned-high-v1	3	171.709	1	0	0	180.208
training	ConditionedCubic	33	1.769047619047619	0.51953125	0.01953125	0.5	conditioned-high-v1	4	172.125	1	0	0	180.208
training	ConditionedCubic	34	1.8999999999999999	0.53515625	0.03515625	0.5	conditioned-low-v1	0	47.25	0	0	0	186.541
training	ConditionedCubic	34	1.8999999999999999	0.53515625	0.03515625	0.5	conditioned-low-v1	2	131.666	0	0	0	186.541
training	ConditionedCubic	34	1.8999999999999999	0.53515625	0.03515625	0.5	conditioned-low-v1	3	172.666	1	0	0	186.541
training	ConditionedCubic	34	1.8999999999999999	0.53515625	0.03515625	0.5	conditioned-low-v1	4	173.25	1	0	0	186.541
training	ConditionedCubic	34	1.8999999999999999	0.53515625	0.03515625	0.5	conditioned-middle-v1	0	37.875	1	0	0	186.541
training	ConditionedCubic	34	1.8999999999999999	0.53515625	0.03515625	0.5	conditioned-middle-v1	2	37.832999999999998	1	0	0	186.541
training	ConditionedCubic	34	1.8999999999999999	0.53515625	0.03515625	0.5	conditioned-middle-v1	3	38.625	1	0	0	186.541
training	ConditionedCubic	34	1.8999999999999999	0.53515625	0.03515625	0.5	conditioned-middle-v1	4	37.875	1	0	0	186.541
training	ConditionedCubic	34	1.8999999999999999	0.53515625	0.03515625	0.5	conditioned-high-v1	0	46.125	0	0	0	186.541
training	ConditionedCubic	34	1.8999999999999999	0.53515625	0.03515625	0.5	conditioned-high-v1	2	134.541	0	0	0	186.541
training	ConditionedCubic	34	1.8999999999999999	0.53515625	0.03515625	0.5	conditioned-high-v1	3	177.416	1	0	0	186.541
training	ConditionedCubic	34	1.8999999999999999	0.53515625	0.03515625	0.5	conditioned-high-v1	4	178.334	1	0	0	186.541
training	ConditionedCubic	35	1.269047619047619	0.55078125	0.05078125	0.5	conditioned-low-v1	0	48.834000000000003	0	0	0	182.75
training	ConditionedCubic	35	1.269047619047619	0.55078125	0.05078125	0.5	conditioned-low-v1	2	135.041	0	0	0	182.75
training	ConditionedCubic	35	1.269047619047619	0.55078125	0.05078125	0.5	conditioned-low-v1	3	176.292	1	0	0	182.75
training	ConditionedCubic	35	1.269047619047619	0.55078125	0.05078125	0.5	conditioned-low-v1	4	176.375	1	0	0	182.75
training	ConditionedCubic	35	1.269047619047619	0.55078125	0.05078125	0.5	conditioned-middle-v1	0	41.292000000000002	0	0	0	182.75
training	ConditionedCubic	35	1.269047619047619	0.55078125	0.05078125	0.5	conditioned-middle-v1	2	127.95899999999997	0	0	0	182.75
training	ConditionedCubic	35	1.269047619047619	0.55078125	0.05078125	0.5	conditioned-middle-v1	3	170	1	0	0	182.75
training	ConditionedCubic	35	1.269047619047619	0.55078125	0.05078125	0.5	conditioned-middle-v1	4	169.083	1	0	0	182.75
training	ConditionedCubic	35	1.269047619047619	0.55078125	0.05078125	0.5	conditioned-high-v1	0	45.165999999999997	0	0	0	182.75
training	ConditionedCubic	35	1.269047619047619	0.55078125	0.05078125	0.5	conditioned-high-v1	2	132.45899999999997	0	0	0	182.75
training	ConditionedCubic	35	1.269047619047619	0.55078125	0.05078125	0.5	conditioned-high-v1	3	174.292	1	0	0	182.75
training	ConditionedCubic	35	1.269047619047619	0.55078125	0.05078125	0.5	conditioned-high-v1	4	173.959	1	0	0	182.75
training	ConditionedCubic	36	1.3999999999999999	0.56640625	0.06640625	0.5	conditioned-low-v1	0	48.458000000000027	0	0	0	227.417
training	ConditionedCubic	36	1.3999999999999999	0.56640625	0.06640625	0.5	conditioned-low-v1	2	134.875	0	0	0	227.417
training	ConditionedCubic	36	1.3999999999999999	0.56640625	0.06640625	0.5	conditioned-low-v1	3	177.625	1	0	0	227.417
training	ConditionedCubic	36	1.3999999999999999	0.56640625	0.06640625	0.5	conditioned-low-v1	4	176.833	1	0	0	227.417
training	ConditionedCubic	36	1.3999999999999999	0.56640625	0.06640625	0.5	conditioned-middle-v1	0	41.832999999999998	0	0	0	227.417
training	ConditionedCubic	36	1.3999999999999999	0.56640625	0.06640625	0.5	conditioned-middle-v1	2	128.41699999999997	0	0	0	227.417
training	ConditionedCubic	36	1.3999999999999999	0.56640625	0.06640625	0.5	conditioned-middle-v1	3	170.5	1	0	0	227.417
training	ConditionedCubic	36	1.3999999999999999	0.56640625	0.06640625	0.5	conditioned-middle-v1	4	170.042	1	0	0	227.417
training	ConditionedCubic	36	1.3999999999999999	0.56640625	0.06640625	0.5	conditioned-high-v1	0	44.873999999999995	0	0	0	227.417
training	ConditionedCubic	36	1.3999999999999999	0.56640625	0.06640625	0.5	conditioned-high-v1	2	133.37499999999997	0	0	0	227.417
training	ConditionedCubic	36	1.3999999999999999	0.56640625	0.06640625	0.5	conditioned-high-v1	3	173.541	1	0	0	227.417
training	ConditionedCubic	36	1.3999999999999999	0.56640625	0.06640625	0.5	conditioned-high-v1	4	172.792	1	0	0	227.417
training	ConditionedCubic	37	1.5309523809523808	0.58203125	0.08203125	0.5	conditioned-low-v1	0	48.834000000000003	0	0	0	187.708
training	ConditionedCubic	37	1.5309523809523808	0.58203125	0.08203125	0.5	conditioned-low-v1	2	135.12400000000002	0	0	0	187.708
training	ConditionedCubic	37	1.5309523809523808	0.58203125	0.08203125	0.5	conditioned-low-v1	3	178.625	1	0	0	187.708
training	ConditionedCubic	37	1.5309523809523808	0.58203125	0.08203125	0.5	conditioned-low-v1	4	176.333	1	0	0	187.708
training	ConditionedCubic	37	1.5309523809523808	0.58203125	0.08203125	0.5	conditioned-middle-v1	0	42.540999999999997	0	0	0	187.708
training	ConditionedCubic	37	1.5309523809523808	0.58203125	0.08203125	0.5	conditioned-middle-v1	2	129.542	0	0	0	187.708
training	ConditionedCubic	37	1.5309523809523808	0.58203125	0.08203125	0.5	conditioned-middle-v1	3	170.708	1	0	0	187.708
training	ConditionedCubic	37	1.5309523809523808	0.58203125	0.08203125	0.5	conditioned-middle-v1	4	170.917	1	0	0	187.708
training	ConditionedCubic	37	1.5309523809523808	0.58203125	0.08203125	0.5	conditioned-high-v1	0	44.542000000000002	0	0	0	187.708
training	ConditionedCubic	37	1.5309523809523808	0.58203125	0.08203125	0.5	conditioned-high-v1	2	131.79100000000003	0	0	0	187.708
training	ConditionedCubic	37	1.5309523809523808	0.58203125	0.08203125	0.5	conditioned-high-v1	3	183.25	1	0	0	187.708
training	ConditionedCubic	37	1.5309523809523808	0.58203125	0.08203125	0.5	conditioned-high-v1	4	175.375	1	0	0	187.708
training	ConditionedCubic	38	1.6619047619047618	0.59765625	0.09765625	0.5	conditioned-low-v1	0	49.709000000000003	0	0	0	187.291
training	ConditionedCubic	38	1.6619047619047618	0.59765625	0.09765625	0.5	conditioned-low-v1	2	137.33299999999997	0	0	0	187.291
training	ConditionedCubic	38	1.6619047619047618	0.59765625	0.09765625	0.5	conditioned-low-v1	3	179.125	1	0	0	187.291
training	ConditionedCubic	38	1.6619047619047618	0.59765625	0.09765625	0.5	conditioned-low-v1	4	179.041	1	0	0	187.291
training	ConditionedCubic	38	1.6619047619047618	0.59765625	0.09765625	0.5	conditioned-middle-v1	0	43.625	0	0	0	187.291
training	ConditionedCubic	38	1.6619047619047618	0.59765625	0.09765625	0.5	conditioned-middle-v1	2	130.916	0	0	0	187.291
training	ConditionedCubic	38	1.6619047619047618	0.59765625	0.09765625	0.5	conditioned-middle-v1	3	173.417	1	0	0	187.291
training	ConditionedCubic	38	1.6619047619047618	0.59765625	0.09765625	0.5	conditioned-middle-v1	4	173.208	1	0	0	187.291
training	ConditionedCubic	38	1.6619047619047618	0.59765625	0.09765625	0.5	conditioned-high-v1	0	44.375	0	0	0	187.291
training	ConditionedCubic	38	1.6619047619047618	0.59765625	0.09765625	0.5	conditioned-high-v1	2	132.374	0	0	0	187.291
training	ConditionedCubic	38	1.6619047619047618	0.59765625	0.09765625	0.5	conditioned-high-v1	3	173.791	1	0	0	187.291
training	ConditionedCubic	38	1.6619047619047618	0.59765625	0.09765625	0.5	conditioned-high-v1	4	174.541	1	0	0	187.291
training	ConditionedCubic	39	1.7928571428571427	0.61328125	0.11328125	0.5	conditioned-low-v1	0	49.832999999999998	0	0	0	144.625
training	ConditionedCubic	39	1.7928571428571427	0.61328125	0.11328125	0.5	conditioned-low-v1	2	137.41600000000003	0	0	0	144.625
training	ConditionedCubic	39	1.7928571428571427	0.61328125	0.11328125	0.5	conditioned-low-v1	3	179.416	1	0	0	144.625
training	ConditionedCubic	39	1.7928571428571427	0.61328125	0.11328125	0.5	conditioned-low-v1	4	179.583	1	0	0	144.625
training	ConditionedCubic	39	1.7928571428571427	0.61328125	0.11328125	0.5	conditioned-middle-v1	0	44.082999999999998	0	0	0	144.625
training	ConditionedCubic	39	1.7928571428571427	0.61328125	0.11328125	0.5	conditioned-middle-v1	2	132.041	0	0	0	144.625
training	ConditionedCubic	39	1.7928571428571427	0.61328125	0.11328125	0.5	conditioned-middle-v1	3	173.708	1	0	0	144.625
training	ConditionedCubic	39	1.7928571428571427	0.61328125	0.11328125	0.5	conditioned-middle-v1	4	174.5	1	0	0	144.625
training	ConditionedCubic	39	1.7928571428571427	0.61328125	0.11328125	0.5	conditioned-high-v1	0	44.290999999999997	0	0	0	144.625
training	ConditionedCubic	39	1.7928571428571427	0.61328125	0.11328125	0.5	conditioned-high-v1	2	132.37500000000003	0	0	0	144.625
training	ConditionedCubic	39	1.7928571428571427	0.61328125	0.11328125	0.5	conditioned-high-v1	3	174	1	0	0	144.625
training	ConditionedCubic	39	1.7928571428571427	0.61328125	0.11328125	0.5	conditioned-high-v1	4	174.083	1	0	0	144.625
training	ConditionedCubic	40	1.1619047619047618	0.62890625	0.12890625	0.5	conditioned-low-v1	0	50.332999999999998	0	0	0	188.583
training	ConditionedCubic	40	1.1619047619047618	0.62890625	0.12890625	0.5	conditioned-low-v1	2	138.62500000000003	0	0	0	188.583
training	ConditionedCubic	40	1.1619047619047618	0.62890625	0.12890625	0.5	conditioned-low-v1	3	180.25	1	0	0	188.583
training	ConditionedCubic	40	1.1619047619047618	0.62890625	0.12890625	0.5	conditioned-low-v1	4	180.625	1	0	0	188.583
training	ConditionedCubic	40	1.1619047619047618	0.62890625	0.12890625	0.5	conditioned-middle-v1	0	44.748999999999995	0	0	0	188.583
training	ConditionedCubic	40	1.1619047619047618	0.62890625	0.12890625	0.5	conditioned-middle-v1	2	133.54100000000003	0	0	0	188.583
training	ConditionedCubic	40	1.1619047619047618	0.62890625	0.12890625	0.5	conditioned-middle-v1	3	175.291	1	0	0	188.583
training	ConditionedCubic	40	1.1619047619047618	0.62890625	0.12890625	0.5	conditioned-middle-v1	4	175.167	1	0	0	188.583
training	ConditionedCubic	40	1.1619047619047618	0.62890625	0.12890625	0.5	conditioned-high-v1	0	43.707999999999998	0	0	0	188.583
training	ConditionedCubic	40	1.1619047619047618	0.62890625	0.12890625	0.5	conditioned-high-v1	2	131.74900000000002	0	0	0	188.583
training	ConditionedCubic	40	1.1619047619047618	0.62890625	0.12890625	0.5	conditioned-high-v1	3	174.792	1	0	0	188.583
training	ConditionedCubic	40	1.1619047619047618	0.62890625	0.12890625	0.5	conditioned-high-v1	4	173.875	1	0	0	188.583
training	ConditionedCubic	41	1.2928571428571427	0.64453125	0.14453125	0.5	conditioned-low-v1	0	50.582999999999998	0	0	0	183.667
training	ConditionedCubic	41	1.2928571428571427	0.64453125	0.14453125	0.5	conditioned-low-v1	2	138.20899999999997	0	0	0	183.667
training	ConditionedCubic	41	1.2928571428571427	0.64453125	0.14453125	0.5	conditioned-low-v1	3	183.166	1	0	0	183.667
training	ConditionedCubic	41	1.2928571428571427	0.64453125	0.14453125	0.5	conditioned-low-v1	4	180.5	1	0	0	183.667
training	ConditionedCubic	41	1.2928571428571427	0.64453125	0.14453125	0.5	conditioned-middle-v1	0	46	0	0	0	183.667
training	ConditionedCubic	41	1.2928571428571427	0.64453125	0.14453125	0.5	conditioned-middle-v1	2	132.75000000000003	0	0	0	183.667
training	ConditionedCubic	41	1.2928571428571427	0.64453125	0.14453125	0.5	conditioned-middle-v1	3	173.25	1	0	0	183.667
training	ConditionedCubic	41	1.2928571428571427	0.64453125	0.14453125	0.5	conditioned-middle-v1	4	173.708	1	0	0	183.667
training	ConditionedCubic	41	1.2928571428571427	0.64453125	0.14453125	0.5	conditioned-high-v1	0	43.209000000000003	0	0	0	183.667
training	ConditionedCubic	41	1.2928571428571427	0.64453125	0.14453125	0.5	conditioned-high-v1	2	130.5	0	0	0	183.667
training	ConditionedCubic	41	1.2928571428571427	0.64453125	0.14453125	0.5	conditioned-high-v1	3	171.583	1	0	0	183.667
training	ConditionedCubic	41	1.2928571428571427	0.64453125	0.14453125	0.5	conditioned-high-v1	4	172.417	1	0	0	183.667
training	ConditionedCubic	42	1.4238095238095236	0.66015625	0.16015625	0.5	conditioned-low-v1	0	50.791999999999973	0	0	0	232
training	ConditionedCubic	42	1.4238095238095236	0.66015625	0.16015625	0.5	conditioned-low-v1	2	140.83299999999997	0	0	0	232
training	ConditionedCubic	42	1.4238095238095236	0.66015625	0.16015625	0.5	conditioned-low-v1	3	181.166	1	0	0	232
training	ConditionedCubic	42	1.4238095238095236	0.66015625	0.16015625	0.5	conditioned-low-v1	4	180.375	1	0	0	232
training	ConditionedCubic	42	1.4238095238095236	0.66015625	0.16015625	0.5	conditioned-middle-v1	0	46.042000000000002	0	0	0	232
training	ConditionedCubic	42	1.4238095238095236	0.66015625	0.16015625	0.5	conditioned-middle-v1	2	133.625	0	0	0	232
training	ConditionedCubic	42	1.4238095238095236	0.66015625	0.16015625	0.5	conditioned-middle-v1	3	176.375	1	0	0	232
training	ConditionedCubic	42	1.4238095238095236	0.66015625	0.16015625	0.5	conditioned-middle-v1	4	176.208	1	0	0	232
training	ConditionedCubic	42	1.4238095238095236	0.66015625	0.16015625	0.5	conditioned-high-v1	0	42.875999999999976	0	0	0	232
training	ConditionedCubic	42	1.4238095238095236	0.66015625	0.16015625	0.5	conditioned-high-v1	2	131.125	0	0	0	232
training	ConditionedCubic	42	1.4238095238095236	0.66015625	0.16015625	0.5	conditioned-high-v1	3	174.084	1	0	0	232
training	ConditionedCubic	42	1.4238095238095236	0.66015625	0.16015625	0.5	conditioned-high-v1	4	173.458	1	0	0	232
training	ConditionedCubic	43	1.5547619047619046	0.67578125	0.17578125	0.5	conditioned-low-v1	0	51.373999999999995	0	0	0	187.625
training	ConditionedCubic	43	1.5547619047619046	0.67578125	0.17578125	0.5	conditioned-low-v1	2	140.20899999999997	0	0	0	187.625
training	ConditionedCubic	43	1.5547619047619046	0.67578125	0.17578125	0.5	conditioned-low-v1	3	182.084	1	0	0	187.625
training	ConditionedCubic	43	1.5547619047619046	0.67578125	0.17578125	0.5	conditioned-low-v1	4	181.875	1	0	0	187.625
training	ConditionedCubic	43	1.5547619047619046	0.67578125	0.17578125	0.5	conditioned-middle-v1	0	46.957999999999998	0	0	0	187.625
training	ConditionedCubic	43	1.5547619047619046	0.67578125	0.17578125	0.5	conditioned-middle-v1	2	136.00000000000003	0	0	0	187.625
training	ConditionedCubic	43	1.5547619047619046	0.67578125	0.17578125	0.5	conditioned-middle-v1	3	178.166	1	0	0	187.625
training	ConditionedCubic	43	1.5547619047619046	0.67578125	0.17578125	0.5	conditioned-middle-v1	4	177.791	1	0	0	187.625
training	ConditionedCubic	43	1.5547619047619046	0.67578125	0.17578125	0.5	conditioned-high-v1	0	42.792000000000002	0	0	0	187.625
training	ConditionedCubic	43	1.5547619047619046	0.67578125	0.17578125	0.5	conditioned-high-v1	2	131.29199999999997	0	0	0	187.625
training	ConditionedCubic	43	1.5547619047619046	0.67578125	0.17578125	0.5	conditioned-high-v1	3	173.209	1	0	0	187.625
training	ConditionedCubic	43	1.5547619047619046	0.67578125	0.17578125	0.5	conditioned-high-v1	4	173.959	1	0	0	187.625
training	ConditionedCubic	44	1.6857142857142855	0.69140625	0.19140625	0.5	conditioned-low-v1	0	51.667000000000002	0	0	0	188.625
training	ConditionedCubic	44	1.6857142857142855	0.69140625	0.19140625	0.5	conditioned-low-v1	2	140.333	0	0	0	188.625
training	ConditionedCubic	44	1.6857142857142855	0.69140625	0.19140625	0.5	conditioned-low-v1	3	182.542	1	0	0	188.625
training	ConditionedCubic	44	1.6857142857142855	0.69140625	0.19140625	0.5	conditioned-low-v1	4	182	1	0	0	188.625
training	ConditionedCubic	44	1.6857142857142855	0.69140625	0.19140625	0.5	conditioned-middle-v1	0	48	0	0	0	188.625
training	ConditionedCubic	44	1.6857142857142855	0.69140625	0.19140625	0.5	conditioned-middle-v1	2	136.20699999999999	0	0	0	188.625
training	ConditionedCubic	44	1.6857142857142855	0.69140625	0.19140625	0.5	conditioned-middle-v1	3	178.75	1	0	0	188.625
training	ConditionedCubic	44	1.6857142857142855	0.69140625	0.19140625	0.5	conditioned-middle-v1	4	178.833	1	0	0	188.625
training	ConditionedCubic	44	1.6857142857142855	0.69140625	0.19140625	0.5	conditioned-high-v1	0	42.542000000000002	0	0	0	188.625
training	ConditionedCubic	44	1.6857142857142855	0.69140625	0.19140625	0.5	conditioned-high-v1	2	130.792	0	0	0	188.625
training	ConditionedCubic	44	1.6857142857142855	0.69140625	0.19140625	0.5	conditioned-high-v1	3	173.584	1	0	0	188.625
training	ConditionedCubic	44	1.6857142857142855	0.69140625	0.19140625	0.5	conditioned-high-v1	4	172.791	1	0	0	188.625
training	ConditionedCubic	45	1.8166666666666664	0.70703125	0.20703125	0.5	conditioned-low-v1	0	52.292000000000002	0	0	0	186.667
training	ConditionedCubic	45	1.8166666666666664	0.70703125	0.20703125	0.5	conditioned-low-v1	2	140.792	0	0	0	186.667
training	ConditionedCubic	45	1.8166666666666664	0.70703125	0.20703125	0.5	conditioned-low-v1	3	181.959	1	0	0	186.667
training	ConditionedCubic	45	1.8166666666666664	0.70703125	0.20703125	0.5	conditioned-low-v1	4	183.125	1	0	0	186.667
training	ConditionedCubic	45	1.8166666666666664	0.70703125	0.20703125	0.5	conditioned-middle-v1	0	48.5	0	0	0	186.667
training	ConditionedCubic	45	1.8166666666666664	0.70703125	0.20703125	0.5	conditioned-middle-v1	2	136.83399999999997	0	0	0	186.667
training	ConditionedCubic	45	1.8166666666666664	0.70703125	0.20703125	0.5	conditioned-middle-v1	3	178.291	1	0	0	186.667
training	ConditionedCubic	45	1.8166666666666664	0.70703125	0.20703125	0.5	conditioned-middle-v1	4	178.417	1	0	0	186.667
training	ConditionedCubic	45	1.8166666666666664	0.70703125	0.20703125	0.5	conditioned-high-v1	0	42.209000000000003	0	0	0	186.667
training	ConditionedCubic	45	1.8166666666666664	0.70703125	0.20703125	0.5	conditioned-high-v1	2	130.41699999999997	0	0	0	186.667
training	ConditionedCubic	45	1.8166666666666664	0.70703125	0.20703125	0.5	conditioned-high-v1	3	174.5	1	0	0	186.667
training	ConditionedCubic	45	1.8166666666666664	0.70703125	0.20703125	0.5	conditioned-high-v1	4	172.042	1	0	0	186.667
training	ConditionedCubic	46	1.1857142857142857	0.72265625	0.22265625	0.5	conditioned-low-v1	0	52.542000000000002	0	0	0	185.458
training	ConditionedCubic	46	1.1857142857142857	0.72265625	0.22265625	0.5	conditioned-low-v1	2	140.209	0	0	0	185.458
training	ConditionedCubic	46	1.1857142857142857	0.72265625	0.22265625	0.5	conditioned-low-v1	3	182.667	1	0	0	185.458
training	ConditionedCubic	46	1.1857142857142857	0.72265625	0.22265625	0.5	conditioned-low-v1	4	182.25	1	0	0	185.458
training	ConditionedCubic	46	1.1857142857142857	0.72265625	0.22265625	0.5	conditioned-middle-v1	0	51.832999999999998	0	0	0	185.458
training	ConditionedCubic	46	1.1857142857142857	0.72265625	0.22265625	0.5	conditioned-middle-v1	2	137.08300000000003	0	0	0	185.458
training	ConditionedCubic	46	1.1857142857142857	0.72265625	0.22265625	0.5	conditioned-middle-v1	3	178.833	1	0	0	185.458
training	ConditionedCubic	46	1.1857142857142857	0.72265625	0.22265625	0.5	conditioned-middle-v1	4	180.5	1	0	0	185.458
training	ConditionedCubic	46	1.1857142857142857	0.72265625	0.22265625	0.5	conditioned-high-v1	0	43.665999999999997	0	0	0	185.458
training	ConditionedCubic	46	1.1857142857142857	0.72265625	0.22265625	0.5	conditioned-high-v1	2	129.41800000000001	0	0	0	185.458
training	ConditionedCubic	46	1.1857142857142857	0.72265625	0.22265625	0.5	conditioned-high-v1	3	171.083	1	0	0	185.458
training	ConditionedCubic	46	1.1857142857142857	0.72265625	0.22265625	0.5	conditioned-high-v1	4	172.708	1	0	0	185.458
training	ConditionedCubic	47	1.3166666666666667	0.73828125	0.23828125	0.5	conditioned-low-v1	0	53.082999999999998	0	0	0	185.083
training	ConditionedCubic	47	1.3166666666666667	0.73828125	0.23828125	0.5	conditioned-low-v1	2	140.91699999999997	0	0	0	185.083
training	ConditionedCubic	47	1.3166666666666667	0.73828125	0.23828125	0.5	conditioned-low-v1	3	182	1	0	0	185.083
training	ConditionedCubic	47	1.3166666666666667	0.73828125	0.23828125	0.5	conditioned-low-v1	4	181.833	1	0	0	185.083
training	ConditionedCubic	47	1.3166666666666667	0.73828125	0.23828125	0.5	conditioned-middle-v1	0	50.623999999999995	0	0	0	185.083
training	ConditionedCubic	47	1.3166666666666667	0.73828125	0.23828125	0.5	conditioned-middle-v1	2	137.58300000000003	0	0	0	185.083
training	ConditionedCubic	47	1.3166666666666667	0.73828125	0.23828125	0.5	conditioned-middle-v1	3	179.334	1	0	0	185.083
training	ConditionedCubic	47	1.3166666666666667	0.73828125	0.23828125	0.5	conditioned-middle-v1	4	180.208	1	0	0	185.083
training	ConditionedCubic	47	1.3166666666666667	0.73828125	0.23828125	0.5	conditioned-high-v1	0	42.625	0	0	0	185.083
training	ConditionedCubic	47	1.3166666666666667	0.73828125	0.23828125	0.5	conditioned-high-v1	2	132.12400000000002	0	0	0	185.083
training	ConditionedCubic	47	1.3166666666666667	0.73828125	0.23828125	0.5	conditioned-high-v1	3	171.25	1	0	0	185.083
training	ConditionedCubic	47	1.3166666666666667	0.73828125	0.23828125	0.5	conditioned-high-v1	4	171	1	0	0	185.083
training	ConditionedCubic	48	1.4476190476190476	0.75390625	0.25390625	0.5	conditioned-low-v1	0	53.665999999999997	0	0	0	229.041
training	ConditionedCubic	48	1.4476190476190476	0.75390625	0.25390625	0.5	conditioned-low-v1	2	140.584	0	0	0	229.041
training	ConditionedCubic	48	1.4476190476190476	0.75390625	0.25390625	0.5	conditioned-low-v1	3	183.125	1	0	0	229.041
training	ConditionedCubic	48	1.4476190476190476	0.75390625	0.25390625	0.5	conditioned-low-v1	4	182.834	1	0	0	229.041
training	ConditionedCubic	48	1.4476190476190476	0.75390625	0.25390625	0.5	conditioned-middle-v1	0	50.957999999999998	0	0	0	229.041
training	ConditionedCubic	48	1.4476190476190476	0.75390625	0.25390625	0.5	conditioned-middle-v1	2	138.33399999999997	0	0	0	229.041
training	ConditionedCubic	48	1.4476190476190476	0.75390625	0.25390625	0.5	conditioned-middle-v1	3	180.334	1	0	0	229.041
training	ConditionedCubic	48	1.4476190476190476	0.75390625	0.25390625	0.5	conditioned-middle-v1	4	181.041	1	0	0	229.041
training	ConditionedCubic	48	1.4476190476190476	0.75390625	0.25390625	0.5	conditioned-high-v1	0	41.082999999999998	0	0	0	229.041
training	ConditionedCubic	48	1.4476190476190476	0.75390625	0.25390625	0.5	conditioned-high-v1	2	128.667	0	0	0	229.041
training	ConditionedCubic	48	1.4476190476190476	0.75390625	0.25390625	0.5	conditioned-high-v1	3	171.084	1	0	0	229.041
training	ConditionedCubic	48	1.4476190476190476	0.75390625	0.25390625	0.5	conditioned-high-v1	4	170.375	1	0	0	229.041
training	ConditionedCubic	49	1.5785714285714285	0.76953125	0.26953125	0.5	conditioned-low-v1	0	54.123999999999995	0	0	0	186.833
training	ConditionedCubic	49	1.5785714285714285	0.76953125	0.26953125	0.5	conditioned-low-v1	2	141.75000000000003	0	0	0	186.833
training	ConditionedCubic	49	1.5785714285714285	0.76953125	0.26953125	0.5	conditioned-low-v1	3	183.042	1	0	0	186.833
training	ConditionedCubic	49	1.5785714285714285	0.76953125	0.26953125	0.5	conditioned-low-v1	4	183.625	1	0	0	186.833
training	ConditionedCubic	49	1.5785714285714285	0.76953125	0.26953125	0.5	conditioned-middle-v1	0	51.832999999999998	0	0	0	186.833
training	ConditionedCubic	49	1.5785714285714285	0.76953125	0.26953125	0.5	conditioned-middle-v1	2	141.91699999999997	0	0	0	186.833
training	ConditionedCubic	49	1.5785714285714285	0.76953125	0.26953125	0.5	conditioned-middle-v1	3	180.875	1	0	0	186.833
training	ConditionedCubic	49	1.5785714285714285	0.76953125	0.26953125	0.5	conditioned-middle-v1	4	181.5	1	0	0	186.833
training	ConditionedCubic	49	1.5785714285714285	0.76953125	0.26953125	0.5	conditioned-high-v1	0	40.873999999999995	0	0	0	186.833
training	ConditionedCubic	49	1.5785714285714285	0.76953125	0.26953125	0.5	conditioned-high-v1	2	128.166	0	0	0	186.833
training	ConditionedCubic	49	1.5785714285714285	0.76953125	0.26953125	0.5	conditioned-high-v1	3	169.916	1	0	0	186.833
training	ConditionedCubic	49	1.5785714285714285	0.76953125	0.26953125	0.5	conditioned-high-v1	4	170.834	1	0	0	186.833
training	ConditionedCubic	50	1.7095238095238094	0.78515625	0.28515625	0.5	conditioned-low-v1	0	57.125	0	0	0	183.459
training	ConditionedCubic	50	1.7095238095238094	0.78515625	0.28515625	0.5	conditioned-low-v1	2	141.91600000000003	0	0	0	183.459
training	ConditionedCubic	50	1.7095238095238094	0.78515625	0.28515625	0.5	conditioned-low-v1	3	182.292	1	0	0	183.459
training	ConditionedCubic	50	1.7095238095238094	0.78515625	0.28515625	0.5	conditioned-low-v1	4	180.459	1	0	0	183.459
training	ConditionedCubic	50	1.7095238095238094	0.78515625	0.28515625	0.5	conditioned-middle-v1	0	52.915999999999997	0	0	0	183.459
training	ConditionedCubic	50	1.7095238095238094	0.78515625	0.28515625	0.5	conditioned-middle-v1	2	138.917	0	0	0	183.459
training	ConditionedCubic	50	1.7095238095238094	0.78515625	0.28515625	0.5	conditioned-middle-v1	3	182.917	1	0	0	183.459
training	ConditionedCubic	50	1.7095238095238094	0.78515625	0.28515625	0.5	conditioned-middle-v1	4	180.417	1	0	0	183.459
training	ConditionedCubic	50	1.7095238095238094	0.78515625	0.28515625	0.5	conditioned-high-v1	0	40.542000000000002	0	0	0	183.459
training	ConditionedCubic	50	1.7095238095238094	0.78515625	0.28515625	0.5	conditioned-high-v1	2	126.91600000000003	0	0	0	183.459
training	ConditionedCubic	50	1.7095238095238094	0.78515625	0.28515625	0.5	conditioned-high-v1	3	169.333	1	0	0	183.459
training	ConditionedCubic	50	1.7095238095238094	0.78515625	0.28515625	0.5	conditioned-high-v1	4	166.833	1	0	0	183.459
training	ConditionedCubic	51	1.8404761904761904	0.80078125	0.30078125	0.5	conditioned-low-v1	0	55.457999999999998	0	0	0	186.792
training	ConditionedCubic	51	1.8404761904761904	0.80078125	0.30078125	0.5	conditioned-low-v1	2	138.874	0	0	0	186.792
training	ConditionedCubic	51	1.8404761904761904	0.80078125	0.30078125	0.5	conditioned-low-v1	3	180.208	1	0	0	186.792
training	ConditionedCubic	51	1.8404761904761904	0.80078125	0.30078125	0.5	conditioned-low-v1	4	180.75	1	0	0	186.792
training	ConditionedCubic	51	1.8404761904761904	0.80078125	0.30078125	0.5	conditioned-middle-v1	0	53.375	0	0	0	186.792
training	ConditionedCubic	51	1.8404761904761904	0.80078125	0.30078125	0.5	conditioned-middle-v1	2	138.58300000000003	0	0	0	186.792
training	ConditionedCubic	51	1.8404761904761904	0.80078125	0.30078125	0.5	conditioned-middle-v1	3	186.084	1	0	0	186.792
training	ConditionedCubic	51	1.8404761904761904	0.80078125	0.30078125	0.5	conditioned-middle-v1	4	183.416	1	0	0	186.792
training	ConditionedCubic	51	1.8404761904761904	0.80078125	0.30078125	0.5	conditioned-high-v1	0	40.334000000000003	0	0	0	186.792
training	ConditionedCubic	51	1.8404761904761904	0.80078125	0.30078125	0.5	conditioned-high-v1	2	128.16600000000003	0	0	0	186.792
training	ConditionedCubic	51	1.8404761904761904	0.80078125	0.30078125	0.5	conditioned-high-v1	3	170.417	1	0	0	186.792
training	ConditionedCubic	51	1.8404761904761904	0.80078125	0.30078125	0.5	conditioned-high-v1	4	169.666	1	0	0	186.792
training	ConditionedCubic	52	1.2095238095238094	0.81640625	0.31640625	0.5	conditioned-low-v1	0	55.832999999999998	0	0	0	185.916
training	ConditionedCubic	52	1.2095238095238094	0.81640625	0.31640625	0.5	conditioned-low-v1	2	143.125	0	0	0	185.916
training	ConditionedCubic	52	1.2095238095238094	0.81640625	0.31640625	0.5	conditioned-low-v1	3	187.25	1	0	0	185.916
training	ConditionedCubic	52	1.2095238095238094	0.81640625	0.31640625	0.5	conditioned-low-v1	4	184.292	1	0	0	185.916
training	ConditionedCubic	52	1.2095238095238094	0.81640625	0.31640625	0.5	conditioned-middle-v1	0	54.582999999999998	0	0	0	185.916
training	ConditionedCubic	52	1.2095238095238094	0.81640625	0.31640625	0.5	conditioned-middle-v1	2	142.125	0	0	0	185.916
training	ConditionedCubic	52	1.2095238095238094	0.81640625	0.31640625	0.5	conditioned-middle-v1	3	185.083	1	0	0	185.916
training	ConditionedCubic	52	1.2095238095238094	0.81640625	0.31640625	0.5	conditioned-middle-v1	4	184	1	0	0	185.916
training	ConditionedCubic	52	1.2095238095238094	0.81640625	0.31640625	0.5	conditioned-high-v1	0	40.209000000000003	0	0	0	185.916
training	ConditionedCubic	52	1.2095238095238094	0.81640625	0.31640625	0.5	conditioned-high-v1	2	127.75000000000003	0	0	0	185.916
training	ConditionedCubic	52	1.2095238095238094	0.81640625	0.31640625	0.5	conditioned-high-v1	3	170.333	1	0	0	185.916
training	ConditionedCubic	52	1.2095238095238094	0.81640625	0.31640625	0.5	conditioned-high-v1	4	169.625	1	0	0	185.916
training	ConditionedCubic	53	1.3404761904761904	0.83203125	0.33203125	0.5	conditioned-low-v1	0	56.082999999999998	0	0	0	232
training	ConditionedCubic	53	1.3404761904761904	0.83203125	0.33203125	0.5	conditioned-low-v1	2	143.66800000000001	0	0	0	232
training	ConditionedCubic	53	1.3404761904761904	0.83203125	0.33203125	0.5	conditioned-low-v1	3	185.834	1	0	0	232
training	ConditionedCubic	53	1.3404761904761904	0.83203125	0.33203125	0.5	conditioned-low-v1	4	185.208	1	0	0	232
training	ConditionedCubic	53	1.3404761904761904	0.83203125	0.33203125	0.5	conditioned-middle-v1	0	55.707999999999998	0	0	0	232
training	ConditionedCubic	53	1.3404761904761904	0.83203125	0.33203125	0.5	conditioned-middle-v1	2	143.20799999999997	0	0	0	232
training	ConditionedCubic	53	1.3404761904761904	0.83203125	0.33203125	0.5	conditioned-middle-v1	3	185.041	1	0	0	232
training	ConditionedCubic	53	1.3404761904761904	0.83203125	0.33203125	0.5	conditioned-middle-v1	4	185.292	1	0	0	232
training	ConditionedCubic	53	1.3404761904761904	0.83203125	0.33203125	0.5	conditioned-high-v1	0	39.5	0	0	0	232
training	ConditionedCubic	53	1.3404761904761904	0.83203125	0.33203125	0.5	conditioned-high-v1	2	127.33300000000003	0	0	0	232
training	ConditionedCubic	53	1.3404761904761904	0.83203125	0.33203125	0.5	conditioned-high-v1	3	169.916	1	0	0	232
training	ConditionedCubic	53	1.3404761904761904	0.83203125	0.33203125	0.5	conditioned-high-v1	4	169.292	1	0	0	232
training	ConditionedCubic	54	1.4714285714285713	0.84765625	0.34765625	0.5	conditioned-low-v1	0	56.167000000000002	0	0	0	230.041
training	ConditionedCubic	54	1.4714285714285713	0.84765625	0.34765625	0.5	conditioned-low-v1	2	143.87400000000002	0	0	0	230.041
training	ConditionedCubic	54	1.4714285714285713	0.84765625	0.34765625	0.5	conditioned-low-v1	3	185.625	1	0	0	230.041
training	ConditionedCubic	54	1.4714285714285713	0.84765625	0.34765625	0.5	conditioned-low-v1	4	185.458	1	0	0	230.041
training	ConditionedCubic	54	1.4714285714285713	0.84765625	0.34765625	0.5	conditioned-middle-v1	0	56.332999999999998	0	0	0	230.041
training	ConditionedCubic	54	1.4714285714285713	0.84765625	0.34765625	0.5	conditioned-middle-v1	2	143.709	0	0	0	230.041
training	ConditionedCubic	54	1.4714285714285713	0.84765625	0.34765625	0.5	conditioned-middle-v1	3	186.083	1	0	0	230.041
training	ConditionedCubic	54	1.4714285714285713	0.84765625	0.34765625	0.5	conditioned-middle-v1	4	185.375	1	0	0	230.041
training	ConditionedCubic	54	1.4714285714285713	0.84765625	0.34765625	0.5	conditioned-high-v1	0	39.291000000000025	0	0	0	230.041
training	ConditionedCubic	54	1.4714285714285713	0.84765625	0.34765625	0.5	conditioned-high-v1	2	126.79199999999997	0	0	0	230.041
training	ConditionedCubic	54	1.4714285714285713	0.84765625	0.34765625	0.5	conditioned-high-v1	3	168.875	1	0	0	230.041
training	ConditionedCubic	54	1.4714285714285713	0.84765625	0.34765625	0.5	conditioned-high-v1	4	168.709	1	0	0	230.041
training	ConditionedCubic	55	1.6023809523809522	0.86328125	0.36328125	0.5	conditioned-low-v1	0	56.875	0	0	0	187.375
training	ConditionedCubic	55	1.6023809523809522	0.86328125	0.36328125	0.5	conditioned-low-v1	2	145.00000000000003	0	0	0	187.375
training	ConditionedCubic	55	1.6023809523809522	0.86328125	0.36328125	0.5	conditioned-low-v1	3	186	1	0	0	187.375
training	ConditionedCubic	55	1.6023809523809522	0.86328125	0.36328125	0.5	conditioned-low-v1	4	186.292	1	0	0	187.375
training	ConditionedCubic	55	1.6023809523809522	0.86328125	0.36328125	0.5	conditioned-middle-v1	0	57.5	0	0	0	187.375
training	ConditionedCubic	55	1.6023809523809522	0.86328125	0.36328125	0.5	conditioned-middle-v1	2	147.12599999999998	0	0	0	187.375
training	ConditionedCubic	55	1.6023809523809522	0.86328125	0.36328125	0.5	conditioned-middle-v1	3	186.459	1	0	0	187.375
training	ConditionedCubic	55	1.6023809523809522	0.86328125	0.36328125	0.5	conditioned-middle-v1	4	187.458	1	0	0	187.375
training	ConditionedCubic	55	1.6023809523809522	0.86328125	0.36328125	0.5	conditioned-high-v1	0	38.917000000000002	0	0	0	187.375
training	ConditionedCubic	55	1.6023809523809522	0.86328125	0.36328125	0.5	conditioned-high-v1	2	126.542	0	0	0	187.375
training	ConditionedCubic	55	1.6023809523809522	0.86328125	0.36328125	0.5	conditioned-high-v1	3	169.292	1	0	0	187.375
training	ConditionedCubic	55	1.6023809523809522	0.86328125	0.36328125	0.5	conditioned-high-v1	4	168.917	1	0	0	187.375
training	ConditionedCubic	56	1.7333333333333334	0.87890625	0.37890625	0.5	conditioned-low-v1	0	57.457999999999998	0	0	0	187.583
training	ConditionedCubic	56	1.7333333333333334	0.87890625	0.37890625	0.5	conditioned-low-v1	2	144.54199999999997	0	0	0	187.583
training	ConditionedCubic	56	1.7333333333333334	0.87890625	0.37890625	0.5	conditioned-low-v1	3	187.125	1	0	0	187.583
training	ConditionedCubic	56	1.7333333333333334	0.87890625	0.37890625	0.5	conditioned-low-v1	4	186.333	1	0	0	187.583
training	ConditionedCubic	56	1.7333333333333334	0.87890625	0.37890625	0.5	conditioned-middle-v1	0	58.415999999999997	0	0	0	187.583
training	ConditionedCubic	56	1.7333333333333334	0.87890625	0.37890625	0.5	conditioned-middle-v1	2	146.08300000000003	0	0	0	187.583
training	ConditionedCubic	56	1.7333333333333334	0.87890625	0.37890625	0.5	conditioned-middle-v1	3	188.083	1	0	0	187.583
training	ConditionedCubic	56	1.7333333333333334	0.87890625	0.37890625	0.5	conditioned-middle-v1	4	187.792	1	0	0	187.583
training	ConditionedCubic	56	1.7333333333333334	0.87890625	0.37890625	0.5	conditioned-high-v1	0	38.709000000000003	0	0	0	187.583
training	ConditionedCubic	56	1.7333333333333334	0.87890625	0.37890625	0.5	conditioned-high-v1	2	126.166	0	0	0	187.583
training	ConditionedCubic	56	1.7333333333333334	0.87890625	0.37890625	0.5	conditioned-high-v1	3	168.417	1	0	0	187.583
training	ConditionedCubic	56	1.7333333333333334	0.87890625	0.37890625	0.5	conditioned-high-v1	4	170.708	1	0	0	187.583
training	ConditionedCubic	57	1.8642857142857143	0.89453125	0.39453125	0.5	conditioned-low-v1	0	57.917000000000002	0	0	0	187.416
training	ConditionedCubic	57	1.8642857142857143	0.89453125	0.39453125	0.5	conditioned-low-v1	2	147.125	0	0	0	187.416
training	ConditionedCubic	57	1.8642857142857143	0.89453125	0.39453125	0.5	conditioned-low-v1	3	187.333	1	0	0	187.416
training	ConditionedCubic	57	1.8642857142857143	0.89453125	0.39453125	0.5	conditioned-low-v1	4	187.709	1	0	0	187.416
training	ConditionedCubic	57	1.8642857142857143	0.89453125	0.39453125	0.5	conditioned-middle-v1	0	59.667000000000002	0	0	0	187.416
training	ConditionedCubic	57	1.8642857142857143	0.89453125	0.39453125	0.5	conditioned-middle-v1	2	147.959	0	0	0	187.416
training	ConditionedCubic	57	1.8642857142857143	0.89453125	0.39453125	0.5	conditioned-middle-v1	3	188.791	1	0	0	187.416
training	ConditionedCubic	57	1.8642857142857143	0.89453125	0.39453125	0.5	conditioned-middle-v1	4	189.792	1	0	0	187.416
training	ConditionedCubic	57	1.8642857142857143	0.89453125	0.39453125	0.5	conditioned-high-v1	0	38.25	0	0	0	187.416
training	ConditionedCubic	57	1.8642857142857143	0.89453125	0.39453125	0.5	conditioned-high-v1	2	126.542	0	0	0	187.416
training	ConditionedCubic	57	1.8642857142857143	0.89453125	0.39453125	0.5	conditioned-high-v1	3	170.458	1	0	0	187.416
training	ConditionedCubic	57	1.8642857142857143	0.89453125	0.39453125	0.5	conditioned-high-v1	4	170.917	1	0	0	187.416
training	ConditionedCubic	58	1.2333333333333332	0.91015625	0.41015625	0.5	conditioned-low-v1	0	58.25	0	0	0	185.583
training	ConditionedCubic	58	1.2333333333333332	0.91015625	0.41015625	0.5	conditioned-low-v1	2	146.00000000000003	0	0	0	185.583
training	ConditionedCubic	58	1.2333333333333332	0.91015625	0.41015625	0.5	conditioned-low-v1	3	188.292	1	0	0	185.583
training	ConditionedCubic	58	1.2333333333333332	0.91015625	0.41015625	0.5	conditioned-low-v1	4	189.625	1	0	0	185.583
training	ConditionedCubic	58	1.2333333333333332	0.91015625	0.41015625	0.5	conditioned-middle-v1	0	60.625	0	0	0	185.583
training	ConditionedCubic	58	1.2333333333333332	0.91015625	0.41015625	0.5	conditioned-middle-v1	2	148.24999999999997	0	0	0	185.583
training	ConditionedCubic	58	1.2333333333333332	0.91015625	0.41015625	0.5	conditioned-middle-v1	3	190	1	0	0	185.583
training	ConditionedCubic	58	1.2333333333333332	0.91015625	0.41015625	0.5	conditioned-middle-v1	4	190.583	1	0	0	185.583
training	ConditionedCubic	58	1.2333333333333332	0.91015625	0.41015625	0.5	conditioned-high-v1	0	35.375	1	0	0	185.583
training	ConditionedCubic	58	1.2333333333333332	0.91015625	0.41015625	0.5	conditioned-high-v1	2	35.292000000000002	1	0	0	185.583
training	ConditionedCubic	58	1.2333333333333332	0.91015625	0.41015625	0.5	conditioned-high-v1	3	35.125	1	0	0	185.583
training	ConditionedCubic	58	1.2333333333333332	0.91015625	0.41015625	0.5	conditioned-high-v1	4	35.167000000000002	1	0	0	185.583
training	ConditionedCubic	59	1.3642857142857141	0.92578125	0.42578125	0.5	conditioned-low-v1	0	58.833999999999975	0	0	0	229.083
training	ConditionedCubic	59	1.3642857142857141	0.92578125	0.42578125	0.5	conditioned-low-v1	2	146.58300000000003	0	0	0	229.083
training	ConditionedCubic	59	1.3642857142857141	0.92578125	0.42578125	0.5	conditioned-low-v1	3	190.083	1	0	0	229.083
training	ConditionedCubic	59	1.3642857142857141	0.92578125	0.42578125	0.5	conditioned-low-v1	4	188.458	1	0	0	229.083
training	ConditionedCubic	59	1.3642857142857141	0.92578125	0.42578125	0.5	conditioned-middle-v1	0	61.458000000000027	0	0	0	229.083
training	ConditionedCubic	59	1.3642857142857141	0.92578125	0.42578125	0.5	conditioned-middle-v1	2	151.875	0	0	0	229.083
training	ConditionedCubic	59	1.3642857142857141	0.92578125	0.42578125	0.5	conditioned-middle-v1	3	191.833	1	0	0	229.083
training	ConditionedCubic	59	1.3642857142857141	0.92578125	0.42578125	0.5	conditioned-middle-v1	4	190.958	1	0	0	229.083
training	ConditionedCubic	59	1.3642857142857141	0.92578125	0.42578125	0.5	conditioned-high-v1	0	35.082999999999998	1	0	0	229.083
training	ConditionedCubic	59	1.3642857142857141	0.92578125	0.42578125	0.5	conditioned-high-v1	2	35	1	0	0	229.083
training	ConditionedCubic	59	1.3642857142857141	0.92578125	0.42578125	0.5	conditioned-high-v1	3	34.875	1	0	0	229.083
training	ConditionedCubic	59	1.3642857142857141	0.92578125	0.42578125	0.5	conditioned-high-v1	4	35.042000000000002	1	0	0	229.083
training	ConditionedCubic	60	1.4952380952380953	0.94140625	0.44140625	0.5	conditioned-low-v1	0	59.250999999999976	0	0	0	230.75
training	ConditionedCubic	60	1.4952380952380953	0.94140625	0.44140625	0.5	conditioned-low-v1	2	146.79199999999997	0	0	0	230.75
training	ConditionedCubic	60	1.4952380952380953	0.94140625	0.44140625	0.5	conditioned-low-v1	3	188.75	1	0	0	230.75
training	ConditionedCubic	60	1.4952380952380953	0.94140625	0.44140625	0.5	conditioned-low-v1	4	188.708	1	0	0	230.75
training	ConditionedCubic	60	1.4952380952380953	0.94140625	0.44140625	0.5	conditioned-middle-v1	0	62.749999999999972	0	0	0	230.75
training	ConditionedCubic	60	1.4952380952380953	0.94140625	0.44140625	0.5	conditioned-middle-v1	2	150.62400000000002	0	0	0	230.75
training	ConditionedCubic	60	1.4952380952380953	0.94140625	0.44140625	0.5	conditioned-middle-v1	3	192.959	1	0	0	230.75
training	ConditionedCubic	60	1.4952380952380953	0.94140625	0.44140625	0.5	conditioned-middle-v1	4	192.333	1	0	0	230.75
training	ConditionedCubic	60	1.4952380952380953	0.94140625	0.44140625	0.5	conditioned-high-v1	0	34.917000000000002	1	0	0	230.75
training	ConditionedCubic	60	1.4952380952380953	0.94140625	0.44140625	0.5	conditioned-high-v1	2	34.667000000000002	1	0	0	230.75
training	ConditionedCubic	60	1.4952380952380953	0.94140625	0.44140625	0.5	conditioned-high-v1	3	34.625	1	0	0	230.75
training	ConditionedCubic	60	1.4952380952380953	0.94140625	0.44140625	0.5	conditioned-high-v1	4	34.582999999999998	1	0	0	230.75
training	ConditionedCubic	61	1.6261904761904762	0.95703125	0.45703125	0.5	conditioned-low-v1	0	60	0	0	0	186.75
training	ConditionedCubic	61	1.6261904761904762	0.95703125	0.45703125	0.5	conditioned-low-v1	2	147.37500000000003	0	0	0	186.75
training	ConditionedCubic	61	1.6261904761904762	0.95703125	0.45703125	0.5	conditioned-low-v1	3	189.5	1	0	0	186.75
training	ConditionedCubic	61	1.6261904761904762	0.95703125	0.45703125	0.5	conditioned-low-v1	4	189.417	1	0	0	186.75
training	ConditionedCubic	61	1.6261904761904762	0.95703125	0.45703125	0.5	conditioned-middle-v1	0	66.167000000000002	0	0	0	186.75
training	ConditionedCubic	61	1.6261904761904762	0.95703125	0.45703125	0.5	conditioned-middle-v1	2	152.25	0	0	0	186.75
training	ConditionedCubic	61	1.6261904761904762	0.95703125	0.45703125	0.5	conditioned-middle-v1	3	199.709	1	0	0	186.75
training	ConditionedCubic	61	1.6261904761904762	0.95703125	0.45703125	0.5	conditioned-middle-v1	4	193.75	1	0	0	186.75
training	ConditionedCubic	61	1.6261904761904762	0.95703125	0.45703125	0.5	conditioned-high-v1	0	34.457999999999998	1	0	0	186.75
training	ConditionedCubic	61	1.6261904761904762	0.95703125	0.45703125	0.5	conditioned-high-v1	2	34.457999999999998	1	0	0	186.75
training	ConditionedCubic	61	1.6261904761904762	0.95703125	0.45703125	0.5	conditioned-high-v1	3	34.415999999999997	1	0	0	186.75
training	ConditionedCubic	61	1.6261904761904762	0.95703125	0.45703125	0.5	conditioned-high-v1	4	34.457999999999998	1	0	0	186.75
training	ConditionedCubic	62	1.7571428571428571	0.97265625	0.47265625	0.5	conditioned-low-v1	0	60.501000000000005	0	0	0	187.625
training	ConditionedCubic	62	1.7571428571428571	0.97265625	0.47265625	0.5	conditioned-low-v1	2	148.08300000000003	0	0	0	187.625
training	ConditionedCubic	62	1.7571428571428571	0.97265625	0.47265625	0.5	conditioned-low-v1	3	191.209	1	0	0	187.625
training	ConditionedCubic	62	1.7571428571428571	0.97265625	0.47265625	0.5	conditioned-low-v1	4	190.167	1	0	0	187.625
training	ConditionedCubic	62	1.7571428571428571	0.97265625	0.47265625	0.5	conditioned-middle-v1	0	65.292000000000002	0	0	0	187.625
training	ConditionedCubic	62	1.7571428571428571	0.97265625	0.47265625	0.5	conditioned-middle-v1	2	152.666	0	0	0	187.625
training	ConditionedCubic	62	1.7571428571428571	0.97265625	0.47265625	0.5	conditioned-middle-v1	3	194.542	1	0	0	187.625
training	ConditionedCubic	62	1.7571428571428571	0.97265625	0.47265625	0.5	conditioned-middle-v1	4	194.5	1	0	0	187.625
training	ConditionedCubic	62	1.7571428571428571	0.97265625	0.47265625	0.5	conditioned-high-v1	0	34.332999999999998	1	0	0	187.625
training	ConditionedCubic	62	1.7571428571428571	0.97265625	0.47265625	0.5	conditioned-high-v1	2	34.375	1	0	0	187.625
training	ConditionedCubic	62	1.7571428571428571	0.97265625	0.47265625	0.5	conditioned-high-v1	3	34.167000000000002	1	0	0	187.625
training	ConditionedCubic	62	1.7571428571428571	0.97265625	0.47265625	0.5	conditioned-high-v1	4	34.082999999999998	1	0	0	187.625
training	ConditionedCubic	63	1.888095238095238	0.98828125	0.48828125	0.5	conditioned-low-v1	0	60.915999999999997	0	0	0	187.666
training	ConditionedCubic	63	1.888095238095238	0.98828125	0.48828125	0.5	conditioned-low-v1	2	148.667	0	0	0	187.666
training	ConditionedCubic	63	1.888095238095238	0.98828125	0.48828125	0.5	conditioned-low-v1	3	191	1	0	0	187.666
training	ConditionedCubic	63	1.888095238095238	0.98828125	0.48828125	0.5	conditioned-low-v1	4	190.542	1	0	0	187.666
training	ConditionedCubic	63	1.888095238095238	0.98828125	0.48828125	0.5	conditioned-middle-v1	0	66.25	0	0	0	187.666
training	ConditionedCubic	63	1.888095238095238	0.98828125	0.48828125	0.5	conditioned-middle-v1	2	154.54100000000003	0	0	0	187.666
training	ConditionedCubic	63	1.888095238095238	0.98828125	0.48828125	0.5	conditioned-middle-v1	3	196	1	0	0	187.666
training	ConditionedCubic	63	1.888095238095238	0.98828125	0.48828125	0.5	conditioned-middle-v1	4	195.875	1	0	0	187.666
training	ConditionedCubic	63	1.888095238095238	0.98828125	0.48828125	0.5	conditioned-high-v1	0	34.125	1	0	0	187.666
training	ConditionedCubic	63	1.888095238095238	0.98828125	0.48828125	0.5	conditioned-high-v1	2	33.959000000000003	1	0	0	187.666
training	ConditionedCubic	63	1.888095238095238	0.98828125	0.48828125	0.5	conditioned-high-v1	3	33.875	1	0	0	187.666
training	ConditionedCubic	63	1.888095238095238	0.98828125	0.48828125	0.5	conditioned-high-v1	4	33.834000000000003	1	0	0	187.666
training	ConditionedQuartic	0	1.2928571428571427	0.00390625	0.49609375	1	conditioned-low-v1	0	36.707999999999998	1	0	0	258.04199999999997
training	ConditionedQuartic	0	1.2928571428571427	0.00390625	0.49609375	1	conditioned-low-v1	2	36.457999999999998	1	0	0	258.04199999999997
training	ConditionedQuartic	0	1.2928571428571427	0.00390625	0.49609375	1	conditioned-low-v1	3	36.125	1	0	0	258.04199999999997
training	ConditionedQuartic	0	1.2928571428571427	0.00390625	0.49609375	1	conditioned-low-v1	4	36.209000000000003	1	0	0	258.04199999999997
training	ConditionedQuartic	0	1.2928571428571427	0.00390625	0.49609375	1	conditioned-middle-v1	0	71.958000000000027	0	0	0	258.04199999999997
training	ConditionedQuartic	0	1.2928571428571427	0.00390625	0.49609375	1	conditioned-middle-v1	2	171.749	0	0	0	258.04199999999997
training	ConditionedQuartic	0	1.2928571428571427	0.00390625	0.49609375	1	conditioned-middle-v1	3	224.834	0	0	0	258.04199999999997
training	ConditionedQuartic	0	1.2928571428571427	0.00390625	0.49609375	1	conditioned-middle-v1	4	267.916	1	0	0	258.04199999999997
training	ConditionedQuartic	0	1.2928571428571427	0.00390625	0.49609375	1	conditioned-high-v1	0	66.25	0	0	0	258.04199999999997
training	ConditionedQuartic	0	1.2928571428571427	0.00390625	0.49609375	1	conditioned-high-v1	2	167.16700000000003	0	0	0	258.04199999999997
training	ConditionedQuartic	0	1.2928571428571427	0.00390625	0.49609375	1	conditioned-high-v1	3	214.709	0	0	0	258.04199999999997
training	ConditionedQuartic	0	1.2928571428571427	0.00390625	0.49609375	1	conditioned-high-v1	4	260.625	1	0	0	258.04199999999997
training	ConditionedQuartic	1	1.4238095238095236	0.01953125	0.48046875	1	conditioned-low-v1	0	36.707999999999998	1	0	0	209.208
training	ConditionedQuartic	1	1.4238095238095236	0.01953125	0.48046875	1	conditioned-low-v1	2	36.332999999999998	1	0	0	209.208
training	ConditionedQuartic	1	1.4238095238095236	0.01953125	0.48046875	1	conditioned-low-v1	3	36.167000000000002	1	0	0	209.208
training	ConditionedQuartic	1	1.4238095238095236	0.01953125	0.48046875	1	conditioned-low-v1	4	36.084000000000003	1	0	0	209.208
training	ConditionedQuartic	1	1.4238095238095236	0.01953125	0.48046875	1	conditioned-middle-v1	0	70.291999999999973	0	0	0	209.208
training	ConditionedQuartic	1	1.4238095238095236	0.01953125	0.48046875	1	conditioned-middle-v1	2	171.74999999999997	0	0	0	209.208
training	ConditionedQuartic	1	1.4238095238095236	0.01953125	0.48046875	1	conditioned-middle-v1	3	219.916	0	0	0	209.208
training	ConditionedQuartic	1	1.4238095238095236	0.01953125	0.48046875	1	conditioned-middle-v1	4	265.45800000000003	1	0	0	209.208
training	ConditionedQuartic	1	1.4238095238095236	0.01953125	0.48046875	1	conditioned-high-v1	0	64.499000000000024	0	0	0	209.208
training	ConditionedQuartic	1	1.4238095238095236	0.01953125	0.48046875	1	conditioned-high-v1	2	163.667	0	0	0	209.208
training	ConditionedQuartic	1	1.4238095238095236	0.01953125	0.48046875	1	conditioned-high-v1	3	215.25099999999998	0	0	0	209.208
training	ConditionedQuartic	1	1.4238095238095236	0.01953125	0.48046875	1	conditioned-high-v1	4	260.91699999999997	1	0	0	209.208
training	ConditionedQuartic	2	1.5547619047619046	0.03515625	0.46484375	1	conditioned-low-v1	0	36.792000000000002	1	0	0	213.25
training	ConditionedQuartic	2	1.5547619047619046	0.03515625	0.46484375	1	conditioned-low-v1	2	36.415999999999997	1	0	0	213.25
training	ConditionedQuartic	2	1.5547619047619046	0.03515625	0.46484375	1	conditioned-low-v1	3	36.292000000000002	1	0	0	213.25
training	ConditionedQuartic	2	1.5547619047619046	0.03515625	0.46484375	1	conditioned-low-v1	4	36.5	1	0	0	213.25
training	ConditionedQuartic	2	1.5547619047619046	0.03515625	0.46484375	1	conditioned-middle-v1	0	69.083000000000027	0	0	0	213.25
training	ConditionedQuartic	2	1.5547619047619046	0.03515625	0.46484375	1	conditioned-middle-v1	2	168.084	0	0	0	213.25
training	ConditionedQuartic	2	1.5547619047619046	0.03515625	0.46484375	1	conditioned-middle-v1	3	220.79100000000003	0	0	0	213.25
training	ConditionedQuartic	2	1.5547619047619046	0.03515625	0.46484375	1	conditioned-middle-v1	4	266.75	1	0	0	213.25
training	ConditionedQuartic	2	1.5547619047619046	0.03515625	0.46484375	1	conditioned-high-v1	0	66.957999999999998	0	0	0	213.25
training	ConditionedQuartic	2	1.5547619047619046	0.03515625	0.46484375	1	conditioned-high-v1	2	165.45899999999997	0	0	0	213.25
training	ConditionedQuartic	2	1.5547619047619046	0.03515625	0.46484375	1	conditioned-high-v1	3	215.667	0	0	0	213.25
training	ConditionedQuartic	2	1.5547619047619046	0.03515625	0.46484375	1	conditioned-high-v1	4	261.66699999999997	1	0	0	213.25
training	ConditionedQuartic	3	1.6857142857142855	0.05078125	0.44921875	1	conditioned-low-v1	0	37.207999999999998	1	0	0	259.20800000000003
training	ConditionedQuartic	3	1.6857142857142855	0.05078125	0.44921875	1	conditioned-low-v1	2	37.042000000000002	1	0	0	259.20800000000003
training	ConditionedQuartic	3	1.6857142857142855	0.05078125	0.44921875	1	conditioned-low-v1	3	36.917000000000002	1	0	0	259.20800000000003
training	ConditionedQuartic	3	1.6857142857142855	0.05078125	0.44921875	1	conditioned-low-v1	4	36.917000000000002	1	0	0	259.20800000000003
training	ConditionedQuartic	3	1.6857142857142855	0.05078125	0.44921875	1	conditioned-middle-v1	0	68	0	0	0	259.20800000000003
training	ConditionedQuartic	3	1.6857142857142855	0.05078125	0.44921875	1	conditioned-middle-v1	2	166.792	0	0	0	259.20800000000003
training	ConditionedQuartic	3	1.6857142857142855	0.05078125	0.44921875	1	conditioned-middle-v1	3	217.08399999999997	0	0	0	259.20800000000003
training	ConditionedQuartic	3	1.6857142857142855	0.05078125	0.44921875	1	conditioned-middle-v1	4	262.375	1	0	0	259.20800000000003
training	ConditionedQuartic	3	1.6857142857142855	0.05078125	0.44921875	1	conditioned-high-v1	0	63.291999999999973	0	0	0	259.20800000000003
training	ConditionedQuartic	3	1.6857142857142855	0.05078125	0.44921875	1	conditioned-high-v1	2	162.54199999999997	0	0	0	259.20800000000003
training	ConditionedQuartic	3	1.6857142857142855	0.05078125	0.44921875	1	conditioned-high-v1	3	213.41700000000003	0	0	0	259.20800000000003
training	ConditionedQuartic	3	1.6857142857142855	0.05078125	0.44921875	1	conditioned-high-v1	4	257.33300000000003	1	0	0	259.20800000000003
training	ConditionedQuartic	4	1.8166666666666664	0.06640625	0.43359375	1	conditioned-low-v1	0	37.582999999999998	1	0	0	264.5
training	ConditionedQuartic	4	1.8166666666666664	0.06640625	0.43359375	1	conditioned-low-v1	2	37	1	0	0	264.5
training	ConditionedQuartic	4	1.8166666666666664	0.06640625	0.43359375	1	conditioned-low-v1	3	36.75	1	0	0	264.5
training	ConditionedQuartic	4	1.8166666666666664	0.06640625	0.43359375	1	conditioned-low-v1	4	36.875	1	0	0	264.5
training	ConditionedQuartic	4	1.8166666666666664	0.06640625	0.43359375	1	conditioned-middle-v1	0	66.291999999999973	0	0	0	264.5
training	ConditionedQuartic	4	1.8166666666666664	0.06640625	0.43359375	1	conditioned-middle-v1	2	165.459	0	0	0	264.5
training	ConditionedQuartic	4	1.8166666666666664	0.06640625	0.43359375	1	conditioned-middle-v1	3	215.666	0	0	0	264.5
training	ConditionedQuartic	4	1.8166666666666664	0.06640625	0.43359375	1	conditioned-middle-v1	4	261.70800000000003	1	0	0	264.5
training	ConditionedQuartic	4	1.8166666666666664	0.06640625	0.43359375	1	conditioned-high-v1	0	63.541999999999973	0	0	0	264.5
training	ConditionedQuartic	4	1.8166666666666664	0.06640625	0.43359375	1	conditioned-high-v1	2	162.83300000000003	0	0	0	264.5
training	ConditionedQuartic	4	1.8166666666666664	0.06640625	0.43359375	1	conditioned-high-v1	3	212.74900000000002	0	0	0	264.5
training	ConditionedQuartic	4	1.8166666666666664	0.06640625	0.43359375	1	conditioned-high-v1	4	258.834	1	0	0	264.5
training	ConditionedQuartic	5	1.1857142857142857	0.08203125	0.41796875	1	conditioned-low-v1	0	38.5	1	0	0	206.834
training	ConditionedQuartic	5	1.1857142857142857	0.08203125	0.41796875	1	conditioned-low-v1	2	37.290999999999997	1	0	0	206.834
training	ConditionedQuartic	5	1.1857142857142857	0.08203125	0.41796875	1	conditioned-low-v1	3	37.125	1	0	0	206.834
training	ConditionedQuartic	5	1.1857142857142857	0.08203125	0.41796875	1	conditioned-low-v1	4	37.375	1	0	0	206.834
training	ConditionedQuartic	5	1.1857142857142857	0.08203125	0.41796875	1	conditioned-middle-v1	0	65.165999999999997	0	0	0	206.834
training	ConditionedQuartic	5	1.1857142857142857	0.08203125	0.41796875	1	conditioned-middle-v1	2	163.374	0	0	0	206.834
training	ConditionedQuartic	5	1.1857142857142857	0.08203125	0.41796875	1	conditioned-middle-v1	3	213.95800000000003	0	0	0	206.834
training	ConditionedQuartic	5	1.1857142857142857	0.08203125	0.41796875	1	conditioned-middle-v1	4	259.375	1	0	0	206.834
training	ConditionedQuartic	5	1.1857142857142857	0.08203125	0.41796875	1	conditioned-high-v1	0	62.416000000000025	0	0	0	206.834
training	ConditionedQuartic	5	1.1857142857142857	0.08203125	0.41796875	1	conditioned-high-v1	2	161.16699999999997	0	0	0	206.834
training	ConditionedQuartic	5	1.1857142857142857	0.08203125	0.41796875	1	conditioned-high-v1	3	210.291	0	0	0	206.834
training	ConditionedQuartic	5	1.1857142857142857	0.08203125	0.41796875	1	conditioned-high-v1	4	255.667	1	0	0	206.834
training	ConditionedQuartic	6	1.3166666666666667	0.09765625	0.40234375	1	conditioned-low-v1	0	41.042000000000002	0	0	0	208.541
training	ConditionedQuartic	6	1.3166666666666667	0.09765625	0.40234375	1	conditioned-low-v1	2	139.29100000000003	0	0	0	208.541
training	ConditionedQuartic	6	1.3166666666666667	0.09765625	0.40234375	1	conditioned-low-v1	3	187.125	1	0	0	208.541
training	ConditionedQuartic	6	1.3166666666666667	0.09765625	0.40234375	1	conditioned-low-v1	4	185.541	1	0	0	208.541
training	ConditionedQuartic	6	1.3166666666666667	0.09765625	0.40234375	1	conditioned-middle-v1	0	64.208000000000027	0	0	0	208.541
training	ConditionedQuartic	6	1.3166666666666667	0.09765625	0.40234375	1	conditioned-middle-v1	2	162.41699999999997	0	0	0	208.541
training	ConditionedQuartic	6	1.3166666666666667	0.09765625	0.40234375	1	conditioned-middle-v1	3	212.5	0	0	0	208.541
training	ConditionedQuartic	6	1.3166666666666667	0.09765625	0.40234375	1	conditioned-middle-v1	4	257.75	1	0	0	208.541
training	ConditionedQuartic	6	1.3166666666666667	0.09765625	0.40234375	1	conditioned-high-v1	0	64.833999999999975	0	0	0	208.541
training	ConditionedQuartic	6	1.3166666666666667	0.09765625	0.40234375	1	conditioned-high-v1	2	161.16800000000001	0	0	0	208.541
training	ConditionedQuartic	6	1.3166666666666667	0.09765625	0.40234375	1	conditioned-high-v1	3	210.709	0	0	0	208.541
training	ConditionedQuartic	6	1.3166666666666667	0.09765625	0.40234375	1	conditioned-high-v1	4	255.958	1	0	0	208.541
training	ConditionedQuartic	7	1.4476190476190476	0.11328125	0.38671875	1	conditioned-low-v1	0	41	0	0	0	212
training	ConditionedQuartic	7	1.4476190476190476	0.11328125	0.38671875	1	conditioned-low-v1	2	139.95899999999997	0	0	0	212
training	ConditionedQuartic	7	1.4476190476190476	0.11328125	0.38671875	1	conditioned-low-v1	3	187.958	1	0	0	212
training	ConditionedQuartic	7	1.4476190476190476	0.11328125	0.38671875	1	conditioned-low-v1	4	186.75	1	0	0	212
training	ConditionedQuartic	7	1.4476190476190476	0.11328125	0.38671875	1	conditioned-middle-v1	0	63	0	0	0	212
training	ConditionedQuartic	7	1.4476190476190476	0.11328125	0.38671875	1	conditioned-middle-v1	2	161.24999999999997	0	0	0	212
training	ConditionedQuartic	7	1.4476190476190476	0.11328125	0.38671875	1	conditioned-middle-v1	3	211.58399999999997	0	0	0	212
training	ConditionedQuartic	7	1.4476190476190476	0.11328125	0.38671875	1	conditioned-middle-v1	4	257.83300000000003	1	0	0	212
training	ConditionedQuartic	7	1.4476190476190476	0.11328125	0.38671875	1	conditioned-high-v1	0	61.167000000000002	0	0	0	212
training	ConditionedQuartic	7	1.4476190476190476	0.11328125	0.38671875	1	conditioned-high-v1	2	158.5	0	0	0	212
training	ConditionedQuartic	7	1.4476190476190476	0.11328125	0.38671875	1	conditioned-high-v1	3	210.834	0	0	0	212
training	ConditionedQuartic	7	1.4476190476190476	0.11328125	0.38671875	1	conditioned-high-v1	4	253.666	1	0	0	212
training	ConditionedQuartic	8	1.5785714285714285	0.12890625	0.37109375	1	conditioned-low-v1	0	44.5	0	0	0	206.958
training	ConditionedQuartic	8	1.5785714285714285	0.12890625	0.37109375	1	conditioned-low-v1	2	139.58300000000003	0	0	0	206.958
training	ConditionedQuartic	8	1.5785714285714285	0.12890625	0.37109375	1	conditioned-low-v1	3	186.625	1	0	0	206.958
training	ConditionedQuartic	8	1.5785714285714285	0.12890625	0.37109375	1	conditioned-low-v1	4	185.209	1	0	0	206.958
training	ConditionedQuartic	8	1.5785714285714285	0.12890625	0.37109375	1	conditioned-middle-v1	0	61.75	0	0	0	206.958
training	ConditionedQuartic	8	1.5785714285714285	0.12890625	0.37109375	1	conditioned-middle-v1	2	159.41600000000003	0	0	0	206.958
training	ConditionedQuartic	8	1.5785714285714285	0.12890625	0.37109375	1	conditioned-middle-v1	3	208.62500000000003	0	0	0	206.958
training	ConditionedQuartic	8	1.5785714285714285	0.12890625	0.37109375	1	conditioned-middle-v1	4	254.084	1	0	0	206.958
training	ConditionedQuartic	8	1.5785714285714285	0.12890625	0.37109375	1	conditioned-high-v1	0	63.082999999999998	0	0	0	206.958
training	ConditionedQuartic	8	1.5785714285714285	0.12890625	0.37109375	1	conditioned-high-v1	2	160.66600000000003	0	0	0	206.958
training	ConditionedQuartic	8	1.5785714285714285	0.12890625	0.37109375	1	conditioned-high-v1	3	208.958	0	0	0	206.958
training	ConditionedQuartic	8	1.5785714285714285	0.12890625	0.37109375	1	conditioned-high-v1	4	252.584	1	0	0	206.958
training	ConditionedQuartic	9	1.7095238095238094	0.14453125	0.35546875	1	conditioned-low-v1	0	41.834000000000003	0	0	0	256.916
training	ConditionedQuartic	9	1.7095238095238094	0.14453125	0.35546875	1	conditioned-low-v1	2	139.291	0	0	0	256.916
training	ConditionedQuartic	9	1.7095238095238094	0.14453125	0.35546875	1	conditioned-low-v1	3	188.708	1	0	0	256.916
training	ConditionedQuartic	9	1.7095238095238094	0.14453125	0.35546875	1	conditioned-low-v1	4	185.666	1	0	0	256.916
training	ConditionedQuartic	9	1.7095238095238094	0.14453125	0.35546875	1	conditioned-middle-v1	0	60.833000000000027	0	0	0	256.916
training	ConditionedQuartic	9	1.7095238095238094	0.14453125	0.35546875	1	conditioned-middle-v1	2	158.33300000000003	0	0	0	256.916
training	ConditionedQuartic	9	1.7095238095238094	0.14453125	0.35546875	1	conditioned-middle-v1	3	208.04199999999997	0	0	0	256.916
training	ConditionedQuartic	9	1.7095238095238094	0.14453125	0.35546875	1	conditioned-middle-v1	4	253.375	1	0	0	256.916
training	ConditionedQuartic	9	1.7095238095238094	0.14453125	0.35546875	1	conditioned-high-v1	0	62.417000000000002	0	0	0	256.916
training	ConditionedQuartic	9	1.7095238095238094	0.14453125	0.35546875	1	conditioned-high-v1	2	157.625	0	0	0	256.916
training	ConditionedQuartic	9	1.7095238095238094	0.14453125	0.35546875	1	conditioned-high-v1	3	210.16800000000001	0	0	0	256.916
training	ConditionedQuartic	9	1.7095238095238094	0.14453125	0.35546875	1	conditioned-high-v1	4	254.125	1	0	0	256.916
training	ConditionedQuartic	10	1.8404761904761904	0.16015625	0.33984375	1	conditioned-low-v1	0	41.834000000000003	0	0	0	259.959
training	ConditionedQuartic	10	1.8404761904761904	0.16015625	0.33984375	1	conditioned-low-v1	2	139.58399999999997	0	0	0	259.959
training	ConditionedQuartic	10	1.8404761904761904	0.16015625	0.33984375	1	conditioned-low-v1	3	186.375	1	0	0	259.959
training	ConditionedQuartic	10	1.8404761904761904	0.16015625	0.33984375	1	conditioned-low-v1	4	186.25	1	0	0	259.959
training	ConditionedQuartic	10	1.8404761904761904	0.16015625	0.33984375	1	conditioned-middle-v1	0	59.834000000000003	0	0	0	259.959
training	ConditionedQuartic	10	1.8404761904761904	0.16015625	0.33984375	1	conditioned-middle-v1	2	156.83300000000003	0	0	0	259.959
training	ConditionedQuartic	10	1.8404761904761904	0.16015625	0.33984375	1	conditioned-middle-v1	3	204.208	1	0	0	259.959
training	ConditionedQuartic	10	1.8404761904761904	0.16015625	0.33984375	1	conditioned-middle-v1	4	204.125	1	0	0	259.959
training	ConditionedQuartic	10	1.8404761904761904	0.16015625	0.33984375	1	conditioned-high-v1	0	59.375000000000028	0	0	0	259.959
training	ConditionedQuartic	10	1.8404761904761904	0.16015625	0.33984375	1	conditioned-high-v1	2	157.584	0	0	0	259.959
training	ConditionedQuartic	10	1.8404761904761904	0.16015625	0.33984375	1	conditioned-high-v1	3	207.458	0	0	0	259.959
training	ConditionedQuartic	10	1.8404761904761904	0.16015625	0.33984375	1	conditioned-high-v1	4	252.459	1	0	0	259.959
training	ConditionedQuartic	11	1.2095238095238094	0.17578125	0.32421875	1	conditioned-low-v1	0	42.001000000000005	0	0	0	254.583
training	ConditionedQuartic	11	1.2095238095238094	0.17578125	0.32421875	1	conditioned-low-v1	2	140.20800000000003	0	0	0	254.583
training	ConditionedQuartic	11	1.2095238095238094	0.17578125	0.32421875	1	conditioned-low-v1	3	186.791	1	0	0	254.583
training	ConditionedQuartic	11	1.2095238095238094	0.17578125	0.32421875	1	conditioned-low-v1	4	187.458	1	0	0	254.583
training	ConditionedQuartic	11	1.2095238095238094	0.17578125	0.32421875	1	conditioned-middle-v1	0	58.706999999999994	0	0	0	254.583
training	ConditionedQuartic	11	1.2095238095238094	0.17578125	0.32421875	1	conditioned-middle-v1	2	156.70800000000003	0	0	0	254.583
training	ConditionedQuartic	11	1.2095238095238094	0.17578125	0.32421875	1	conditioned-middle-v1	3	206.376	0	0	0	254.583
training	ConditionedQuartic	11	1.2095238095238094	0.17578125	0.32421875	1	conditioned-middle-v1	4	250.584	1	0	0	254.583
training	ConditionedQuartic	11	1.2095238095238094	0.17578125	0.32421875	1	conditioned-high-v1	0	59	0	0	0	254.583
training	ConditionedQuartic	11	1.2095238095238094	0.17578125	0.32421875	1	conditioned-high-v1	2	156.709	0	0	0	254.583
training	ConditionedQuartic	11	1.2095238095238094	0.17578125	0.32421875	1	conditioned-high-v1	3	206.74999999999997	0	0	0	254.583
training	ConditionedQuartic	11	1.2095238095238094	0.17578125	0.32421875	1	conditioned-high-v1	4	251.417	1	0	0	254.583
training	ConditionedQuartic	12	1.3404761904761904	0.19140625	0.30859375	1	conditioned-low-v1	0	44.876000000000005	0	0	0	207.584
training	ConditionedQuartic	12	1.3404761904761904	0.19140625	0.30859375	1	conditioned-low-v1	2	140.208	0	0	0	207.584
training	ConditionedQuartic	12	1.3404761904761904	0.19140625	0.30859375	1	conditioned-low-v1	3	187.541	1	0	0	207.584
training	ConditionedQuartic	12	1.3404761904761904	0.19140625	0.30859375	1	conditioned-low-v1	4	187.041	1	0	0	207.584
training	ConditionedQuartic	12	1.3404761904761904	0.19140625	0.30859375	1	conditioned-middle-v1	0	57.583000000000027	0	0	0	207.584
training	ConditionedQuartic	12	1.3404761904761904	0.19140625	0.30859375	1	conditioned-middle-v1	2	155.667	0	0	0	207.584
training	ConditionedQuartic	12	1.3404761904761904	0.19140625	0.30859375	1	conditioned-middle-v1	3	205.33300000000003	0	0	0	207.584
training	ConditionedQuartic	12	1.3404761904761904	0.19140625	0.30859375	1	conditioned-middle-v1	4	250.166	1	0	0	207.584
training	ConditionedQuartic	12	1.3404761904761904	0.19140625	0.30859375	1	conditioned-high-v1	0	58.374999999999972	0	0	0	207.584
training	ConditionedQuartic	12	1.3404761904761904	0.19140625	0.30859375	1	conditioned-high-v1	2	155.91600000000003	0	0	0	207.584
training	ConditionedQuartic	12	1.3404761904761904	0.19140625	0.30859375	1	conditioned-high-v1	3	206.124	0	0	0	207.584
training	ConditionedQuartic	12	1.3404761904761904	0.19140625	0.30859375	1	conditioned-high-v1	4	251.25	1	0	0	207.584
training	ConditionedQuartic	13	1.4714285714285713	0.20703125	0.29296875	1	conditioned-low-v1	0	43.125	0	0	0	207.083
training	ConditionedQuartic	13	1.4714285714285713	0.20703125	0.29296875	1	conditioned-low-v1	2	140.16600000000003	0	0	0	207.083
training	ConditionedQuartic	13	1.4714285714285713	0.20703125	0.29296875	1	conditioned-low-v1	3	187.834	1	0	0	207.083
training	ConditionedQuartic	13	1.4714285714285713	0.20703125	0.29296875	1	conditioned-low-v1	4	187.291	1	0	0	207.083
training	ConditionedQuartic	13	1.4714285714285713	0.20703125	0.29296875	1	conditioned-middle-v1	0	56.417000000000002	0	0	0	207.083
training	ConditionedQuartic	13	1.4714285714285713	0.20703125	0.29296875	1	conditioned-middle-v1	2	154.12499999999997	0	0	0	207.083
training	ConditionedQuartic	13	1.4714285714285713	0.20703125	0.29296875	1	conditioned-middle-v1	3	204.375	0	0	0	207.083
training	ConditionedQuartic	13	1.4714285714285713	0.20703125	0.29296875	1	conditioned-middle-v1	4	248.958	1	0	0	207.083
training	ConditionedQuartic	13	1.4714285714285713	0.20703125	0.29296875	1	conditioned-high-v1	0	57.873999999999995	0	0	0	207.083
training	ConditionedQuartic	13	1.4714285714285713	0.20703125	0.29296875	1	conditioned-high-v1	2	155.87499999999997	0	0	0	207.083
training	ConditionedQuartic	13	1.4714285714285713	0.20703125	0.29296875	1	conditioned-high-v1	3	206.00000000000003	0	0	0	207.083
training	ConditionedQuartic	13	1.4714285714285713	0.20703125	0.29296875	1	conditioned-high-v1	4	251.583	1	0	0	207.083
training	ConditionedQuartic	14	1.6023809523809522	0.22265625	0.27734375	1	conditioned-low-v1	0	43.16700000000003	0	0	0	256.125
training	ConditionedQuartic	14	1.6023809523809522	0.22265625	0.27734375	1	conditioned-low-v1	2	140.12499999999997	0	0	0	256.125
training	ConditionedQuartic	14	1.6023809523809522	0.22265625	0.27734375	1	conditioned-low-v1	3	187.417	1	0	0	256.125
training	ConditionedQuartic	14	1.6023809523809522	0.22265625	0.27734375	1	conditioned-low-v1	4	186.875	1	0	0	256.125
training	ConditionedQuartic	14	1.6023809523809522	0.22265625	0.27734375	1	conditioned-middle-v1	0	55.500000000000028	0	0	0	256.125
training	ConditionedQuartic	14	1.6023809523809522	0.22265625	0.27734375	1	conditioned-middle-v1	2	155.333	0	0	0	256.125
training	ConditionedQuartic	14	1.6023809523809522	0.22265625	0.27734375	1	conditioned-middle-v1	3	200.125	1	0	0	256.125
training	ConditionedQuartic	14	1.6023809523809522	0.22265625	0.27734375	1	conditioned-middle-v1	4	202.084	1	0	0	256.125
training	ConditionedQuartic	14	1.6023809523809522	0.22265625	0.27734375	1	conditioned-high-v1	0	57.375	0	0	0	256.125
training	ConditionedQuartic	14	1.6023809523809522	0.22265625	0.27734375	1	conditioned-high-v1	2	155.04200000000003	0	0	0	256.125
training	ConditionedQuartic	14	1.6023809523809522	0.22265625	0.27734375	1	conditioned-high-v1	3	204.958	0	0	0	256.125
training	ConditionedQuartic	14	1.6023809523809522	0.22265625	0.27734375	1	conditioned-high-v1	4	249.25	1	0	0	256.125
training	ConditionedQuartic	15	1.7333333333333334	0.23828125	0.26171875	1	conditioned-low-v1	0	43.458000000000027	0	0	0	257.209
training	ConditionedQuartic	15	1.7333333333333334	0.23828125	0.26171875	1	conditioned-low-v1	2	140.917	0	0	0	257.209
training	ConditionedQuartic	15	1.7333333333333334	0.23828125	0.26171875	1	conditioned-low-v1	3	187.708	1	0	0	257.209
training	ConditionedQuartic	15	1.7333333333333334	0.23828125	0.26171875	1	conditioned-low-v1	4	187.625	1	0	0	257.209
training	ConditionedQuartic	15	1.7333333333333334	0.23828125	0.26171875	1	conditioned-middle-v1	0	54.541999999999973	0	0	0	257.209
training	ConditionedQuartic	15	1.7333333333333334	0.23828125	0.26171875	1	conditioned-middle-v1	2	151.875	0	0	0	257.209
training	ConditionedQuartic	15	1.7333333333333334	0.23828125	0.26171875	1	conditioned-middle-v1	3	199.333	1	0	0	257.209
training	ConditionedQuartic	15	1.7333333333333334	0.23828125	0.26171875	1	conditioned-middle-v1	4	199.125	1	0	0	257.209
training	ConditionedQuartic	15	1.7333333333333334	0.23828125	0.26171875	1	conditioned-high-v1	0	56.875	0	0	0	257.209
training	ConditionedQuartic	15	1.7333333333333334	0.23828125	0.26171875	1	conditioned-high-v1	2	154.334	0	0	0	257.209
training	ConditionedQuartic	15	1.7333333333333334	0.23828125	0.26171875	1	conditioned-high-v1	3	204.25	0	0	0	257.209
training	ConditionedQuartic	15	1.7333333333333334	0.23828125	0.26171875	1	conditioned-high-v1	4	248.875	1	0	0	257.209
training	ConditionedQuartic	16	1.8642857142857143	0.25390625	0.24609375	1	conditioned-low-v1	0	43.749999999999972	0	0	0	258.25
training	ConditionedQuartic	16	1.8642857142857143	0.25390625	0.24609375	1	conditioned-low-v1	2	141.084	0	0	0	258.25
training	ConditionedQuartic	16	1.8642857142857143	0.25390625	0.24609375	1	conditioned-low-v1	3	187.709	1	0	0	258.25
training	ConditionedQuartic	16	1.8642857142857143	0.25390625	0.24609375	1	conditioned-low-v1	4	187.583	1	0	0	258.25
training	ConditionedQuartic	16	1.8642857142857143	0.25390625	0.24609375	1	conditioned-middle-v1	0	53.625	0	0	0	258.25
training	ConditionedQuartic	16	1.8642857142857143	0.25390625	0.24609375	1	conditioned-middle-v1	2	151	0	0	0	258.25
training	ConditionedQuartic	16	1.8642857142857143	0.25390625	0.24609375	1	conditioned-middle-v1	3	198.334	1	0	0	258.25
training	ConditionedQuartic	16	1.8642857142857143	0.25390625	0.24609375	1	conditioned-middle-v1	4	197.875	1	0	0	258.25
training	ConditionedQuartic	16	1.8642857142857143	0.25390625	0.24609375	1	conditioned-high-v1	0	56.208000000000027	0	0	0	258.25
training	ConditionedQuartic	16	1.8642857142857143	0.25390625	0.24609375	1	conditioned-high-v1	2	154.167	0	0	0	258.25
training	ConditionedQuartic	16	1.8642857142857143	0.25390625	0.24609375	1	conditioned-high-v1	3	204.29100000000005	0	0	0	258.25
training	ConditionedQuartic	16	1.8642857142857143	0.25390625	0.24609375	1	conditioned-high-v1	4	248.583	1	0	0	258.25
training	ConditionedQuartic	17	1.2333333333333332	0.26953125	0.23046875	1	conditioned-low-v1	0	44.125999999999976	0	0	0	253.375
training	ConditionedQuartic	17	1.2333333333333332	0.26953125	0.23046875	1	conditioned-low-v1	2	141.12499999999997	0	0	0	253.375
training	ConditionedQuartic	17	1.2333333333333332	0.26953125	0.23046875	1	conditioned-low-v1	3	188.416	1	0	0	253.375
training	ConditionedQuartic	17	1.2333333333333332	0.26953125	0.23046875	1	conditioned-low-v1	4	188.125	1	0	0	253.375
training	ConditionedQuartic	17	1.2333333333333332	0.26953125	0.23046875	1	conditioned-middle-v1	0	52.707999999999998	0	0	0	253.375
training	ConditionedQuartic	17	1.2333333333333332	0.26953125	0.23046875	1	conditioned-middle-v1	2	149.99900000000002	0	0	0	253.375
training	ConditionedQuartic	17	1.2333333333333332	0.26953125	0.23046875	1	conditioned-middle-v1	3	200.29199999999997	0	0	0	253.375
training	ConditionedQuartic	17	1.2333333333333332	0.26953125	0.23046875	1	conditioned-middle-v1	4	244.958	1	0	0	253.375
training	ConditionedQuartic	17	1.2333333333333332	0.26953125	0.23046875	1	conditioned-high-v1	0	55.874999999999972	0	0	0	253.375
training	ConditionedQuartic	17	1.2333333333333332	0.26953125	0.23046875	1	conditioned-high-v1	2	152.834	0	0	0	253.375
training	ConditionedQuartic	17	1.2333333333333332	0.26953125	0.23046875	1	conditioned-high-v1	3	203.292	0	0	0	253.375
training	ConditionedQuartic	17	1.2333333333333332	0.26953125	0.23046875	1	conditioned-high-v1	4	247.75	1	0	0	253.375
training	ConditionedQuartic	18	1.3642857142857141	0.28515625	0.21484375	1	conditioned-low-v1	0	44.542000000000002	0	0	0	206.042
training	ConditionedQuartic	18	1.3642857142857141	0.28515625	0.21484375	1	conditioned-low-v1	2	141.208	0	0	0	206.042
training	ConditionedQuartic	18	1.3642857142857141	0.28515625	0.21484375	1	conditioned-low-v1	3	188.458	1	0	0	206.042
training	ConditionedQuartic	18	1.3642857142857141	0.28515625	0.21484375	1	conditioned-low-v1	4	190.666	1	0	0	206.042
training	ConditionedQuartic	18	1.3642857142857141	0.28515625	0.21484375	1	conditioned-middle-v1	0	54.25	0	0	0	206.042
training	ConditionedQuartic	18	1.3642857142857141	0.28515625	0.21484375	1	conditioned-middle-v1	2	149.00000000000003	0	0	0	206.042
training	ConditionedQuartic	18	1.3642857142857141	0.28515625	0.21484375	1	conditioned-middle-v1	3	195.625	1	0	0	206.042
training	ConditionedQuartic	18	1.3642857142857141	0.28515625	0.21484375	1	conditioned-middle-v1	4	195.958	1	0	0	206.042
training	ConditionedQuartic	18	1.3642857142857141	0.28515625	0.21484375	1	conditioned-high-v1	0	55.418000000000006	0	0	0	206.042
training	ConditionedQuartic	18	1.3642857142857141	0.28515625	0.21484375	1	conditioned-high-v1	2	152.87500000000003	0	0	0	206.042
training	ConditionedQuartic	18	1.3642857142857141	0.28515625	0.21484375	1	conditioned-high-v1	3	202.5	0	0	0	206.042
training	ConditionedQuartic	18	1.3642857142857141	0.28515625	0.21484375	1	conditioned-high-v1	4	247.084	1	0	0	206.042
training	ConditionedQuartic	19	1.4952380952380953	0.30078125	0.19921875	1	conditioned-low-v1	0	45.042000000000002	0	0	0	159.166
training	ConditionedQuartic	19	1.4952380952380953	0.30078125	0.19921875	1	conditioned-low-v1	2	141.917	0	0	0	159.166
training	ConditionedQuartic	19	1.4952380952380953	0.30078125	0.19921875	1	conditioned-low-v1	3	188.667	1	0	0	159.166
training	ConditionedQuartic	19	1.4952380952380953	0.30078125	0.19921875	1	conditioned-low-v1	4	188.333	1	0	0	159.166
training	ConditionedQuartic	19	1.4952380952380953	0.30078125	0.19921875	1	conditioned-middle-v1	0	51.082999999999998	0	0	0	159.166
training	ConditionedQuartic	19	1.4952380952380953	0.30078125	0.19921875	1	conditioned-middle-v1	2	148.417	0	0	0	159.166
training	ConditionedQuartic	19	1.4952380952380953	0.30078125	0.19921875	1	conditioned-middle-v1	3	195	1	0	0	159.166
training	ConditionedQuartic	19	1.4952380952380953	0.30078125	0.19921875	1	conditioned-middle-v1	4	195.333	1	0	0	159.166
training	ConditionedQuartic	19	1.4952380952380953	0.30078125	0.19921875	1	conditioned-high-v1	0	54.875	0	0	0	159.166
training	ConditionedQuartic	19	1.4952380952380953	0.30078125	0.19921875	1	conditioned-high-v1	2	151.91700000000003	0	0	0	159.166
training	ConditionedQuartic	19	1.4952380952380953	0.30078125	0.19921875	1	conditioned-high-v1	3	203	0	0	0	159.166
training	ConditionedQuartic	19	1.4952380952380953	0.30078125	0.19921875	1	conditioned-high-v1	4	247.25	1	0	0	159.166
training	ConditionedQuartic	20	1.6261904761904762	0.31640625	0.18359375	1	conditioned-low-v1	0	45.208000000000027	0	0	0	256.834
training	ConditionedQuartic	20	1.6261904761904762	0.31640625	0.18359375	1	conditioned-low-v1	2	142.79199999999997	0	0	0	256.834
training	ConditionedQuartic	20	1.6261904761904762	0.31640625	0.18359375	1	conditioned-low-v1	3	189.541	1	0	0	256.834
training	ConditionedQuartic	20	1.6261904761904762	0.31640625	0.18359375	1	conditioned-low-v1	4	189.5	1	0	0	256.834
training	ConditionedQuartic	20	1.6261904761904762	0.31640625	0.18359375	1	conditioned-middle-v1	0	50.250000000000028	0	0	0	256.834
training	ConditionedQuartic	20	1.6261904761904762	0.31640625	0.18359375	1	conditioned-middle-v1	2	147.541	0	0	0	256.834
training	ConditionedQuartic	20	1.6261904761904762	0.31640625	0.18359375	1	conditioned-middle-v1	3	194.25	1	0	0	256.834
training	ConditionedQuartic	20	1.6261904761904762	0.31640625	0.18359375	1	conditioned-middle-v1	4	194.667	1	0	0	256.834
training	ConditionedQuartic	20	1.6261904761904762	0.31640625	0.18359375	1	conditioned-high-v1	0	54.459000000000003	0	0	0	256.834
training	ConditionedQuartic	20	1.6261904761904762	0.31640625	0.18359375	1	conditioned-high-v1	2	152.25	0	0	0	256.834
training	ConditionedQuartic	20	1.6261904761904762	0.31640625	0.18359375	1	conditioned-high-v1	3	201.667	0	0	0	256.834
training	ConditionedQuartic	20	1.6261904761904762	0.31640625	0.18359375	1	conditioned-high-v1	4	246.709	1	0	0	256.834
training	ConditionedQuartic	21	1.7571428571428571	0.33203125	0.16796875	1	conditioned-low-v1	0	45.541999999999973	0	0	0	261.875
training	ConditionedQuartic	21	1.7571428571428571	0.33203125	0.16796875	1	conditioned-low-v1	2	145.416	0	0	0	261.875
training	ConditionedQuartic	21	1.7571428571428571	0.33203125	0.16796875	1	conditioned-low-v1	3	191.834	1	0	0	261.875
training	ConditionedQuartic	21	1.7571428571428571	0.33203125	0.16796875	1	conditioned-low-v1	4	192	1	0	0	261.875
training	ConditionedQuartic	21	1.7571428571428571	0.33203125	0.16796875	1	conditioned-middle-v1	0	49.624000000000024	0	0	0	261.875
training	ConditionedQuartic	21	1.7571428571428571	0.33203125	0.16796875	1	conditioned-middle-v1	2	148.45800000000003	0	0	0	261.875
training	ConditionedQuartic	21	1.7571428571428571	0.33203125	0.16796875	1	conditioned-middle-v1	3	195.75	1	0	0	261.875
training	ConditionedQuartic	21	1.7571428571428571	0.33203125	0.16796875	1	conditioned-middle-v1	4	195.125	1	0	0	261.875
training	ConditionedQuartic	21	1.7571428571428571	0.33203125	0.16796875	1	conditioned-high-v1	0	54.251000000000005	0	0	0	261.875
training	ConditionedQuartic	21	1.7571428571428571	0.33203125	0.16796875	1	conditioned-high-v1	2	153.50099999999998	0	0	0	261.875
training	ConditionedQuartic	21	1.7571428571428571	0.33203125	0.16796875	1	conditioned-high-v1	3	203.125	0	0	0	261.875
training	ConditionedQuartic	21	1.7571428571428571	0.33203125	0.16796875	1	conditioned-high-v1	4	249.125	1	0	0	261.875
training	ConditionedQuartic	22	1.888095238095238	0.34765625	0.15234375	1	conditioned-low-v1	0	46.417000000000002	0	0	0	262.66699999999997
training	ConditionedQuartic	22	1.888095238095238	0.34765625	0.15234375	1	conditioned-low-v1	2	144.75000000000003	0	0	0	262.66699999999997
training	ConditionedQuartic	22	1.888095238095238	0.34765625	0.15234375	1	conditioned-low-v1	3	192.25	1	0	0	262.66699999999997
training	ConditionedQuartic	22	1.888095238095238	0.34765625	0.15234375	1	conditioned-low-v1	4	191.834	1	0	0	262.66699999999997
training	ConditionedQuartic	22	1.888095238095238	0.34765625	0.15234375	1	conditioned-middle-v1	0	48.751000000000005	0	0	0	262.66699999999997
training	ConditionedQuartic	22	1.888095238095238	0.34765625	0.15234375	1	conditioned-middle-v1	2	147.62400000000002	0	0	0	262.66699999999997
training	ConditionedQuartic	22	1.888095238095238	0.34765625	0.15234375	1	conditioned-middle-v1	3	195	1	0	0	262.66699999999997
training	ConditionedQuartic	22	1.888095238095238	0.34765625	0.15234375	1	conditioned-middle-v1	4	195.125	1	0	0	262.66699999999997
training	ConditionedQuartic	22	1.888095238095238	0.34765625	0.15234375	1	conditioned-high-v1	0	53.791999999999973	0	0	0	262.66699999999997
training	ConditionedQuartic	22	1.888095238095238	0.34765625	0.15234375	1	conditioned-high-v1	2	152.333	0	0	0	262.66699999999997
training	ConditionedQuartic	22	1.888095238095238	0.34765625	0.15234375	1	conditioned-high-v1	3	199.709	1	0	0	262.66699999999997
training	ConditionedQuartic	22	1.888095238095238	0.34765625	0.15234375	1	conditioned-high-v1	4	199.416	1	0	0	262.66699999999997
training	ConditionedQuartic	23	1.2571428571428571	0.36328125	0.13671875	1	conditioned-low-v1	0	46.41700000000003	0	0	0	255.917
training	ConditionedQuartic	23	1.2571428571428571	0.36328125	0.13671875	1	conditioned-low-v1	2	144.708	0	0	0	255.917
training	ConditionedQuartic	23	1.2571428571428571	0.36328125	0.13671875	1	conditioned-low-v1	3	192.583	1	0	0	255.917
training	ConditionedQuartic	23	1.2571428571428571	0.36328125	0.13671875	1	conditioned-low-v1	4	192.542	1	0	0	255.917
training	ConditionedQuartic	23	1.2571428571428571	0.36328125	0.13671875	1	conditioned-middle-v1	0	47.875000000000028	0	0	0	255.917
training	ConditionedQuartic	23	1.2571428571428571	0.36328125	0.13671875	1	conditioned-middle-v1	2	146.625	0	0	0	255.917
training	ConditionedQuartic	23	1.2571428571428571	0.36328125	0.13671875	1	conditioned-middle-v1	3	193.833	1	0	0	255.917
training	ConditionedQuartic	23	1.2571428571428571	0.36328125	0.13671875	1	conditioned-middle-v1	4	194.708	1	0	0	255.917
training	ConditionedQuartic	23	1.2571428571428571	0.36328125	0.13671875	1	conditioned-high-v1	0	53.25	0	0	0	255.917
training	ConditionedQuartic	23	1.2571428571428571	0.36328125	0.13671875	1	conditioned-high-v1	2	152.749	0	0	0	255.917
training	ConditionedQuartic	23	1.2571428571428571	0.36328125	0.13671875	1	conditioned-high-v1	3	202.58300000000003	0	0	0	255.917
training	ConditionedQuartic	23	1.2571428571428571	0.36328125	0.13671875	1	conditioned-high-v1	4	246.417	1	0	0	255.917
training	ConditionedQuartic	24	1.388095238095238	0.37890625	0.12109375	1	conditioned-low-v1	0	46.875	0	0	0	208.291
training	ConditionedQuartic	24	1.388095238095238	0.37890625	0.12109375	1	conditioned-low-v1	2	144.5	0	0	0	208.291
training	ConditionedQuartic	24	1.388095238095238	0.37890625	0.12109375	1	conditioned-low-v1	3	191.375	1	0	0	208.291
training	ConditionedQuartic	24	1.388095238095238	0.37890625	0.12109375	1	conditioned-low-v1	4	190.583	1	0	0	208.291
training	ConditionedQuartic	24	1.388095238095238	0.37890625	0.12109375	1	conditioned-middle-v1	0	47.125	0	0	0	208.291
training	ConditionedQuartic	24	1.388095238095238	0.37890625	0.12109375	1	conditioned-middle-v1	2	145.5	0	0	0	208.291
training	ConditionedQuartic	24	1.388095238095238	0.37890625	0.12109375	1	conditioned-middle-v1	3	192.25	1	0	0	208.291
training	ConditionedQuartic	24	1.388095238095238	0.37890625	0.12109375	1	conditioned-middle-v1	4	191.834	1	0	0	208.291
training	ConditionedQuartic	24	1.388095238095238	0.37890625	0.12109375	1	conditioned-high-v1	0	52.792000000000002	0	0	0	208.291
training	ConditionedQuartic	24	1.388095238095238	0.37890625	0.12109375	1	conditioned-high-v1	2	150.95899999999997	0	0	0	208.291
training	ConditionedQuartic	24	1.388095238095238	0.37890625	0.12109375	1	conditioned-high-v1	3	200.626	0	0	0	208.291
training	ConditionedQuartic	24	1.388095238095238	0.37890625	0.12109375	1	conditioned-high-v1	4	246.083	1	0	0	208.291
training	ConditionedQuartic	25	1.519047619047619	0.39453125	0.10546875	1	conditioned-low-v1	0	47.334000000000003	0	0	0	208.459
training	ConditionedQuartic	25	1.519047619047619	0.39453125	0.10546875	1	conditioned-low-v1	2	144.99999999999997	0	0	0	208.459
training	ConditionedQuartic	25	1.519047619047619	0.39453125	0.10546875	1	conditioned-low-v1	3	192.125	1	0	0	208.459
training	ConditionedQuartic	25	1.519047619047619	0.39453125	0.10546875	1	conditioned-low-v1	4	191.375	1	0	0	208.459
training	ConditionedQuartic	25	1.519047619047619	0.39453125	0.10546875	1	conditioned-middle-v1	0	46.498999999999995	0	0	0	208.459
training	ConditionedQuartic	25	1.519047619047619	0.39453125	0.10546875	1	conditioned-middle-v1	2	144.12499999999997	0	0	0	208.459
training	ConditionedQuartic	25	1.519047619047619	0.39453125	0.10546875	1	conditioned-middle-v1	3	191.292	1	0	0	208.459
training	ConditionedQuartic	25	1.519047619047619	0.39453125	0.10546875	1	conditioned-middle-v1	4	190.875	1	0	0	208.459
training	ConditionedQuartic	25	1.519047619047619	0.39453125	0.10546875	1	conditioned-high-v1	0	52.375	0	0	0	208.459
training	ConditionedQuartic	25	1.519047619047619	0.39453125	0.10546875	1	conditioned-high-v1	2	150.708	0	0	0	208.459
training	ConditionedQuartic	25	1.519047619047619	0.39453125	0.10546875	1	conditioned-high-v1	3	200.04300000000001	0	0	0	208.459
training	ConditionedQuartic	25	1.519047619047619	0.39453125	0.10546875	1	conditioned-high-v1	4	245.333	1	0	0	208.459
training	ConditionedQuartic	26	1.6499999999999999	0.41015625	0.08984375	1	conditioned-low-v1	0	47.666999999999973	0	0	0	257.04199999999997
training	ConditionedQuartic	26	1.6499999999999999	0.41015625	0.08984375	1	conditioned-low-v1	2	145.333	0	0	0	257.04199999999997
training	ConditionedQuartic	26	1.6499999999999999	0.41015625	0.08984375	1	conditioned-low-v1	3	191.625	1	0	0	257.04199999999997
training	ConditionedQuartic	26	1.6499999999999999	0.41015625	0.08984375	1	conditioned-low-v1	4	191.459	1	0	0	257.04199999999997
training	ConditionedQuartic	26	1.6499999999999999	0.41015625	0.08984375	1	conditioned-middle-v1	0	45.625	0	0	0	257.04199999999997
training	ConditionedQuartic	26	1.6499999999999999	0.41015625	0.08984375	1	conditioned-middle-v1	2	144.37400000000002	0	0	0	257.04199999999997
training	ConditionedQuartic	26	1.6499999999999999	0.41015625	0.08984375	1	conditioned-middle-v1	3	190.5	1	0	0	257.04199999999997
training	ConditionedQuartic	26	1.6499999999999999	0.41015625	0.08984375	1	conditioned-middle-v1	4	190.875	1	0	0	257.04199999999997
training	ConditionedQuartic	26	1.6499999999999999	0.41015625	0.08984375	1	conditioned-high-v1	0	51.875	0	0	0	257.04199999999997
training	ConditionedQuartic	26	1.6499999999999999	0.41015625	0.08984375	1	conditioned-high-v1	2	149.99999999999997	0	0	0	257.04199999999997
training	ConditionedQuartic	26	1.6499999999999999	0.41015625	0.08984375	1	conditioned-high-v1	3	196.958	1	0	0	257.04199999999997
training	ConditionedQuartic	26	1.6499999999999999	0.41015625	0.08984375	1	conditioned-high-v1	4	196.583	1	0	0	257.04199999999997
training	ConditionedQuartic	27	1.7809523809523808	0.42578125	0.07421875	1	conditioned-low-v1	0	47.832999999999998	0	0	0	259.83300000000003
training	ConditionedQuartic	27	1.7809523809523808	0.42578125	0.07421875	1	conditioned-low-v1	2	146.541	0	0	0	259.83300000000003
training	ConditionedQuartic	27	1.7809523809523808	0.42578125	0.07421875	1	conditioned-low-v1	3	192.792	1	0	0	259.83300000000003
training	ConditionedQuartic	27	1.7809523809523808	0.42578125	0.07421875	1	conditioned-low-v1	4	192.375	1	0	0	259.83300000000003
training	ConditionedQuartic	27	1.7809523809523808	0.42578125	0.07421875	1	conditioned-middle-v1	0	45.041000000000025	0	0	0	259.83300000000003
training	ConditionedQuartic	27	1.7809523809523808	0.42578125	0.07421875	1	conditioned-middle-v1	2	143.33300000000003	0	0	0	259.83300000000003
training	ConditionedQuartic	27	1.7809523809523808	0.42578125	0.07421875	1	conditioned-middle-v1	3	190.125	1	0	0	259.83300000000003
training	ConditionedQuartic	27	1.7809523809523808	0.42578125	0.07421875	1	conditioned-middle-v1	4	189.75	1	0	0	259.83300000000003
training	ConditionedQuartic	27	1.7809523809523808	0.42578125	0.07421875	1	conditioned-high-v1	0	51.332999999999998	0	0	0	259.83300000000003
training	ConditionedQuartic	27	1.7809523809523808	0.42578125	0.07421875	1	conditioned-high-v1	2	149.29200000000003	0	0	0	259.83300000000003
training	ConditionedQuartic	27	1.7809523809523808	0.42578125	0.07421875	1	conditioned-high-v1	3	196.375	1	0	0	259.83300000000003
training	ConditionedQuartic	27	1.7809523809523808	0.42578125	0.07421875	1	conditioned-high-v1	4	196.25	1	0	0	259.83300000000003
training	ConditionedQuartic	28	1.1499999999999999	0.44140625	0.05859375	1	conditioned-low-v1	0	48.418000000000006	0	0	0	205.959
training	ConditionedQuartic	28	1.1499999999999999	0.44140625	0.05859375	1	conditioned-low-v1	2	146.292	0	0	0	205.959
training	ConditionedQuartic	28	1.1499999999999999	0.44140625	0.05859375	1	conditioned-low-v1	3	196.91800000000001	0	0	0	205.959
training	ConditionedQuartic	28	1.1499999999999999	0.44140625	0.05859375	1	conditioned-low-v1	4	241.333	1	0	0	205.959
training	ConditionedQuartic	28	1.1499999999999999	0.44140625	0.05859375	1	conditioned-middle-v1	0	44.375	0	0	0	205.959
training	ConditionedQuartic	28	1.1499999999999999	0.44140625	0.05859375	1	conditioned-middle-v1	2	142.626	0	0	0	205.959
training	ConditionedQuartic	28	1.1499999999999999	0.44140625	0.05859375	1	conditioned-middle-v1	3	188.958	1	0	0	205.959
training	ConditionedQuartic	28	1.1499999999999999	0.44140625	0.05859375	1	conditioned-middle-v1	4	188.708	1	0	0	205.959
training	ConditionedQuartic	28	1.1499999999999999	0.44140625	0.05859375	1	conditioned-high-v1	0	51.207999999999998	0	0	0	205.959
training	ConditionedQuartic	28	1.1499999999999999	0.44140625	0.05859375	1	conditioned-high-v1	2	150.167	0	0	0	205.959
training	ConditionedQuartic	28	1.1499999999999999	0.44140625	0.05859375	1	conditioned-high-v1	3	200.042	0	0	0	205.959
training	ConditionedQuartic	28	1.1499999999999999	0.44140625	0.05859375	1	conditioned-high-v1	4	244.042	1	0	0	205.959
training	ConditionedQuartic	29	1.2809523809523808	0.45703125	0.04296875	1	conditioned-low-v1	0	48.584000000000003	0	0	0	256.75
training	ConditionedQuartic	29	1.2809523809523808	0.45703125	0.04296875	1	conditioned-low-v1	2	147.375	0	0	0	256.75
training	ConditionedQuartic	29	1.2809523809523808	0.45703125	0.04296875	1	conditioned-low-v1	3	196.91699999999997	0	0	0	256.75
training	ConditionedQuartic	29	1.2809523809523808	0.45703125	0.04296875	1	conditioned-low-v1	4	241.75	1	0	0	256.75
training	ConditionedQuartic	29	1.2809523809523808	0.45703125	0.04296875	1	conditioned-middle-v1	0	40.832999999999998	1	0	0	256.75
training	ConditionedQuartic	29	1.2809523809523808	0.45703125	0.04296875	1	conditioned-middle-v1	2	40.542000000000002	1	0	0	256.75
training	ConditionedQuartic	29	1.2809523809523808	0.45703125	0.04296875	1	conditioned-middle-v1	3	40.625	1	0	0	256.75
training	ConditionedQuartic	29	1.2809523809523808	0.45703125	0.04296875	1	conditioned-middle-v1	4	40.707999999999998	1	0	0	256.75
training	ConditionedQuartic	29	1.2809523809523808	0.45703125	0.04296875	1	conditioned-high-v1	0	50.709000000000003	0	0	0	256.75
training	ConditionedQuartic	29	1.2809523809523808	0.45703125	0.04296875	1	conditioned-high-v1	2	149.375	0	0	0	256.75
training	ConditionedQuartic	29	1.2809523809523808	0.45703125	0.04296875	1	conditioned-high-v1	3	199.041	0	0	0	256.75
training	ConditionedQuartic	29	1.2809523809523808	0.45703125	0.04296875	1	conditioned-high-v1	4	245.583	1	0	0	256.75
training	ConditionedQuartic	30	1.4119047619047618	0.47265625	0.02734375	1	conditioned-low-v1	0	49.375	0	0	0	208.75
training	ConditionedQuartic	30	1.4119047619047618	0.47265625	0.02734375	1	conditioned-low-v1	2	147.45899999999997	0	0	0	208.75
training	ConditionedQuartic	30	1.4119047619047618	0.47265625	0.02734375	1	conditioned-low-v1	3	194.334	1	0	0	208.75
training	ConditionedQuartic	30	1.4119047619047618	0.47265625	0.02734375	1	conditioned-low-v1	4	194.417	1	0	0	208.75
training	ConditionedQuartic	30	1.4119047619047618	0.47265625	0.02734375	1	conditioned-middle-v1	0	40.125	1	0	0	208.75
training	ConditionedQuartic	30	1.4119047619047618	0.47265625	0.02734375	1	conditioned-middle-v1	2	40.082999999999998	1	0	0	208.75
training	ConditionedQuartic	30	1.4119047619047618	0.47265625	0.02734375	1	conditioned-middle-v1	3	40	1	0	0	208.75
training	ConditionedQuartic	30	1.4119047619047618	0.47265625	0.02734375	1	conditioned-middle-v1	4	40	1	0	0	208.75
training	ConditionedQuartic	30	1.4119047619047618	0.47265625	0.02734375	1	conditioned-high-v1	0	50.582999999999998	0	0	0	208.75
training	ConditionedQuartic	30	1.4119047619047618	0.47265625	0.02734375	1	conditioned-high-v1	2	148.91699999999997	0	0	0	208.75
training	ConditionedQuartic	30	1.4119047619047618	0.47265625	0.02734375	1	conditioned-high-v1	3	198.33300000000003	0	0	0	208.75
training	ConditionedQuartic	30	1.4119047619047618	0.47265625	0.02734375	1	conditioned-high-v1	4	244.417	1	0	0	208.75
training	ConditionedQuartic	31	1.5428571428571427	0.48828125	0.01171875	1	conditioned-low-v1	0	49.625	0	0	0	208.291
training	ConditionedQuartic	31	1.5428571428571427	0.48828125	0.01171875	1	conditioned-low-v1	2	147.792	0	0	0	208.291
training	ConditionedQuartic	31	1.5428571428571427	0.48828125	0.01171875	1	conditioned-low-v1	3	194.375	1	0	0	208.291
training	ConditionedQuartic	31	1.5428571428571427	0.48828125	0.01171875	1	conditioned-low-v1	4	194.667	1	0	0	208.291
training	ConditionedQuartic	31	1.5428571428571427	0.48828125	0.01171875	1	conditioned-middle-v1	0	39.582999999999998	1	0	0	208.291
training	ConditionedQuartic	31	1.5428571428571427	0.48828125	0.01171875	1	conditioned-middle-v1	2	39.457999999999998	1	0	0	208.291
training	ConditionedQuartic	31	1.5428571428571427	0.48828125	0.01171875	1	conditioned-middle-v1	3	39.334000000000003	1	0	0	208.291
training	ConditionedQuartic	31	1.5428571428571427	0.48828125	0.01171875	1	conditioned-middle-v1	4	39.290999999999997	1	0	0	208.291
training	ConditionedQuartic	31	1.5428571428571427	0.48828125	0.01171875	1	conditioned-high-v1	0	49.957999999999998	0	0	0	208.291
training	ConditionedQuartic	31	1.5428571428571427	0.48828125	0.01171875	1	conditioned-high-v1	2	148.20899999999997	0	0	0	208.291
training	ConditionedQuartic	31	1.5428571428571427	0.48828125	0.01171875	1	conditioned-high-v1	3	195.292	1	0	0	208.291
training	ConditionedQuartic	31	1.5428571428571427	0.48828125	0.01171875	1	conditioned-high-v1	4	195.083	1	0	0	208.291
training	ConditionedQuartic	32	1.6738095238095236	0.50390625	0.00390625	1	conditioned-low-v1	0	49.875	0	0	0	260.16699999999997
training	ConditionedQuartic	32	1.6738095238095236	0.50390625	0.00390625	1	conditioned-low-v1	2	148.542	0	0	0	260.16699999999997
training	ConditionedQuartic	32	1.6738095238095236	0.50390625	0.00390625	1	conditioned-low-v1	3	194.875	1	0	0	260.16699999999997
training	ConditionedQuartic	32	1.6738095238095236	0.50390625	0.00390625	1	conditioned-low-v1	4	195	1	0	0	260.16699999999997
training	ConditionedQuartic	32	1.6738095238095236	0.50390625	0.00390625	1	conditioned-middle-v1	0	39.167000000000002	1	0	0	260.16699999999997
training	ConditionedQuartic	32	1.6738095238095236	0.50390625	0.00390625	1	conditioned-middle-v1	2	41.5	1	0	0	260.16699999999997
training	ConditionedQuartic	32	1.6738095238095236	0.50390625	0.00390625	1	conditioned-middle-v1	3	39.5	1	0	0	260.16699999999997
training	ConditionedQuartic	32	1.6738095238095236	0.50390625	0.00390625	1	conditioned-middle-v1	4	39.25	1	0	0	260.16699999999997
training	ConditionedQuartic	32	1.6738095238095236	0.50390625	0.00390625	1	conditioned-high-v1	0	50.375	0	0	0	260.16699999999997
training	ConditionedQuartic	32	1.6738095238095236	0.50390625	0.00390625	1	conditioned-high-v1	2	148.24900000000002	0	0	0	260.16699999999997
training	ConditionedQuartic	32	1.6738095238095236	0.50390625	0.00390625	1	conditioned-high-v1	3	196.083	1	0	0	260.16699999999997
training	ConditionedQuartic	32	1.6738095238095236	0.50390625	0.00390625	1	conditioned-high-v1	4	196.125	1	0	0	260.16699999999997
training	ConditionedQuartic	33	1.8047619047619046	0.51953125	0.01953125	1	conditioned-low-v1	0	50.333000000000027	0	0	0	261.75
training	ConditionedQuartic	33	1.8047619047619046	0.51953125	0.01953125	1	conditioned-low-v1	2	148.58399999999997	0	0	0	261.75
training	ConditionedQuartic	33	1.8047619047619046	0.51953125	0.01953125	1	conditioned-low-v1	3	196.25	1	0	0	261.75
training	ConditionedQuartic	33	1.8047619047619046	0.51953125	0.01953125	1	conditioned-low-v1	4	195.916	1	0	0	261.75
training	ConditionedQuartic	33	1.8047619047619046	0.51953125	0.01953125	1	conditioned-middle-v1	0	39.875	1	0	0	261.75
training	ConditionedQuartic	33	1.8047619047619046	0.51953125	0.01953125	1	conditioned-middle-v1	2	39.875	1	0	0	261.75
training	ConditionedQuartic	33	1.8047619047619046	0.51953125	0.01953125	1	conditioned-middle-v1	3	39.459000000000003	1	0	0	261.75
training	ConditionedQuartic	33	1.8047619047619046	0.51953125	0.01953125	1	conditioned-middle-v1	4	39.75	1	0	0	261.75
training	ConditionedQuartic	33	1.8047619047619046	0.51953125	0.01953125	1	conditioned-high-v1	0	49.125	0	0	0	261.75
training	ConditionedQuartic	33	1.8047619047619046	0.51953125	0.01953125	1	conditioned-high-v1	2	148.125	0	0	0	261.75
training	ConditionedQuartic	33	1.8047619047619046	0.51953125	0.01953125	1	conditioned-high-v1	3	195.541	1	0	0	261.75
training	ConditionedQuartic	33	1.8047619047619046	0.51953125	0.01953125	1	conditioned-high-v1	4	194.375	1	0	0	261.75
training	ConditionedQuartic	34	1.1738095238095236	0.53515625	0.03515625	1	conditioned-low-v1	0	50.834000000000003	0	0	0	207
training	ConditionedQuartic	34	1.1738095238095236	0.53515625	0.03515625	1	conditioned-low-v1	2	149.24900000000002	0	0	0	207
training	ConditionedQuartic	34	1.1738095238095236	0.53515625	0.03515625	1	conditioned-low-v1	3	200	0	0	0	207
training	ConditionedQuartic	34	1.1738095238095236	0.53515625	0.03515625	1	conditioned-low-v1	4	244.375	1	0	0	207
training	ConditionedQuartic	34	1.1738095238095236	0.53515625	0.03515625	1	conditioned-middle-v1	0	40.5	1	0	0	207
training	ConditionedQuartic	34	1.1738095238095236	0.53515625	0.03515625	1	conditioned-middle-v1	2	40.25	1	0	0	207
training	ConditionedQuartic	34	1.1738095238095236	0.53515625	0.03515625	1	conditioned-middle-v1	3	40.25	1	0	0	207
training	ConditionedQuartic	34	1.1738095238095236	0.53515625	0.03515625	1	conditioned-middle-v1	4	40.292000000000002	1	0	0	207
training	ConditionedQuartic	34	1.1738095238095236	0.53515625	0.03515625	1	conditioned-high-v1	0	48.707999999999998	0	0	0	207
training	ConditionedQuartic	34	1.1738095238095236	0.53515625	0.03515625	1	conditioned-high-v1	2	147.08399999999997	0	0	0	207
training	ConditionedQuartic	34	1.1738095238095236	0.53515625	0.03515625	1	conditioned-high-v1	3	197.95800000000003	0	0	0	207
training	ConditionedQuartic	34	1.1738095238095236	0.53515625	0.03515625	1	conditioned-high-v1	4	243.042	1	0	0	207
training	ConditionedQuartic	35	1.3047619047619046	0.55078125	0.05078125	1	conditioned-low-v1	0	51.125999999999976	0	0	0	256.959
training	ConditionedQuartic	35	1.3047619047619046	0.55078125	0.05078125	1	conditioned-low-v1	2	149.20699999999999	0	0	0	256.959
training	ConditionedQuartic	35	1.3047619047619046	0.55078125	0.05078125	1	conditioned-low-v1	3	199.75	0	0	0	256.959
training	ConditionedQuartic	35	1.3047619047619046	0.55078125	0.05078125	1	conditioned-low-v1	4	245.416	1	0	0	256.959
training	ConditionedQuartic	35	1.3047619047619046	0.55078125	0.05078125	1	conditioned-middle-v1	0	43.83299999999997	0	0	0	256.959
training	ConditionedQuartic	35	1.3047619047619046	0.55078125	0.05078125	1	conditioned-middle-v1	2	142.00000000000003	0	0	0	256.959
training	ConditionedQuartic	35	1.3047619047619046	0.55078125	0.05078125	1	conditioned-middle-v1	3	190.5	1	0	0	256.959
training	ConditionedQuartic	35	1.3047619047619046	0.55078125	0.05078125	1	conditioned-middle-v1	4	190.5	1	0	0	256.959
training	ConditionedQuartic	35	1.3047619047619046	0.55078125	0.05078125	1	conditioned-high-v1	0	48.332999999999998	0	0	0	256.959
training	ConditionedQuartic	35	1.3047619047619046	0.55078125	0.05078125	1	conditioned-high-v1	2	146.91800000000001	0	0	0	256.959
training	ConditionedQuartic	35	1.3047619047619046	0.55078125	0.05078125	1	conditioned-high-v1	3	193.792	1	0	0	256.959
training	ConditionedQuartic	35	1.3047619047619046	0.55078125	0.05078125	1	conditioned-high-v1	4	194.75	1	0	0	256.959
training	ConditionedQuartic	36	1.4357142857142855	0.56640625	0.06640625	1	conditioned-low-v1	0	51.667000000000002	0	0	0	208.375
training	ConditionedQuartic	36	1.4357142857142855	0.56640625	0.06640625	1	conditioned-low-v1	2	150.29199999999997	0	0	0	208.375
training	ConditionedQuartic	36	1.4357142857142855	0.56640625	0.06640625	1	conditioned-low-v1	3	199.708	0	0	0	208.375
training	ConditionedQuartic	36	1.4357142857142855	0.56640625	0.06640625	1	conditioned-low-v1	4	245.417	1	0	0	208.375
training	ConditionedQuartic	36	1.4357142857142855	0.56640625	0.06640625	1	conditioned-middle-v1	0	44.790999999999997	0	0	0	208.375
training	ConditionedQuartic	36	1.4357142857142855	0.56640625	0.06640625	1	conditioned-middle-v1	2	143.375	0	0	0	208.375
training	ConditionedQuartic	36	1.4357142857142855	0.56640625	0.06640625	1	conditioned-middle-v1	3	190.459	1	0	0	208.375
training	ConditionedQuartic	36	1.4357142857142855	0.56640625	0.06640625	1	conditioned-middle-v1	4	190.375	1	0	0	208.375
training	ConditionedQuartic	36	1.4357142857142855	0.56640625	0.06640625	1	conditioned-high-v1	0	48.042000000000002	0	0	0	208.375
training	ConditionedQuartic	36	1.4357142857142855	0.56640625	0.06640625	1	conditioned-high-v1	2	146.708	0	0	0	208.375
training	ConditionedQuartic	36	1.4357142857142855	0.56640625	0.06640625	1	conditioned-high-v1	3	193.875	1	0	0	208.375
training	ConditionedQuartic	36	1.4357142857142855	0.56640625	0.06640625	1	conditioned-high-v1	4	193.667	1	0	0	208.375
training	ConditionedQuartic	37	1.5666666666666667	0.58203125	0.08203125	1	conditioned-low-v1	0	52.209000000000003	0	0	0	208.5
training	ConditionedQuartic	37	1.5666666666666667	0.58203125	0.08203125	1	conditioned-low-v1	2	150.20899999999997	0	0	0	208.5
training	ConditionedQuartic	37	1.5666666666666667	0.58203125	0.08203125	1	conditioned-low-v1	3	200.583	0	0	0	208.5
training	ConditionedQuartic	37	1.5666666666666667	0.58203125	0.08203125	1	conditioned-low-v1	4	245.625	1	0	0	208.5
training	ConditionedQuartic	37	1.5666666666666667	0.58203125	0.08203125	1	conditioned-middle-v1	0	45.5	0	0	0	208.5
training	ConditionedQuartic	37	1.5666666666666667	0.58203125	0.08203125	1	conditioned-middle-v1	2	143.875	0	0	0	208.5
training	ConditionedQuartic	37	1.5666666666666667	0.58203125	0.08203125	1	conditioned-middle-v1	3	191.542	1	0	0	208.5
training	ConditionedQuartic	37	1.5666666666666667	0.58203125	0.08203125	1	conditioned-middle-v1	4	191.208	1	0	0	208.5
training	ConditionedQuartic	37	1.5666666666666667	0.58203125	0.08203125	1	conditioned-high-v1	0	47.667000000000002	0	0	0	208.5
training	ConditionedQuartic	37	1.5666666666666667	0.58203125	0.08203125	1	conditioned-high-v1	2	145.66700000000003	0	0	0	208.5
training	ConditionedQuartic	37	1.5666666666666667	0.58203125	0.08203125	1	conditioned-high-v1	3	193.583	1	0	0	208.5
training	ConditionedQuartic	37	1.5666666666666667	0.58203125	0.08203125	1	conditioned-high-v1	4	193.416	1	0	0	208.5
training	ConditionedQuartic	38	1.6976190476190476	0.59765625	0.09765625	1	conditioned-low-v1	0	52.375000000000028	0	0	0	258.625
training	ConditionedQuartic	38	1.6976190476190476	0.59765625	0.09765625	1	conditioned-low-v1	2	150.45899999999997	0	0	0	258.625
training	ConditionedQuartic	38	1.6976190476190476	0.59765625	0.09765625	1	conditioned-low-v1	3	197.75	1	0	0	258.625
training	ConditionedQuartic	38	1.6976190476190476	0.59765625	0.09765625	1	conditioned-low-v1	4	197.875	1	0	0	258.625
training	ConditionedQuartic	38	1.6976190476190476	0.59765625	0.09765625	1	conditioned-middle-v1	0	46.082999999999998	0	0	0	258.625
training	ConditionedQuartic	38	1.6976190476190476	0.59765625	0.09765625	1	conditioned-middle-v1	2	144.376	0	0	0	258.625
training	ConditionedQuartic	38	1.6976190476190476	0.59765625	0.09765625	1	conditioned-middle-v1	3	191.916	1	0	0	258.625
training	ConditionedQuartic	38	1.6976190476190476	0.59765625	0.09765625	1	conditioned-middle-v1	4	191.459	1	0	0	258.625
training	ConditionedQuartic	38	1.6976190476190476	0.59765625	0.09765625	1	conditioned-high-v1	0	47.25	0	0	0	258.625
training	ConditionedQuartic	38	1.6976190476190476	0.59765625	0.09765625	1	conditioned-high-v1	2	145.584	0	0	0	258.625
training	ConditionedQuartic	38	1.6976190476190476	0.59765625	0.09765625	1	conditioned-high-v1	3	192.541	1	0	0	258.625
training	ConditionedQuartic	38	1.6976190476190476	0.59765625	0.09765625	1	conditioned-high-v1	4	192.666	1	0	0	258.625
training	ConditionedQuartic	39	1.8285714285714285	0.61328125	0.11328125	1	conditioned-low-v1	0	57.166000000000054	0	0	0	267.79199999999997
training	ConditionedQuartic	39	1.8285714285714285	0.61328125	0.11328125	1	conditioned-low-v1	2	154.79199999999997	0	0	0	267.79199999999997
training	ConditionedQuartic	39	1.8285714285714285	0.61328125	0.11328125	1	conditioned-low-v1	3	202.917	1	0	0	267.79199999999997
training	ConditionedQuartic	39	1.8285714285714285	0.61328125	0.11328125	1	conditioned-low-v1	4	202.125	1	0	0	267.79199999999997
training	ConditionedQuartic	39	1.8285714285714285	0.61328125	0.11328125	1	conditioned-middle-v1	0	47.66700000000003	0	0	0	267.79199999999997
training	ConditionedQuartic	39	1.8285714285714285	0.61328125	0.11328125	1	conditioned-middle-v1	2	148.41699999999997	0	0	0	267.79199999999997
training	ConditionedQuartic	39	1.8285714285714285	0.61328125	0.11328125	1	conditioned-middle-v1	3	196.25	1	0	0	267.79199999999997
training	ConditionedQuartic	39	1.8285714285714285	0.61328125	0.11328125	1	conditioned-middle-v1	4	196.625	1	0	0	267.79199999999997
training	ConditionedQuartic	39	1.8285714285714285	0.61328125	0.11328125	1	conditioned-high-v1	0	47.291999999999973	0	0	0	267.79199999999997
training	ConditionedQuartic	39	1.8285714285714285	0.61328125	0.11328125	1	conditioned-high-v1	2	147.834	0	0	0	267.79199999999997
training	ConditionedQuartic	39	1.8285714285714285	0.61328125	0.11328125	1	conditioned-high-v1	3	196.333	1	0	0	267.79199999999997
training	ConditionedQuartic	39	1.8285714285714285	0.61328125	0.11328125	1	conditioned-high-v1	4	196.667	1	0	0	267.79199999999997
training	ConditionedQuartic	40	1.1976190476190476	0.62890625	0.12890625	1	conditioned-low-v1	0	54.332999999999998	0	0	0	206.834
training	ConditionedQuartic	40	1.1976190476190476	0.62890625	0.12890625	1	conditioned-low-v1	2	154.874	0	0	0	206.834
training	ConditionedQuartic	40	1.1976190476190476	0.62890625	0.12890625	1	conditioned-low-v1	3	206.62400000000002	0	0	0	206.834
training	ConditionedQuartic	40	1.1976190476190476	0.62890625	0.12890625	1	conditioned-low-v1	4	252.792	1	0	0	206.834
training	ConditionedQuartic	40	1.1976190476190476	0.62890625	0.12890625	1	conditioned-middle-v1	0	48.165999999999997	0	0	0	206.834
training	ConditionedQuartic	40	1.1976190476190476	0.62890625	0.12890625	1	conditioned-middle-v1	2	147.29199999999997	0	0	0	206.834
training	ConditionedQuartic	40	1.1976190476190476	0.62890625	0.12890625	1	conditioned-middle-v1	3	193.542	1	0	0	206.834
training	ConditionedQuartic	40	1.1976190476190476	0.62890625	0.12890625	1	conditioned-middle-v1	4	193.708	1	0	0	206.834
training	ConditionedQuartic	40	1.1976190476190476	0.62890625	0.12890625	1	conditioned-high-v1	0	46.582999999999998	0	0	0	206.834
training	ConditionedQuartic	40	1.1976190476190476	0.62890625	0.12890625	1	conditioned-high-v1	2	145.083	0	0	0	206.834
training	ConditionedQuartic	40	1.1976190476190476	0.62890625	0.12890625	1	conditioned-high-v1	3	192.041	1	0	0	206.834
training	ConditionedQuartic	40	1.1976190476190476	0.62890625	0.12890625	1	conditioned-high-v1	4	192.417	1	0	0	206.834
training	ConditionedQuartic	41	1.3285714285714285	0.64453125	0.14453125	1	conditioned-low-v1	0	53.833999999999975	0	0	0	208.792
training	ConditionedQuartic	41	1.3285714285714285	0.64453125	0.14453125	1	conditioned-low-v1	2	152.166	0	0	0	208.792
training	ConditionedQuartic	41	1.3285714285714285	0.64453125	0.14453125	1	conditioned-low-v1	3	202.16699999999997	0	0	0	208.792
training	ConditionedQuartic	41	1.3285714285714285	0.64453125	0.14453125	1	conditioned-low-v1	4	247.25	1	0	0	208.792
training	ConditionedQuartic	41	1.3285714285714285	0.64453125	0.14453125	1	conditioned-middle-v1	0	48.375	0	0	0	208.792
training	ConditionedQuartic	41	1.3285714285714285	0.64453125	0.14453125	1	conditioned-middle-v1	2	147.083	0	0	0	208.792
training	ConditionedQuartic	41	1.3285714285714285	0.64453125	0.14453125	1	conditioned-middle-v1	3	194.458	1	0	0	208.792
training	ConditionedQuartic	41	1.3285714285714285	0.64453125	0.14453125	1	conditioned-middle-v1	4	194.167	1	0	0	208.792
training	ConditionedQuartic	41	1.3285714285714285	0.64453125	0.14453125	1	conditioned-high-v1	0	46.168000000000006	0	0	0	208.792
training	ConditionedQuartic	41	1.3285714285714285	0.64453125	0.14453125	1	conditioned-high-v1	2	144.875	0	0	0	208.792
training	ConditionedQuartic	41	1.3285714285714285	0.64453125	0.14453125	1	conditioned-high-v1	3	192	1	0	0	208.792
training	ConditionedQuartic	41	1.3285714285714285	0.64453125	0.14453125	1	conditioned-high-v1	4	191.833	1	0	0	208.792
training	ConditionedQuartic	42	1.4595238095238094	0.66015625	0.16015625	1	conditioned-low-v1	0	54.333000000000027	0	0	0	209.25
training	ConditionedQuartic	42	1.4595238095238094	0.66015625	0.16015625	1	conditioned-low-v1	2	152.708	0	0	0	209.25
training	ConditionedQuartic	42	1.4595238095238094	0.66015625	0.16015625	1	conditioned-low-v1	3	203.041	0	0	0	209.25
training	ConditionedQuartic	42	1.4595238095238094	0.66015625	0.16015625	1	conditioned-low-v1	4	248.291	1	0	0	209.25
training	ConditionedQuartic	42	1.4595238095238094	0.66015625	0.16015625	1	conditioned-middle-v1	0	49.25	0	0	0	209.25
training	ConditionedQuartic	42	1.4595238095238094	0.66015625	0.16015625	1	conditioned-middle-v1	2	147.87599999999998	0	0	0	209.25
training	ConditionedQuartic	42	1.4595238095238094	0.66015625	0.16015625	1	conditioned-middle-v1	3	195.209	1	0	0	209.25
training	ConditionedQuartic	42	1.4595238095238094	0.66015625	0.16015625	1	conditioned-middle-v1	4	195.041	1	0	0	209.25
training	ConditionedQuartic	42	1.4595238095238094	0.66015625	0.16015625	1	conditioned-high-v1	0	45.832999999999998	0	0	0	209.25
training	ConditionedQuartic	42	1.4595238095238094	0.66015625	0.16015625	1	conditioned-high-v1	2	144.04199999999997	0	0	0	209.25
training	ConditionedQuartic	42	1.4595238095238094	0.66015625	0.16015625	1	conditioned-high-v1	3	191.458	1	0	0	209.25
training	ConditionedQuartic	42	1.4595238095238094	0.66015625	0.16015625	1	conditioned-high-v1	4	191.083	1	0	0	209.25
training	ConditionedQuartic	43	1.5904761904761904	0.67578125	0.17578125	1	conditioned-low-v1	0	54.667000000000002	0	0	0	259.625
training	ConditionedQuartic	43	1.5904761904761904	0.67578125	0.17578125	1	conditioned-low-v1	2	152.70899999999997	0	0	0	259.625
training	ConditionedQuartic	43	1.5904761904761904	0.67578125	0.17578125	1	conditioned-low-v1	3	203.70800000000003	0	0	0	259.625
training	ConditionedQuartic	43	1.5904761904761904	0.67578125	0.17578125	1	conditioned-low-v1	4	249.375	1	0	0	259.625
training	ConditionedQuartic	43	1.5904761904761904	0.67578125	0.17578125	1	conditioned-middle-v1	0	49.916999999999973	0	0	0	259.625
training	ConditionedQuartic	43	1.5904761904761904	0.67578125	0.17578125	1	conditioned-middle-v1	2	148.584	0	0	0	259.625
training	ConditionedQuartic	43	1.5904761904761904	0.67578125	0.17578125	1	conditioned-middle-v1	3	195.542	1	0	0	259.625
training	ConditionedQuartic	43	1.5904761904761904	0.67578125	0.17578125	1	conditioned-middle-v1	4	196.084	1	0	0	259.625
training	ConditionedQuartic	43	1.5904761904761904	0.67578125	0.17578125	1	conditioned-high-v1	0	45.292000000000002	0	0	0	259.625
training	ConditionedQuartic	43	1.5904761904761904	0.67578125	0.17578125	1	conditioned-high-v1	2	143.875	0	0	0	259.625
training	ConditionedQuartic	43	1.5904761904761904	0.67578125	0.17578125	1	conditioned-high-v1	3	191.416	1	0	0	259.625
training	ConditionedQuartic	43	1.5904761904761904	0.67578125	0.17578125	1	conditioned-high-v1	4	190.875	1	0	0	259.625
training	ConditionedQuartic	44	1.7214285714285713	0.69140625	0.19140625	1	conditioned-low-v1	0	55.292000000000002	0	0	0	259
training	ConditionedQuartic	44	1.7214285714285713	0.69140625	0.19140625	1	conditioned-low-v1	2	153.333	0	0	0	259
training	ConditionedQuartic	44	1.7214285714285713	0.69140625	0.19140625	1	conditioned-low-v1	3	203.49999999999997	0	0	0	259
training	ConditionedQuartic	44	1.7214285714285713	0.69140625	0.19140625	1	conditioned-low-v1	4	249.041	1	0	0	259
training	ConditionedQuartic	44	1.7214285714285713	0.69140625	0.19140625	1	conditioned-middle-v1	0	50.791999999999973	0	0	0	259
training	ConditionedQuartic	44	1.7214285714285713	0.69140625	0.19140625	1	conditioned-middle-v1	2	149.41699999999997	0	0	0	259
training	ConditionedQuartic	44	1.7214285714285713	0.69140625	0.19140625	1	conditioned-middle-v1	3	196.917	1	0	0	259
training	ConditionedQuartic	44	1.7214285714285713	0.69140625	0.19140625	1	conditioned-middle-v1	4	196.542	1	0	0	259
training	ConditionedQuartic	44	1.7214285714285713	0.69140625	0.19140625	1	conditioned-high-v1	0	44.91700000000003	0	0	0	259
training	ConditionedQuartic	44	1.7214285714285713	0.69140625	0.19140625	1	conditioned-high-v1	2	143.58300000000003	0	0	0	259
training	ConditionedQuartic	44	1.7214285714285713	0.69140625	0.19140625	1	conditioned-high-v1	3	191.375	1	0	0	259
training	ConditionedQuartic	44	1.7214285714285713	0.69140625	0.19140625	1	conditioned-high-v1	4	190.917	1	0	0	259
training	ConditionedQuartic	45	1.8523809523809522	0.70703125	0.20703125	1	conditioned-low-v1	0	55.707999999999998	0	0	0	261.33300000000003
training	ConditionedQuartic	45	1.8523809523809522	0.70703125	0.20703125	1	conditioned-low-v1	2	153.74999999999997	0	0	0	261.33300000000003
training	ConditionedQuartic	45	1.8523809523809522	0.70703125	0.20703125	1	conditioned-low-v1	3	204.33299999999997	0	0	0	261.33300000000003
training	ConditionedQuartic	45	1.8523809523809522	0.70703125	0.20703125	1	conditioned-low-v1	4	249.417	1	0	0	261.33300000000003
training	ConditionedQuartic	45	1.8523809523809522	0.70703125	0.20703125	1	conditioned-middle-v1	0	51.625	0	0	0	261.33300000000003
training	ConditionedQuartic	45	1.8523809523809522	0.70703125	0.20703125	1	conditioned-middle-v1	2	149.70799999999997	0	0	0	261.33300000000003
training	ConditionedQuartic	45	1.8523809523809522	0.70703125	0.20703125	1	conditioned-middle-v1	3	197.542	1	0	0	261.33300000000003
training	ConditionedQuartic	45	1.8523809523809522	0.70703125	0.20703125	1	conditioned-middle-v1	4	197.666	1	0	0	261.33300000000003
training	ConditionedQuartic	45	1.8523809523809522	0.70703125	0.20703125	1	conditioned-high-v1	0	44.583999999999975	0	0	0	261.33300000000003
training	ConditionedQuartic	45	1.8523809523809522	0.70703125	0.20703125	1	conditioned-high-v1	2	143.042	0	0	0	261.33300000000003
training	ConditionedQuartic	45	1.8523809523809522	0.70703125	0.20703125	1	conditioned-high-v1	3	190	1	0	0	261.33300000000003
training	ConditionedQuartic	45	1.8523809523809522	0.70703125	0.20703125	1	conditioned-high-v1	4	190.917	1	0	0	261.33300000000003
training	ConditionedQuartic	46	1.2214285714285713	0.72265625	0.22265625	1	conditioned-low-v1	0	55.998999999999995	0	0	0	262.25
training	ConditionedQuartic	46	1.2214285714285713	0.72265625	0.22265625	1	conditioned-low-v1	2	154.58300000000003	0	0	0	262.25
training	ConditionedQuartic	46	1.2214285714285713	0.72265625	0.22265625	1	conditioned-low-v1	3	204.20800000000003	0	0	0	262.25
training	ConditionedQuartic	46	1.2214285714285713	0.72265625	0.22265625	1	conditioned-low-v1	4	249.959	1	0	0	262.25
training	ConditionedQuartic	46	1.2214285714285713	0.72265625	0.22265625	1	conditioned-middle-v1	0	52.542000000000002	0	0	0	262.25
training	ConditionedQuartic	46	1.2214285714285713	0.72265625	0.22265625	1	conditioned-middle-v1	2	153.41600000000005	0	0	0	262.25
training	ConditionedQuartic	46	1.2214285714285713	0.72265625	0.22265625	1	conditioned-middle-v1	3	208.167	0	0	0	262.25
training	ConditionedQuartic	46	1.2214285714285713	0.72265625	0.22265625	1	conditioned-middle-v1	4	251.291	1	0	0	262.25
training	ConditionedQuartic	46	1.2214285714285713	0.72265625	0.22265625	1	conditioned-high-v1	0	45.000999999999976	0	0	0	262.25
training	ConditionedQuartic	46	1.2214285714285713	0.72265625	0.22265625	1	conditioned-high-v1	2	144.91600000000003	0	0	0	262.25
training	ConditionedQuartic	46	1.2214285714285713	0.72265625	0.22265625	1	conditioned-high-v1	3	193.791	1	0	0	262.25
training	ConditionedQuartic	46	1.2214285714285713	0.72265625	0.22265625	1	conditioned-high-v1	4	194.125	1	0	0	262.25
training	ConditionedQuartic	47	1.3523809523809522	0.73828125	0.23828125	1	conditioned-low-v1	0	57.875	0	0	0	212.417
training	ConditionedQuartic	47	1.3523809523809522	0.73828125	0.23828125	1	conditioned-low-v1	2	157.541	0	0	0	212.417
training	ConditionedQuartic	47	1.3523809523809522	0.73828125	0.23828125	1	conditioned-low-v1	3	207.958	0	0	0	212.417
training	ConditionedQuartic	47	1.3523809523809522	0.73828125	0.23828125	1	conditioned-low-v1	4	254.417	1	0	0	212.417
training	ConditionedQuartic	47	1.3523809523809522	0.73828125	0.23828125	1	conditioned-middle-v1	0	53.790999999999997	0	0	0	212.417
training	ConditionedQuartic	47	1.3523809523809522	0.73828125	0.23828125	1	conditioned-middle-v1	2	154.33399999999997	0	0	0	212.417
training	ConditionedQuartic	47	1.3523809523809522	0.73828125	0.23828125	1	conditioned-middle-v1	3	202.416	1	0	0	212.417
training	ConditionedQuartic	47	1.3523809523809522	0.73828125	0.23828125	1	conditioned-middle-v1	4	202.583	1	0	0	212.417
training	ConditionedQuartic	47	1.3523809523809522	0.73828125	0.23828125	1	conditioned-high-v1	0	44.25	0	0	0	212.417
training	ConditionedQuartic	47	1.3523809523809522	0.73828125	0.23828125	1	conditioned-high-v1	2	144.08399999999997	0	0	0	212.417
training	ConditionedQuartic	47	1.3523809523809522	0.73828125	0.23828125	1	conditioned-high-v1	3	192.916	1	0	0	212.417
training	ConditionedQuartic	47	1.3523809523809522	0.73828125	0.23828125	1	conditioned-high-v1	4	192.583	1	0	0	212.417
training	ConditionedQuartic	48	1.4833333333333332	0.75390625	0.25390625	1	conditioned-low-v1	0	57.875	0	0	0	163.917
training	ConditionedQuartic	48	1.4833333333333332	0.75390625	0.25390625	1	conditioned-low-v1	2	157.66699999999997	0	0	0	163.917
training	ConditionedQuartic	48	1.4833333333333332	0.75390625	0.25390625	1	conditioned-low-v1	3	208.37500000000003	0	0	0	163.917
training	ConditionedQuartic	48	1.4833333333333332	0.75390625	0.25390625	1	conditioned-low-v1	4	254.458	1	0	0	163.917
training	ConditionedQuartic	48	1.4833333333333332	0.75390625	0.25390625	1	conditioned-middle-v1	0	54.75	0	0	0	163.917
training	ConditionedQuartic	48	1.4833333333333332	0.75390625	0.25390625	1	conditioned-middle-v1	2	154.99900000000002	0	0	0	163.917
training	ConditionedQuartic	48	1.4833333333333332	0.75390625	0.25390625	1	conditioned-middle-v1	3	203.042	1	0	0	163.917
training	ConditionedQuartic	48	1.4833333333333332	0.75390625	0.25390625	1	conditioned-middle-v1	4	203.042	1	0	0	163.917
training	ConditionedQuartic	48	1.4833333333333332	0.75390625	0.25390625	1	conditioned-high-v1	0	43.790999999999997	0	0	0	163.917
training	ConditionedQuartic	48	1.4833333333333332	0.75390625	0.25390625	1	conditioned-high-v1	2	144.041	0	0	0	163.917
training	ConditionedQuartic	48	1.4833333333333332	0.75390625	0.25390625	1	conditioned-high-v1	3	193.25	1	0	0	163.917
training	ConditionedQuartic	48	1.4833333333333332	0.75390625	0.25390625	1	conditioned-high-v1	4	192.917	1	0	0	163.917
training	ConditionedQuartic	49	1.6142857142857143	0.76953125	0.26953125	1	conditioned-low-v1	0	58.209000000000003	0	0	0	259.5
training	ConditionedQuartic	49	1.6142857142857143	0.76953125	0.26953125	1	conditioned-low-v1	2	158.16699999999997	0	0	0	259.5
training	ConditionedQuartic	49	1.6142857142857143	0.76953125	0.26953125	1	conditioned-low-v1	3	209.95899999999995	0	0	0	259.5
training	ConditionedQuartic	49	1.6142857142857143	0.76953125	0.26953125	1	conditioned-low-v1	4	254.5	1	0	0	259.5
training	ConditionedQuartic	49	1.6142857142857143	0.76953125	0.26953125	1	conditioned-middle-v1	0	55.459000000000003	0	0	0	259.5
training	ConditionedQuartic	49	1.6142857142857143	0.76953125	0.26953125	1	conditioned-middle-v1	2	156	0	0	0	259.5
training	ConditionedQuartic	49	1.6142857142857143	0.76953125	0.26953125	1	conditioned-middle-v1	3	202.125	1	0	0	259.5
training	ConditionedQuartic	49	1.6142857142857143	0.76953125	0.26953125	1	conditioned-middle-v1	4	202.417	1	0	0	259.5
training	ConditionedQuartic	49	1.6142857142857143	0.76953125	0.26953125	1	conditioned-high-v1	0	43.375000000000028	0	0	0	259.5
training	ConditionedQuartic	49	1.6142857142857143	0.76953125	0.26953125	1	conditioned-high-v1	2	142.375	0	0	0	259.5
training	ConditionedQuartic	49	1.6142857142857143	0.76953125	0.26953125	1	conditioned-high-v1	3	190.542	1	0	0	259.5
training	ConditionedQuartic	49	1.6142857142857143	0.76953125	0.26953125	1	conditioned-high-v1	4	190.333	1	0	0	259.5
training	ConditionedQuartic	50	1.7452380952380953	0.78515625	0.28515625	1	conditioned-low-v1	0	58.791999999999973	0	0	0	269.33300000000003
training	ConditionedQuartic	50	1.7452380952380953	0.78515625	0.28515625	1	conditioned-low-v1	2	157.292	0	0	0	269.33300000000003
training	ConditionedQuartic	50	1.7452380952380953	0.78515625	0.28515625	1	conditioned-low-v1	3	207.875	0	0	0	269.33300000000003
training	ConditionedQuartic	50	1.7452380952380953	0.78515625	0.28515625	1	conditioned-low-v1	4	267.04199999999997	1	0	0	269.33300000000003
training	ConditionedQuartic	50	1.7452380952380953	0.78515625	0.28515625	1	conditioned-middle-v1	0	58.916000000000054	0	0	0	269.33300000000003
training	ConditionedQuartic	50	1.7452380952380953	0.78515625	0.28515625	1	conditioned-middle-v1	2	161.58299999999997	0	0	0	269.33300000000003
training	ConditionedQuartic	50	1.7452380952380953	0.78515625	0.28515625	1	conditioned-middle-v1	3	208.541	1	0	0	269.33300000000003
training	ConditionedQuartic	50	1.7452380952380953	0.78515625	0.28515625	1	conditioned-middle-v1	4	208.334	1	0	0	269.33300000000003
training	ConditionedQuartic	50	1.7452380952380953	0.78515625	0.28515625	1	conditioned-high-v1	0	43.374000000000024	0	0	0	269.33300000000003
training	ConditionedQuartic	50	1.7452380952380953	0.78515625	0.28515625	1	conditioned-high-v1	2	145.125	0	0	0	269.33300000000003
training	ConditionedQuartic	50	1.7452380952380953	0.78515625	0.28515625	1	conditioned-high-v1	3	194.083	1	0	0	269.33300000000003
training	ConditionedQuartic	50	1.7452380952380953	0.78515625	0.28515625	1	conditioned-high-v1	4	193.541	1	0	0	269.33300000000003
training	ConditionedQuartic	51	1.8761904761904762	0.80078125	0.30078125	1	conditioned-low-v1	0	59.124000000000024	0	0	0	258.416
training	ConditionedQuartic	51	1.8761904761904762	0.80078125	0.30078125	1	conditioned-low-v1	2	161.125	0	0	0	258.416
training	ConditionedQuartic	51	1.8761904761904762	0.80078125	0.30078125	1	conditioned-low-v1	3	209.33399999999997	0	0	0	258.416
training	ConditionedQuartic	51	1.8761904761904762	0.80078125	0.30078125	1	conditioned-low-v1	4	251.042	1	0	0	258.416
training	ConditionedQuartic	51	1.8761904761904762	0.80078125	0.30078125	1	conditioned-middle-v1	0	57.5	0	0	0	258.416
training	ConditionedQuartic	51	1.8761904761904762	0.80078125	0.30078125	1	conditioned-middle-v1	2	154.541	0	0	0	258.416
training	ConditionedQuartic	51	1.8761904761904762	0.80078125	0.30078125	1	conditioned-middle-v1	3	202.459	1	0	0	258.416
training	ConditionedQuartic	51	1.8761904761904762	0.80078125	0.30078125	1	conditioned-middle-v1	4	201.459	1	0	0	258.416
training	ConditionedQuartic	51	1.8761904761904762	0.80078125	0.30078125	1	conditioned-high-v1	0	42.499999999999972	0	0	0	258.416
training	ConditionedQuartic	51	1.8761904761904762	0.80078125	0.30078125	1	conditioned-high-v1	2	140.417	0	0	0	258.416
training	ConditionedQuartic	51	1.8761904761904762	0.80078125	0.30078125	1	conditioned-high-v1	3	187.25	1	0	0	258.416
training	ConditionedQuartic	51	1.8761904761904762	0.80078125	0.30078125	1	conditioned-high-v1	4	186.75	1	0	0	258.416
training	ConditionedQuartic	52	1.2452380952380953	0.81640625	0.31640625	1	conditioned-low-v1	0	59.291999999999973	0	0	0	254.958
training	ConditionedQuartic	52	1.2452380952380953	0.81640625	0.31640625	1	conditioned-low-v1	2	156.541	0	0	0	254.958
training	ConditionedQuartic	52	1.2452380952380953	0.81640625	0.31640625	1	conditioned-low-v1	3	206.62500000000003	0	0	0	254.958
training	ConditionedQuartic	52	1.2452380952380953	0.81640625	0.31640625	1	conditioned-low-v1	4	251.083	1	0	0	254.958
training	ConditionedQuartic	52	1.2452380952380953	0.81640625	0.31640625	1	conditioned-middle-v1	0	58.125	0	0	0	254.958
training	ConditionedQuartic	52	1.2452380952380953	0.81640625	0.31640625	1	conditioned-middle-v1	2	155.70800000000003	0	0	0	254.958
training	ConditionedQuartic	52	1.2452380952380953	0.81640625	0.31640625	1	conditioned-middle-v1	3	205.49900000000002	0	0	0	254.958
training	ConditionedQuartic	52	1.2452380952380953	0.81640625	0.31640625	1	conditioned-middle-v1	4	250.25	1	0	0	254.958
training	ConditionedQuartic	52	1.2452380952380953	0.81640625	0.31640625	1	conditioned-high-v1	0	42.208000000000027	0	0	0	254.958
training	ConditionedQuartic	52	1.2452380952380953	0.81640625	0.31640625	1	conditioned-high-v1	2	139.83300000000003	0	0	0	254.958
training	ConditionedQuartic	52	1.2452380952380953	0.81640625	0.31640625	1	conditioned-high-v1	3	186.667	1	0	0	254.958
training	ConditionedQuartic	52	1.2452380952380953	0.81640625	0.31640625	1	conditioned-high-v1	4	186.708	1	0	0	254.958
training	ConditionedQuartic	53	1.3761904761904762	0.83203125	0.33203125	1	conditioned-low-v1	0	59.916000000000025	0	0	0	207.041
training	ConditionedQuartic	53	1.3761904761904762	0.83203125	0.33203125	1	conditioned-low-v1	2	156.583	0	0	0	207.041
training	ConditionedQuartic	53	1.3761904761904762	0.83203125	0.33203125	1	conditioned-low-v1	3	207.292	0	0	0	207.041
training	ConditionedQuartic	53	1.3761904761904762	0.83203125	0.33203125	1	conditioned-low-v1	4	251.375	1	0	0	207.041
training	ConditionedQuartic	53	1.3761904761904762	0.83203125	0.33203125	1	conditioned-middle-v1	0	59.125	0	0	0	207.041
training	ConditionedQuartic	53	1.3761904761904762	0.83203125	0.33203125	1	conditioned-middle-v1	2	157.00099999999998	0	0	0	207.041
training	ConditionedQuartic	53	1.3761904761904762	0.83203125	0.33203125	1	conditioned-middle-v1	3	206.75099999999998	0	0	0	207.041
training	ConditionedQuartic	53	1.3761904761904762	0.83203125	0.33203125	1	conditioned-middle-v1	4	251.667	1	0	0	207.041
training	ConditionedQuartic	53	1.3761904761904762	0.83203125	0.33203125	1	conditioned-high-v1	0	42.084000000000003	0	0	0	207.041
training	ConditionedQuartic	53	1.3761904761904762	0.83203125	0.33203125	1	conditioned-high-v1	2	139.54200000000003	0	0	0	207.041
training	ConditionedQuartic	53	1.3761904761904762	0.83203125	0.33203125	1	conditioned-high-v1	3	187.334	1	0	0	207.041
training	ConditionedQuartic	53	1.3761904761904762	0.83203125	0.33203125	1	conditioned-high-v1	4	186.459	1	0	0	207.041
training	ConditionedQuartic	54	1.5071428571428571	0.84765625	0.34765625	1	conditioned-low-v1	0	60.415999999999997	0	0	0	206.625
training	ConditionedQuartic	54	1.5071428571428571	0.84765625	0.34765625	1	conditioned-low-v1	2	157.87499999999997	0	0	0	206.625
training	ConditionedQuartic	54	1.5071428571428571	0.84765625	0.34765625	1	conditioned-low-v1	3	208.70899999999997	0	0	0	206.625
training	ConditionedQuartic	54	1.5071428571428571	0.84765625	0.34765625	1	conditioned-low-v1	4	281	1	0	0	206.625
training	ConditionedQuartic	54	1.5071428571428571	0.84765625	0.34765625	1	conditioned-middle-v1	0	60.292000000000002	0	0	0	206.625
training	ConditionedQuartic	54	1.5071428571428571	0.84765625	0.34765625	1	conditioned-middle-v1	2	158.04100000000003	0	0	0	206.625
training	ConditionedQuartic	54	1.5071428571428571	0.84765625	0.34765625	1	conditioned-middle-v1	3	207.875	0	0	0	206.625
training	ConditionedQuartic	54	1.5071428571428571	0.84765625	0.34765625	1	conditioned-middle-v1	4	252.584	1	0	0	206.625
training	ConditionedQuartic	54	1.5071428571428571	0.84765625	0.34765625	1	conditioned-high-v1	0	41.540999999999997	0	0	0	206.625
training	ConditionedQuartic	54	1.5071428571428571	0.84765625	0.34765625	1	conditioned-high-v1	2	139.41699999999997	0	0	0	206.625
training	ConditionedQuartic	54	1.5071428571428571	0.84765625	0.34765625	1	conditioned-high-v1	3	186.5	1	0	0	206.625
training	ConditionedQuartic	54	1.5071428571428571	0.84765625	0.34765625	1	conditioned-high-v1	4	186.5	1	0	0	206.625
training	ConditionedQuartic	55	1.638095238095238	0.86328125	0.36328125	1	conditioned-low-v1	0	60.834000000000003	0	0	0	257.16699999999997
training	ConditionedQuartic	55	1.638095238095238	0.86328125	0.36328125	1	conditioned-low-v1	2	157.75	0	0	0	257.16699999999997
training	ConditionedQuartic	55	1.638095238095238	0.86328125	0.36328125	1	conditioned-low-v1	3	208.209	0	0	0	257.16699999999997
training	ConditionedQuartic	55	1.638095238095238	0.86328125	0.36328125	1	conditioned-low-v1	4	252.334	1	0	0	257.16699999999997
training	ConditionedQuartic	55	1.638095238095238	0.86328125	0.36328125	1	conditioned-middle-v1	0	61.375	0	0	0	257.16699999999997
training	ConditionedQuartic	55	1.638095238095238	0.86328125	0.36328125	1	conditioned-middle-v1	2	158.624	0	0	0	257.16699999999997
training	ConditionedQuartic	55	1.638095238095238	0.86328125	0.36328125	1	conditioned-middle-v1	3	209.292	0	0	0	257.16699999999997
training	ConditionedQuartic	55	1.638095238095238	0.86328125	0.36328125	1	conditioned-middle-v1	4	252.916	1	0	0	257.16699999999997
training	ConditionedQuartic	55	1.638095238095238	0.86328125	0.36328125	1	conditioned-high-v1	0	41.417000000000002	0	0	0	257.16699999999997
training	ConditionedQuartic	55	1.638095238095238	0.86328125	0.36328125	1	conditioned-high-v1	2	138.41699999999997	0	0	0	257.16699999999997
training	ConditionedQuartic	55	1.638095238095238	0.86328125	0.36328125	1	conditioned-high-v1	3	185.459	1	0	0	257.16699999999997
training	ConditionedQuartic	55	1.638095238095238	0.86328125	0.36328125	1	conditioned-high-v1	4	185.416	1	0	0	257.16699999999997
training	ConditionedQuartic	56	1.769047619047619	0.87890625	0.37890625	1	conditioned-low-v1	0	61.209000000000003	0	0	0	258.166
training	ConditionedQuartic	56	1.769047619047619	0.87890625	0.37890625	1	conditioned-low-v1	2	158.70800000000003	0	0	0	258.166
training	ConditionedQuartic	56	1.769047619047619	0.87890625	0.37890625	1	conditioned-low-v1	3	208.20800000000003	0	0	0	258.166
training	ConditionedQuartic	56	1.769047619047619	0.87890625	0.37890625	1	conditioned-low-v1	4	253.208	1	0	0	258.166
training	ConditionedQuartic	56	1.769047619047619	0.87890625	0.37890625	1	conditioned-middle-v1	0	62.458000000000027	0	0	0	258.166
training	ConditionedQuartic	56	1.769047619047619	0.87890625	0.37890625	1	conditioned-middle-v1	2	159.916	0	0	0	258.166
training	ConditionedQuartic	56	1.769047619047619	0.87890625	0.37890625	1	conditioned-middle-v1	3	210.04100000000003	0	0	0	258.166
training	ConditionedQuartic	56	1.769047619047619	0.87890625	0.37890625	1	conditioned-middle-v1	4	254.25	1	0	0	258.166
training	ConditionedQuartic	56	1.769047619047619	0.87890625	0.37890625	1	conditioned-high-v1	0	40.959000000000003	0	0	0	258.166
training	ConditionedQuartic	56	1.769047619047619	0.87890625	0.37890625	1	conditioned-high-v1	2	138.625	0	0	0	258.166
training	ConditionedQuartic	56	1.769047619047619	0.87890625	0.37890625	1	conditioned-high-v1	3	185.833	1	0	0	258.166
training	ConditionedQuartic	56	1.769047619047619	0.87890625	0.37890625	1	conditioned-high-v1	4	185.667	1	0	0	258.166
training	ConditionedQuartic	57	1.8999999999999999	0.89453125	0.39453125	1	conditioned-low-v1	0	62.083999999999975	0	0	0	258.916
training	ConditionedQuartic	57	1.8999999999999999	0.89453125	0.39453125	1	conditioned-low-v1	2	159.042	0	0	0	258.916
training	ConditionedQuartic	57	1.8999999999999999	0.89453125	0.39453125	1	conditioned-low-v1	3	208.91700000000003	0	0	0	258.916
training	ConditionedQuartic	57	1.8999999999999999	0.89453125	0.39453125	1	conditioned-low-v1	4	252.792	1	0	0	258.916
training	ConditionedQuartic	57	1.8999999999999999	0.89453125	0.39453125	1	conditioned-middle-v1	0	63.75	0	0	0	258.916
training	ConditionedQuartic	57	1.8999999999999999	0.89453125	0.39453125	1	conditioned-middle-v1	2	161.04100000000003	0	0	0	258.916
training	ConditionedQuartic	57	1.8999999999999999	0.89453125	0.39453125	1	conditioned-middle-v1	3	212.292	0	0	0	258.916
training	ConditionedQuartic	57	1.8999999999999999	0.89453125	0.39453125	1	conditioned-middle-v1	4	255.334	1	0	0	258.916
training	ConditionedQuartic	57	1.8999999999999999	0.89453125	0.39453125	1	conditioned-high-v1	0	40.792000000000002	0	0	0	258.916
training	ConditionedQuartic	57	1.8999999999999999	0.89453125	0.39453125	1	conditioned-high-v1	2	138.083	0	0	0	258.916
training	ConditionedQuartic	57	1.8999999999999999	0.89453125	0.39453125	1	conditioned-high-v1	3	185.25	1	0	0	258.916
training	ConditionedQuartic	57	1.8999999999999999	0.89453125	0.39453125	1	conditioned-high-v1	4	185.042	1	0	0	258.916
training	ConditionedQuartic	58	1.269047619047619	0.91015625	0.41015625	1	conditioned-low-v1	0	62.290999999999997	0	0	0	252.542
training	ConditionedQuartic	58	1.269047619047619	0.91015625	0.41015625	1	conditioned-low-v1	2	159.625	0	0	0	252.542
training	ConditionedQuartic	58	1.269047619047619	0.91015625	0.41015625	1	conditioned-low-v1	3	208.50000000000003	0	0	0	252.542
training	ConditionedQuartic	58	1.269047619047619	0.91015625	0.41015625	1	conditioned-low-v1	4	254.25	1	0	0	252.542
training	ConditionedQuartic	58	1.269047619047619	0.91015625	0.41015625	1	conditioned-middle-v1	0	64.667000000000002	0	0	0	252.542
training	ConditionedQuartic	58	1.269047619047619	0.91015625	0.41015625	1	conditioned-middle-v1	2	161.708	0	0	0	252.542
training	ConditionedQuartic	58	1.269047619047619	0.91015625	0.41015625	1	conditioned-middle-v1	3	211.208	0	0	0	252.542
training	ConditionedQuartic	58	1.269047619047619	0.91015625	0.41015625	1	conditioned-middle-v1	4	256.791	1	0	0	252.542
training	ConditionedQuartic	58	1.269047619047619	0.91015625	0.41015625	1	conditioned-high-v1	0	37.625	1	0	0	252.542
training	ConditionedQuartic	58	1.269047619047619	0.91015625	0.41015625	1	conditioned-high-v1	2	37.582999999999998	1	0	0	252.542
training	ConditionedQuartic	58	1.269047619047619	0.91015625	0.41015625	1	conditioned-high-v1	3	37.5	1	0	0	252.542
training	ConditionedQuartic	58	1.269047619047619	0.91015625	0.41015625	1	conditioned-high-v1	4	37.459000000000003	1	0	0	252.542
training	ConditionedQuartic	59	1.3999999999999999	0.92578125	0.42578125	1	conditioned-low-v1	0	62.874999999999972	0	0	0	205.75
training	ConditionedQuartic	59	1.3999999999999999	0.92578125	0.42578125	1	conditioned-low-v1	2	159.792	0	0	0	205.75
training	ConditionedQuartic	59	1.3999999999999999	0.92578125	0.42578125	1	conditioned-low-v1	3	210.33300000000003	0	0	0	205.75
training	ConditionedQuartic	59	1.3999999999999999	0.92578125	0.42578125	1	conditioned-low-v1	4	253.709	1	0	0	205.75
training	ConditionedQuartic	59	1.3999999999999999	0.92578125	0.42578125	1	conditioned-middle-v1	0	65.832999999999998	0	0	0	205.75
training	ConditionedQuartic	59	1.3999999999999999	0.92578125	0.42578125	1	conditioned-middle-v1	2	162.833	0	0	0	205.75
training	ConditionedQuartic	59	1.3999999999999999	0.92578125	0.42578125	1	conditioned-middle-v1	3	213.16600000000003	0	0	0	205.75
training	ConditionedQuartic	59	1.3999999999999999	0.92578125	0.42578125	1	conditioned-middle-v1	4	257.54199999999997	1	0	0	205.75
training	ConditionedQuartic	59	1.3999999999999999	0.92578125	0.42578125	1	conditioned-high-v1	0	37.292000000000002	1	0	0	205.75
training	ConditionedQuartic	59	1.3999999999999999	0.92578125	0.42578125	1	conditioned-high-v1	2	37.165999999999997	1	0	0	205.75
training	ConditionedQuartic	59	1.3999999999999999	0.92578125	0.42578125	1	conditioned-high-v1	3	37.125	1	0	0	205.75
training	ConditionedQuartic	59	1.3999999999999999	0.92578125	0.42578125	1	conditioned-high-v1	4	37.165999999999997	1	0	0	205.75
training	ConditionedQuartic	60	1.5309523809523808	0.94140625	0.44140625	1	conditioned-low-v1	0	63.45799999999997	0	0	0	211.709
training	ConditionedQuartic	60	1.5309523809523808	0.94140625	0.44140625	1	conditioned-low-v1	2	160.16699999999997	0	0	0	211.709
training	ConditionedQuartic	60	1.5309523809523808	0.94140625	0.44140625	1	conditioned-low-v1	3	210.916	0	0	0	211.709
training	ConditionedQuartic	60	1.5309523809523808	0.94140625	0.44140625	1	conditioned-low-v1	4	254.542	1	0	0	211.709
training	ConditionedQuartic	60	1.5309523809523808	0.94140625	0.44140625	1	conditioned-middle-v1	0	67.125000000000028	0	0	0	211.709
training	ConditionedQuartic	60	1.5309523809523808	0.94140625	0.44140625	1	conditioned-middle-v1	2	164.37400000000002	0	0	0	211.709
training	ConditionedQuartic	60	1.5309523809523808	0.94140625	0.44140625	1	conditioned-middle-v1	3	217.084	0	0	0	211.709
training	ConditionedQuartic	60	1.5309523809523808	0.94140625	0.44140625	1	conditioned-middle-v1	4	263.666	1	0	0	211.709
training	ConditionedQuartic	60	1.5309523809523808	0.94140625	0.44140625	1	conditioned-high-v1	0	37.332999999999998	1	0	0	211.709
training	ConditionedQuartic	60	1.5309523809523808	0.94140625	0.44140625	1	conditioned-high-v1	2	36.875	1	0	0	211.709
training	ConditionedQuartic	60	1.5309523809523808	0.94140625	0.44140625	1	conditioned-high-v1	3	36.875	1	0	0	211.709
training	ConditionedQuartic	60	1.5309523809523808	0.94140625	0.44140625	1	conditioned-high-v1	4	37.042000000000002	1	0	0	211.709
training	ConditionedQuartic	61	1.6619047619047618	0.95703125	0.45703125	1	conditioned-low-v1	0	64.457999999999998	0	0	0	263.209
training	ConditionedQuartic	61	1.6619047619047618	0.95703125	0.45703125	1	conditioned-low-v1	2	161.166	0	0	0	263.209
training	ConditionedQuartic	61	1.6619047619047618	0.95703125	0.45703125	1	conditioned-low-v1	3	211.20799999999997	0	0	0	263.209
training	ConditionedQuartic	61	1.6619047619047618	0.95703125	0.45703125	1	conditioned-low-v1	4	255.834	1	0	0	263.209
training	ConditionedQuartic	61	1.6619047619047618	0.95703125	0.45703125	1	conditioned-middle-v1	0	78.750999999999976	0	0	0	263.209
training	ConditionedQuartic	61	1.6619047619047618	0.95703125	0.45703125	1	conditioned-middle-v1	2	167.833	0	0	0	263.209
training	ConditionedQuartic	61	1.6619047619047618	0.95703125	0.45703125	1	conditioned-middle-v1	3	216.04199999999997	0	0	0	263.209
training	ConditionedQuartic	61	1.6619047619047618	0.95703125	0.45703125	1	conditioned-middle-v1	4	259.25	1	0	0	263.209
training	ConditionedQuartic	61	1.6619047619047618	0.95703125	0.45703125	1	conditioned-high-v1	0	37.125	1	0	0	263.209
training	ConditionedQuartic	61	1.6619047619047618	0.95703125	0.45703125	1	conditioned-high-v1	2	36.792000000000002	1	0	0	263.209
training	ConditionedQuartic	61	1.6619047619047618	0.95703125	0.45703125	1	conditioned-high-v1	3	36.707999999999998	1	0	0	263.209
training	ConditionedQuartic	61	1.6619047619047618	0.95703125	0.45703125	1	conditioned-high-v1	4	36.832999999999998	1	0	0	263.209
training	ConditionedQuartic	62	1.7928571428571427	0.97265625	0.47265625	1	conditioned-low-v1	0	65.291999999999973	0	0	0	258
training	ConditionedQuartic	62	1.7928571428571427	0.97265625	0.47265625	1	conditioned-low-v1	2	162.042	0	0	0	258
training	ConditionedQuartic	62	1.7928571428571427	0.97265625	0.47265625	1	conditioned-low-v1	3	210.87500000000003	0	0	0	258
training	ConditionedQuartic	62	1.7928571428571427	0.97265625	0.47265625	1	conditioned-low-v1	4	255.625	1	0	0	258
training	ConditionedQuartic	62	1.7928571428571427	0.97265625	0.47265625	1	conditioned-middle-v1	0	69.583999999999975	0	0	0	258
training	ConditionedQuartic	62	1.7928571428571427	0.97265625	0.47265625	1	conditioned-middle-v1	2	167.25	0	0	0	258
training	ConditionedQuartic	62	1.7928571428571427	0.97265625	0.47265625	1	conditioned-middle-v1	3	216.33399999999997	0	0	0	258
training	ConditionedQuartic	62	1.7928571428571427	0.97265625	0.47265625	1	conditioned-middle-v1	4	261.29199999999997	1	0	0	258
training	ConditionedQuartic	62	1.7928571428571427	0.97265625	0.47265625	1	conditioned-high-v1	0	36.5	1	0	0	258
training	ConditionedQuartic	62	1.7928571428571427	0.97265625	0.47265625	1	conditioned-high-v1	2	36.375	1	0	0	258
training	ConditionedQuartic	62	1.7928571428571427	0.97265625	0.47265625	1	conditioned-high-v1	3	36.25	1	0	0	258
training	ConditionedQuartic	62	1.7928571428571427	0.97265625	0.47265625	1	conditioned-high-v1	4	36.457999999999998	1	0	0	258
training	ConditionedQuartic	63	1.1619047619047618	0.98828125	0.48828125	1	conditioned-low-v1	0	65.374999999999972	0	0	0	203.792
training	ConditionedQuartic	63	1.1619047619047618	0.98828125	0.48828125	1	conditioned-low-v1	2	161.54100000000003	0	0	0	203.792
training	ConditionedQuartic	63	1.1619047619047618	0.98828125	0.48828125	1	conditioned-low-v1	3	211.33300000000003	0	0	0	203.792
training	ConditionedQuartic	63	1.1619047619047618	0.98828125	0.48828125	1	conditioned-low-v1	4	256.084	1	0	0	203.792
training	ConditionedQuartic	63	1.1619047619047618	0.98828125	0.48828125	1	conditioned-middle-v1	0	71.125	0	0	0	203.792
training	ConditionedQuartic	63	1.1619047619047618	0.98828125	0.48828125	1	conditioned-middle-v1	2	167.95899999999997	0	0	0	203.792
training	ConditionedQuartic	63	1.1619047619047618	0.98828125	0.48828125	1	conditioned-middle-v1	3	217.12400000000002	0	0	0	203.792
training	ConditionedQuartic	63	1.1619047619047618	0.98828125	0.48828125	1	conditioned-middle-v1	4	263.375	1	0	0	203.792
training	ConditionedQuartic	63	1.1619047619047618	0.98828125	0.48828125	1	conditioned-high-v1	0	36.25	1	0	0	203.792
training	ConditionedQuartic	63	1.1619047619047618	0.98828125	0.48828125	1	conditioned-high-v1	2	36.167000000000002	1	0	0	203.792
training	ConditionedQuartic	63	1.1619047619047618	0.98828125	0.48828125	1	conditioned-high-v1	3	36	1	0	0	203.792
training	ConditionedQuartic	63	1.1619047619047618	0.98828125	0.48828125	1	conditioned-high-v1	4	36.207999999999998	1	0	0	203.792
calibration	ConditionedQuadratic	0	1.3201612903225806	0.0234375	0.4765625	0	conditioned-low-v1	0	32.625	1	0	0	154.292
calibration	ConditionedQuadratic	0	1.3201612903225806	0.0234375	0.4765625	0	conditioned-low-v1	2	31.791	1	0	0	154.292
calibration	ConditionedQuadratic	0	1.3201612903225806	0.0234375	0.4765625	0	conditioned-low-v1	3	31.709	1	0	0	154.292
calibration	ConditionedQuadratic	0	1.3201612903225806	0.0234375	0.4765625	0	conditioned-low-v1	4	31.709	1	0	0	154.292
calibration	ConditionedQuadratic	0	1.3201612903225806	0.0234375	0.4765625	0	conditioned-middle-v1	0	60.917000000000002	0	0	0	154.292
calibration	ConditionedQuadratic	0	1.3201612903225806	0.0234375	0.4765625	0	conditioned-middle-v1	2	132.62400000000002	0	0	0	154.292
calibration	ConditionedQuadratic	0	1.3201612903225806	0.0234375	0.4765625	0	conditioned-middle-v1	3	170.333	1	0	0	154.292
calibration	ConditionedQuadratic	0	1.3201612903225806	0.0234375	0.4765625	0	conditioned-middle-v1	4	168.834	1	0	0	154.292
calibration	ConditionedQuadratic	0	1.3201612903225806	0.0234375	0.4765625	0	conditioned-high-v1	0	55.917000000000002	0	0	0	154.292
calibration	ConditionedQuadratic	0	1.3201612903225806	0.0234375	0.4765625	0	conditioned-high-v1	2	128.95800000000003	0	0	0	154.292
calibration	ConditionedQuadratic	0	1.3201612903225806	0.0234375	0.4765625	0	conditioned-high-v1	3	164.417	1	0	0	154.292
calibration	ConditionedQuadratic	0	1.3201612903225806	0.0234375	0.4765625	0	conditioned-high-v1	4	164.167	1	0	0	154.292
calibration	ConditionedQuadratic	1	1.5862903225806451	0.0546875	0.4453125	0	conditioned-low-v1	0	32.665999999999997	1	0	0	160.375
calibration	ConditionedQuadratic	1	1.5862903225806451	0.0546875	0.4453125	0	conditioned-low-v1	2	32.25	1	0	0	160.375
calibration	ConditionedQuadratic	1	1.5862903225806451	0.0546875	0.4453125	0	conditioned-low-v1	3	32.332999999999998	1	0	0	160.375
calibration	ConditionedQuadratic	1	1.5862903225806451	0.0546875	0.4453125	0	conditioned-low-v1	4	32.25	1	0	0	160.375
calibration	ConditionedQuadratic	1	1.5862903225806451	0.0546875	0.4453125	0	conditioned-middle-v1	0	58.626000000000005	0	0	0	160.375
calibration	ConditionedQuadratic	1	1.5862903225806451	0.0546875	0.4453125	0	conditioned-middle-v1	2	131.54100000000003	0	0	0	160.375
calibration	ConditionedQuadratic	1	1.5862903225806451	0.0546875	0.4453125	0	conditioned-middle-v1	3	166.625	1	0	0	160.375
calibration	ConditionedQuadratic	1	1.5862903225806451	0.0546875	0.4453125	0	conditioned-middle-v1	4	214.833	1	0	0	160.375
calibration	ConditionedQuadratic	1	1.5862903225806451	0.0546875	0.4453125	0	conditioned-high-v1	0	59.375	0	0	0	160.375
calibration	ConditionedQuadratic	1	1.5862903225806451	0.0546875	0.4453125	0	conditioned-high-v1	2	139.5	0	0	0	160.375
calibration	ConditionedQuadratic	1	1.5862903225806451	0.0546875	0.4453125	0	conditioned-high-v1	3	220.792	1	0	0	160.375
calibration	ConditionedQuadratic	1	1.5862903225806451	0.0546875	0.4453125	0	conditioned-high-v1	4	171.667	1	0	0	160.375
calibration	ConditionedQuadratic	2	1.8524193548387093	0.0859375	0.4140625	0	conditioned-low-v1	0	35.125	1	0	0	192.667
calibration	ConditionedQuadratic	2	1.8524193548387093	0.0859375	0.4140625	0	conditioned-low-v1	2	33.332999999999998	1	0	0	192.667
calibration	ConditionedQuadratic	2	1.8524193548387093	0.0859375	0.4140625	0	conditioned-low-v1	3	32.75	1	0	0	192.667
calibration	ConditionedQuadratic	2	1.8524193548387093	0.0859375	0.4140625	0	conditioned-low-v1	4	32.875	1	0	0	192.667
calibration	ConditionedQuadratic	2	1.8524193548387093	0.0859375	0.4140625	0	conditioned-middle-v1	0	56.832999999999998	0	0	0	192.667
calibration	ConditionedQuadratic	2	1.8524193548387093	0.0859375	0.4140625	0	conditioned-middle-v1	2	130.16800000000001	0	0	0	192.667
calibration	ConditionedQuadratic	2	1.8524193548387093	0.0859375	0.4140625	0	conditioned-middle-v1	3	164.917	1	0	0	192.667
calibration	ConditionedQuadratic	2	1.8524193548387093	0.0859375	0.4140625	0	conditioned-middle-v1	4	164.5	1	0	0	192.667
calibration	ConditionedQuadratic	2	1.8524193548387093	0.0859375	0.4140625	0	conditioned-high-v1	0	54.125	0	0	0	192.667
calibration	ConditionedQuadratic	2	1.8524193548387093	0.0859375	0.4140625	0	conditioned-high-v1	2	127.04199999999997	0	0	0	192.667
calibration	ConditionedQuadratic	2	1.8524193548387093	0.0859375	0.4140625	0	conditioned-high-v1	3	162.5	1	0	0	192.667
calibration	ConditionedQuadratic	2	1.8524193548387093	0.0859375	0.4140625	0	conditioned-high-v1	4	162.5	1	0	0	192.667
calibration	ConditionedQuadratic	3	1.3443548387096773	0.1171875	0.3828125	0	conditioned-low-v1	0	36.332999999999998	0	0	0	154.917
calibration	ConditionedQuadratic	3	1.3443548387096773	0.1171875	0.3828125	0	conditioned-low-v1	2	106.875	1	0	0	154.917
calibration	ConditionedQuadratic	3	1.3443548387096773	0.1171875	0.3828125	0	conditioned-low-v1	3	106.625	1	0	0	154.917
calibration	ConditionedQuadratic	3	1.3443548387096773	0.1171875	0.3828125	0	conditioned-low-v1	4	107.708	1	0	0	154.917
calibration	ConditionedQuadratic	3	1.3443548387096773	0.1171875	0.3828125	0	conditioned-middle-v1	0	54.459000000000003	0	0	0	154.917
calibration	ConditionedQuadratic	3	1.3443548387096773	0.1171875	0.3828125	0	conditioned-middle-v1	2	127.58300000000003	0	0	0	154.917
calibration	ConditionedQuadratic	3	1.3443548387096773	0.1171875	0.3828125	0	conditioned-middle-v1	3	162.75	1	0	0	154.917
calibration	ConditionedQuadratic	3	1.3443548387096773	0.1171875	0.3828125	0	conditioned-middle-v1	4	164.375	1	0	0	154.917
calibration	ConditionedQuadratic	3	1.3443548387096773	0.1171875	0.3828125	0	conditioned-high-v1	0	53.167000000000002	0	0	0	154.917
calibration	ConditionedQuadratic	3	1.3443548387096773	0.1171875	0.3828125	0	conditioned-high-v1	2	127.5	0	0	0	154.917
calibration	ConditionedQuadratic	3	1.3443548387096773	0.1171875	0.3828125	0	conditioned-high-v1	3	161.75	1	0	0	154.917
calibration	ConditionedQuadratic	3	1.3443548387096773	0.1171875	0.3828125	0	conditioned-high-v1	4	161.083	1	0	0	154.917
calibration	ConditionedQuadratic	4	1.6104838709677418	0.1484375	0.3515625	0	conditioned-low-v1	0	36.748999999999995	0	0	0	159.75
calibration	ConditionedQuadratic	4	1.6104838709677418	0.1484375	0.3515625	0	conditioned-low-v1	2	106.958	1	0	0	159.75
calibration	ConditionedQuadratic	4	1.6104838709677418	0.1484375	0.3515625	0	conditioned-low-v1	3	107.875	1	0	0	159.75
calibration	ConditionedQuadratic	4	1.6104838709677418	0.1484375	0.3515625	0	conditioned-low-v1	4	106.708	1	0	0	159.75
calibration	ConditionedQuadratic	4	1.6104838709677418	0.1484375	0.3515625	0	conditioned-middle-v1	0	52.417000000000002	0	0	0	159.75
calibration	ConditionedQuadratic	4	1.6104838709677418	0.1484375	0.3515625	0	conditioned-middle-v1	2	125.70800000000003	0	0	0	159.75
calibration	ConditionedQuadratic	4	1.6104838709677418	0.1484375	0.3515625	0	conditioned-middle-v1	3	161.458	1	0	0	159.75
calibration	ConditionedQuadratic	4	1.6104838709677418	0.1484375	0.3515625	0	conditioned-middle-v1	4	160.083	1	0	0	159.75
calibration	ConditionedQuadratic	4	1.6104838709677418	0.1484375	0.3515625	0	conditioned-high-v1	0	52.292000000000002	0	0	0	159.75
calibration	ConditionedQuadratic	4	1.6104838709677418	0.1484375	0.3515625	0	conditioned-high-v1	2	138.376	0	0	0	159.75
calibration	ConditionedQuadratic	4	1.6104838709677418	0.1484375	0.3515625	0	conditioned-high-v1	3	165	1	0	0	159.75
calibration	ConditionedQuadratic	4	1.6104838709677418	0.1484375	0.3515625	0	conditioned-high-v1	4	164.25	1	0	0	159.75
calibration	ConditionedQuadratic	5	1.8766129032258063	0.1796875	0.3203125	0	conditioned-low-v1	0	37.665999999999997	0	0	0	198.958
calibration	ConditionedQuadratic	5	1.8766129032258063	0.1796875	0.3203125	0	conditioned-low-v1	2	110.875	1	0	0	198.958
calibration	ConditionedQuadratic	5	1.8766129032258063	0.1796875	0.3203125	0	conditioned-low-v1	3	110.583	1	0	0	198.958
calibration	ConditionedQuadratic	5	1.8766129032258063	0.1796875	0.3203125	0	conditioned-low-v1	4	110.584	1	0	0	198.958
calibration	ConditionedQuadratic	5	1.8766129032258063	0.1796875	0.3203125	0	conditioned-middle-v1	0	51.25	0	0	0	198.958
calibration	ConditionedQuadratic	5	1.8766129032258063	0.1796875	0.3203125	0	conditioned-middle-v1	2	126.958	0	0	0	198.958
calibration	ConditionedQuadratic	5	1.8766129032258063	0.1796875	0.3203125	0	conditioned-middle-v1	3	163	1	0	0	198.958
calibration	ConditionedQuadratic	5	1.8766129032258063	0.1796875	0.3203125	0	conditioned-middle-v1	4	162.75	1	0	0	198.958
calibration	ConditionedQuadratic	5	1.8766129032258063	0.1796875	0.3203125	0	conditioned-high-v1	0	51.5	0	0	0	198.958
calibration	ConditionedQuadratic	5	1.8766129032258063	0.1796875	0.3203125	0	conditioned-high-v1	2	127.29199999999997	0	0	0	198.958
calibration	ConditionedQuadratic	5	1.8766129032258063	0.1796875	0.3203125	0	conditioned-high-v1	3	163.5	1	0	0	198.958
calibration	ConditionedQuadratic	5	1.8766129032258063	0.1796875	0.3203125	0	conditioned-high-v1	4	163.417	1	0	0	198.958
calibration	ConditionedQuadratic	6	1.3685483870967741	0.2109375	0.2890625	0	conditioned-low-v1	0	38.084000000000003	0	0	0	160.375
calibration	ConditionedQuadratic	6	1.3685483870967741	0.2109375	0.2890625	0	conditioned-low-v1	2	113.83399999999997	0	0	0	160.375
calibration	ConditionedQuadratic	6	1.3685483870967741	0.2109375	0.2890625	0	conditioned-low-v1	3	150.334	1	0	0	160.375
calibration	ConditionedQuadratic	6	1.3685483870967741	0.2109375	0.2890625	0	conditioned-low-v1	4	149.958	1	0	0	160.375
calibration	ConditionedQuadratic	6	1.3685483870967741	0.2109375	0.2890625	0	conditioned-middle-v1	0	49.584000000000003	0	0	0	160.375
calibration	ConditionedQuadratic	6	1.3685483870967741	0.2109375	0.2890625	0	conditioned-middle-v1	2	125.12599999999998	0	0	0	160.375
calibration	ConditionedQuadratic	6	1.3685483870967741	0.2109375	0.2890625	0	conditioned-middle-v1	3	161.209	1	0	0	160.375
calibration	ConditionedQuadratic	6	1.3685483870967741	0.2109375	0.2890625	0	conditioned-middle-v1	4	161.083	1	0	0	160.375
calibration	ConditionedQuadratic	6	1.3685483870967741	0.2109375	0.2890625	0	conditioned-high-v1	0	50.792000000000002	0	0	0	160.375
calibration	ConditionedQuadratic	6	1.3685483870967741	0.2109375	0.2890625	0	conditioned-high-v1	2	126.62499999999997	0	0	0	160.375
calibration	ConditionedQuadratic	6	1.3685483870967741	0.2109375	0.2890625	0	conditioned-high-v1	3	163	1	0	0	160.375
calibration	ConditionedQuadratic	6	1.3685483870967741	0.2109375	0.2890625	0	conditioned-high-v1	4	161.792	1	0	0	160.375
calibration	ConditionedQuadratic	7	1.6346774193548386	0.2421875	0.2578125	0	conditioned-low-v1	0	38.540999999999997	0	0	0	159.792
calibration	ConditionedQuadratic	7	1.6346774193548386	0.2421875	0.2578125	0	conditioned-low-v1	2	114.58399999999997	0	0	0	159.792
calibration	ConditionedQuadratic	7	1.6346774193548386	0.2421875	0.2578125	0	conditioned-low-v1	3	150.334	1	0	0	159.792
calibration	ConditionedQuadratic	7	1.6346774193548386	0.2421875	0.2578125	0	conditioned-low-v1	4	149.583	1	0	0	159.792
calibration	ConditionedQuadratic	7	1.6346774193548386	0.2421875	0.2578125	0	conditioned-middle-v1	0	47.792000000000002	0	0	0	159.792
calibration	ConditionedQuadratic	7	1.6346774193548386	0.2421875	0.2578125	0	conditioned-middle-v1	2	123.584	0	0	0	159.792
calibration	ConditionedQuadratic	7	1.6346774193548386	0.2421875	0.2578125	0	conditioned-middle-v1	3	159.667	1	0	0	159.792
calibration	ConditionedQuadratic	7	1.6346774193548386	0.2421875	0.2578125	0	conditioned-middle-v1	4	159.958	1	0	0	159.792
calibration	ConditionedQuadratic	7	1.6346774193548386	0.2421875	0.2578125	0	conditioned-high-v1	0	49.792000000000002	0	0	0	159.792
calibration	ConditionedQuadratic	7	1.6346774193548386	0.2421875	0.2578125	0	conditioned-high-v1	2	125.792	0	0	0	159.792
calibration	ConditionedQuadratic	7	1.6346774193548386	0.2421875	0.2578125	0	conditioned-high-v1	3	162.083	1	0	0	159.792
calibration	ConditionedQuadratic	7	1.6346774193548386	0.2421875	0.2578125	0	conditioned-high-v1	4	162.208	1	0	0	159.792
calibration	ConditionedQuadratic	8	1.9008064516129031	0.2734375	0.2265625	0	conditioned-low-v1	0	39.248999999999995	0	0	0	199.375
calibration	ConditionedQuadratic	8	1.9008064516129031	0.2734375	0.2265625	0	conditioned-low-v1	2	114.499	0	0	0	199.375
calibration	ConditionedQuadratic	8	1.9008064516129031	0.2734375	0.2265625	0	conditioned-low-v1	3	151.125	1	0	0	199.375
calibration	ConditionedQuadratic	8	1.9008064516129031	0.2734375	0.2265625	0	conditioned-low-v1	4	150.75	1	0	0	199.375
calibration	ConditionedQuadratic	8	1.9008064516129031	0.2734375	0.2265625	0	conditioned-middle-v1	0	46.165999999999997	0	0	0	199.375
calibration	ConditionedQuadratic	8	1.9008064516129031	0.2734375	0.2265625	0	conditioned-middle-v1	2	121.958	0	0	0	199.375
calibration	ConditionedQuadratic	8	1.9008064516129031	0.2734375	0.2265625	0	conditioned-middle-v1	3	158.042	1	0	0	199.375
calibration	ConditionedQuadratic	8	1.9008064516129031	0.2734375	0.2265625	0	conditioned-middle-v1	4	158.208	1	0	0	199.375
calibration	ConditionedQuadratic	8	1.9008064516129031	0.2734375	0.2265625	0	conditioned-high-v1	0	48.959000000000003	0	0	0	199.375
calibration	ConditionedQuadratic	8	1.9008064516129031	0.2734375	0.2265625	0	conditioned-high-v1	2	124.79199999999997	0	0	0	199.375
calibration	ConditionedQuadratic	8	1.9008064516129031	0.2734375	0.2265625	0	conditioned-high-v1	3	161.084	1	0	0	199.375
calibration	ConditionedQuadratic	8	1.9008064516129031	0.2734375	0.2265625	0	conditioned-high-v1	4	161.167	1	0	0	199.375
calibration	ConditionedQuadratic	9	1.3927419354838708	0.3046875	0.1953125	0	conditioned-low-v1	0	39.709000000000003	0	0	0	159.583
calibration	ConditionedQuadratic	9	1.3927419354838708	0.3046875	0.1953125	0	conditioned-low-v1	2	115.37599999999998	0	0	0	159.583
calibration	ConditionedQuadratic	9	1.3927419354838708	0.3046875	0.1953125	0	conditioned-low-v1	3	151.375	1	0	0	159.583
calibration	ConditionedQuadratic	9	1.3927419354838708	0.3046875	0.1953125	0	conditioned-low-v1	4	151.042	1	0	0	159.583
calibration	ConditionedQuadratic	9	1.3927419354838708	0.3046875	0.1953125	0	conditioned-middle-v1	0	44.917000000000002	0	0	0	159.583
calibration	ConditionedQuadratic	9	1.3927419354838708	0.3046875	0.1953125	0	conditioned-middle-v1	2	120.87500000000003	0	0	0	159.583
calibration	ConditionedQuadratic	9	1.3927419354838708	0.3046875	0.1953125	0	conditioned-middle-v1	3	156.75	1	0	0	159.583
calibration	ConditionedQuadratic	9	1.3927419354838708	0.3046875	0.1953125	0	conditioned-middle-v1	4	156.25	1	0	0	159.583
calibration	ConditionedQuadratic	9	1.3927419354838708	0.3046875	0.1953125	0	conditioned-high-v1	0	48.25	0	0	0	159.583
calibration	ConditionedQuadratic	9	1.3927419354838708	0.3046875	0.1953125	0	conditioned-high-v1	2	124.41699999999997	0	0	0	159.583
calibration	ConditionedQuadratic	9	1.3927419354838708	0.3046875	0.1953125	0	conditioned-high-v1	3	160.041	1	0	0	159.583
calibration	ConditionedQuadratic	9	1.3927419354838708	0.3046875	0.1953125	0	conditioned-high-v1	4	160.542	1	0	0	159.583
calibration	ConditionedQuadratic	10	1.6588709677419353	0.3359375	0.1640625	0	conditioned-low-v1	0	40.332999999999998	0	0	0	160.959
calibration	ConditionedQuadratic	10	1.6588709677419353	0.3359375	0.1640625	0	conditioned-low-v1	2	116.166	0	0	0	160.959
calibration	ConditionedQuadratic	10	1.6588709677419353	0.3359375	0.1640625	0	conditioned-low-v1	3	151.917	1	0	0	160.959
calibration	ConditionedQuadratic	10	1.6588709677419353	0.3359375	0.1640625	0	conditioned-low-v1	4	151.625	1	0	0	160.959
calibration	ConditionedQuadratic	10	1.6588709677419353	0.3359375	0.1640625	0	conditioned-middle-v1	0	43.626000000000005	0	0	0	160.959
calibration	ConditionedQuadratic	10	1.6588709677419353	0.3359375	0.1640625	0	conditioned-middle-v1	2	119.292	0	0	0	160.959
calibration	ConditionedQuadratic	10	1.6588709677419353	0.3359375	0.1640625	0	conditioned-middle-v1	3	155.25	1	0	0	160.959
calibration	ConditionedQuadratic	10	1.6588709677419353	0.3359375	0.1640625	0	conditioned-middle-v1	4	155.292	1	0	0	160.959
calibration	ConditionedQuadratic	10	1.6588709677419353	0.3359375	0.1640625	0	conditioned-high-v1	0	47.459000000000003	0	0	0	160.959
calibration	ConditionedQuadratic	10	1.6588709677419353	0.3359375	0.1640625	0	conditioned-high-v1	2	123.458	0	0	0	160.959
calibration	ConditionedQuadratic	10	1.6588709677419353	0.3359375	0.1640625	0	conditioned-high-v1	3	159.208	1	0	0	160.959
calibration	ConditionedQuadratic	10	1.6588709677419353	0.3359375	0.1640625	0	conditioned-high-v1	4	159.583	1	0	0	160.959
calibration	ConditionedQuadratic	11	1.9249999999999998	0.3671875	0.1328125	0	conditioned-low-v1	0	40.875	0	0	0	200
calibration	ConditionedQuadratic	11	1.9249999999999998	0.3671875	0.1328125	0	conditioned-low-v1	2	116.167	0	0	0	200
calibration	ConditionedQuadratic	11	1.9249999999999998	0.3671875	0.1328125	0	conditioned-low-v1	3	152.458	1	0	0	200
calibration	ConditionedQuadratic	11	1.9249999999999998	0.3671875	0.1328125	0	conditioned-low-v1	4	152.542	1	0	0	200
calibration	ConditionedQuadratic	11	1.9249999999999998	0.3671875	0.1328125	0	conditioned-middle-v1	0	41.957999999999998	0	0	0	200
calibration	ConditionedQuadratic	11	1.9249999999999998	0.3671875	0.1328125	0	conditioned-middle-v1	2	118.5	0	0	0	200
calibration	ConditionedQuadratic	11	1.9249999999999998	0.3671875	0.1328125	0	conditioned-middle-v1	3	155.125	1	0	0	200
calibration	ConditionedQuadratic	11	1.9249999999999998	0.3671875	0.1328125	0	conditioned-middle-v1	4	154.833	1	0	0	200
calibration	ConditionedQuadratic	11	1.9249999999999998	0.3671875	0.1328125	0	conditioned-high-v1	0	46.707999999999998	0	0	0	200
calibration	ConditionedQuadratic	11	1.9249999999999998	0.3671875	0.1328125	0	conditioned-high-v1	2	123.70800000000003	0	0	0	200
calibration	ConditionedQuadratic	11	1.9249999999999998	0.3671875	0.1328125	0	conditioned-high-v1	3	160.667	1	0	0	200
calibration	ConditionedQuadratic	11	1.9249999999999998	0.3671875	0.1328125	0	conditioned-high-v1	4	159.625	1	0	0	200
calibration	ConditionedQuadratic	12	1.4169354838709676	0.3984375	0.1015625	0	conditioned-low-v1	0	41.665999999999997	0	0	0	162.208
calibration	ConditionedQuadratic	12	1.4169354838709676	0.3984375	0.1015625	0	conditioned-low-v1	2	118.167	0	0	0	162.208
calibration	ConditionedQuadratic	12	1.4169354838709676	0.3984375	0.1015625	0	conditioned-low-v1	3	154.875	1	0	0	162.208
calibration	ConditionedQuadratic	12	1.4169354838709676	0.3984375	0.1015625	0	conditioned-low-v1	4	153.917	1	0	0	162.208
calibration	ConditionedQuadratic	12	1.4169354838709676	0.3984375	0.1015625	0	conditioned-middle-v1	0	40.792000000000002	0	0	0	162.208
calibration	ConditionedQuadratic	12	1.4169354838709676	0.3984375	0.1015625	0	conditioned-middle-v1	2	117.37499999999997	0	0	0	162.208
calibration	ConditionedQuadratic	12	1.4169354838709676	0.3984375	0.1015625	0	conditioned-middle-v1	3	153.958	1	0	0	162.208
calibration	ConditionedQuadratic	12	1.4169354838709676	0.3984375	0.1015625	0	conditioned-middle-v1	4	153.875	1	0	0	162.208
calibration	ConditionedQuadratic	12	1.4169354838709676	0.3984375	0.1015625	0	conditioned-high-v1	0	45.873999999999995	0	0	0	162.208
calibration	ConditionedQuadratic	12	1.4169354838709676	0.3984375	0.1015625	0	conditioned-high-v1	2	122.54100000000003	0	0	0	162.208
calibration	ConditionedQuadratic	12	1.4169354838709676	0.3984375	0.1015625	0	conditioned-high-v1	3	159.333	1	0	0	162.208
calibration	ConditionedQuadratic	12	1.4169354838709676	0.3984375	0.1015625	0	conditioned-high-v1	4	159	1	0	0	162.208
calibration	ConditionedQuadratic	13	1.6830645161290321	0.4296875	0.0703125	0	conditioned-low-v1	0	42.332999999999998	0	0	0	161.875
calibration	ConditionedQuadratic	13	1.6830645161290321	0.4296875	0.0703125	0	conditioned-low-v1	2	118.74900000000002	0	0	0	161.875
calibration	ConditionedQuadratic	13	1.6830645161290321	0.4296875	0.0703125	0	conditioned-low-v1	3	155.333	1	0	0	161.875
calibration	ConditionedQuadratic	13	1.6830645161290321	0.4296875	0.0703125	0	conditioned-low-v1	4	155.25	1	0	0	161.875
calibration	ConditionedQuadratic	13	1.6830645161290321	0.4296875	0.0703125	0	conditioned-middle-v1	0	39.457999999999998	0	0	0	161.875
calibration	ConditionedQuadratic	13	1.6830645161290321	0.4296875	0.0703125	0	conditioned-middle-v1	2	113.5	1	0	0	161.875
calibration	ConditionedQuadratic	13	1.6830645161290321	0.4296875	0.0703125	0	conditioned-middle-v1	3	113.459	1	0	0	161.875
calibration	ConditionedQuadratic	13	1.6830645161290321	0.4296875	0.0703125	0	conditioned-middle-v1	4	113.541	1	0	0	161.875
calibration	ConditionedQuadratic	13	1.6830645161290321	0.4296875	0.0703125	0	conditioned-high-v1	0	44.957999999999998	0	0	0	161.875
calibration	ConditionedQuadratic	13	1.6830645161290321	0.4296875	0.0703125	0	conditioned-high-v1	2	121.791	0	0	0	161.875
calibration	ConditionedQuadratic	13	1.6830645161290321	0.4296875	0.0703125	0	conditioned-high-v1	3	158.417	1	0	0	161.875
calibration	ConditionedQuadratic	13	1.6830645161290321	0.4296875	0.0703125	0	conditioned-high-v1	4	158.083	1	0	0	161.875
calibration	ConditionedQuadratic	14	1.1749999999999998	0.4609375	0.0390625	0	conditioned-low-v1	0	42.790999999999997	0	0	0	124.458
calibration	ConditionedQuadratic	14	1.1749999999999998	0.4609375	0.0390625	0	conditioned-low-v1	2	119.125	0	0	0	124.458
calibration	ConditionedQuadratic	14	1.1749999999999998	0.4609375	0.0390625	0	conditioned-low-v1	3	156.125	1	0	0	124.458
calibration	ConditionedQuadratic	14	1.1749999999999998	0.4609375	0.0390625	0	conditioned-low-v1	4	155.666	1	0	0	124.458
calibration	ConditionedQuadratic	14	1.1749999999999998	0.4609375	0.0390625	0	conditioned-middle-v1	0	35.832999999999998	1	0	0	124.458
calibration	ConditionedQuadratic	14	1.1749999999999998	0.4609375	0.0390625	0	conditioned-middle-v1	2	35.75	1	0	0	124.458
calibration	ConditionedQuadratic	14	1.1749999999999998	0.4609375	0.0390625	0	conditioned-middle-v1	3	35.5	1	0	0	124.458
calibration	ConditionedQuadratic	14	1.1749999999999998	0.4609375	0.0390625	0	conditioned-middle-v1	4	35.667000000000002	1	0	0	124.458
calibration	ConditionedQuadratic	14	1.1749999999999998	0.4609375	0.0390625	0	conditioned-high-v1	0	44.332999999999998	0	0	0	124.458
calibration	ConditionedQuadratic	14	1.1749999999999998	0.4609375	0.0390625	0	conditioned-high-v1	2	120.917	0	0	0	124.458
calibration	ConditionedQuadratic	14	1.1749999999999998	0.4609375	0.0390625	0	conditioned-high-v1	3	158.041	1	0	0	124.458
calibration	ConditionedQuadratic	14	1.1749999999999998	0.4609375	0.0390625	0	conditioned-high-v1	4	157.25	1	0	0	124.458
calibration	ConditionedQuadratic	15	1.4411290322580643	0.4921875	0.0078125	0	conditioned-low-v1	0	43.415999999999997	0	0	0	161.834
calibration	ConditionedQuadratic	15	1.4411290322580643	0.4921875	0.0078125	0	conditioned-low-v1	2	119.87499999999997	0	0	0	161.834
calibration	ConditionedQuadratic	15	1.4411290322580643	0.4921875	0.0078125	0	conditioned-low-v1	3	156.75	1	0	0	161.834
calibration	ConditionedQuadratic	15	1.4411290322580643	0.4921875	0.0078125	0	conditioned-low-v1	4	156.916	1	0	0	161.834
calibration	ConditionedQuadratic	15	1.4411290322580643	0.4921875	0.0078125	0	conditioned-middle-v1	0	34.625	1	0	0	161.834
calibration	ConditionedQuadratic	15	1.4411290322580643	0.4921875	0.0078125	0	conditioned-middle-v1	2	34.584000000000003	1	0	0	161.834
calibration	ConditionedQuadratic	15	1.4411290322580643	0.4921875	0.0078125	0	conditioned-middle-v1	3	34.459000000000003	1	0	0	161.834
calibration	ConditionedQuadratic	15	1.4411290322580643	0.4921875	0.0078125	0	conditioned-middle-v1	4	34.5	1	0	0	161.834
calibration	ConditionedQuadratic	15	1.4411290322580643	0.4921875	0.0078125	0	conditioned-high-v1	0	43.667000000000002	0	0	0	161.834
calibration	ConditionedQuadratic	15	1.4411290322580643	0.4921875	0.0078125	0	conditioned-high-v1	2	120.041	0	0	0	161.834
calibration	ConditionedQuadratic	15	1.4411290322580643	0.4921875	0.0078125	0	conditioned-high-v1	3	157.125	1	0	0	161.834
calibration	ConditionedQuadratic	15	1.4411290322580643	0.4921875	0.0078125	0	conditioned-high-v1	4	156.959	1	0	0	161.834
calibration	ConditionedQuadratic	16	1.7072580645161288	0.5234375	0.0234375	0	conditioned-low-v1	0	44.207999999999998	0	0	0	154.75
calibration	ConditionedQuadratic	16	1.7072580645161288	0.5234375	0.0234375	0	conditioned-low-v1	2	120.458	0	0	0	154.75
calibration	ConditionedQuadratic	16	1.7072580645161288	0.5234375	0.0234375	0	conditioned-low-v1	3	157.583	1	0	0	154.75
calibration	ConditionedQuadratic	16	1.7072580645161288	0.5234375	0.0234375	0	conditioned-low-v1	4	157.292	1	0	0	154.75
calibration	ConditionedQuadratic	16	1.7072580645161288	0.5234375	0.0234375	0	conditioned-middle-v1	0	35.375	1	0	0	154.75
calibration	ConditionedQuadratic	16	1.7072580645161288	0.5234375	0.0234375	0	conditioned-middle-v1	2	35.209000000000003	1	0	0	154.75
calibration	ConditionedQuadratic	16	1.7072580645161288	0.5234375	0.0234375	0	conditioned-middle-v1	3	35	1	0	0	154.75
calibration	ConditionedQuadratic	16	1.7072580645161288	0.5234375	0.0234375	0	conditioned-middle-v1	4	35.457999999999998	1	0	0	154.75
calibration	ConditionedQuadratic	16	1.7072580645161288	0.5234375	0.0234375	0	conditioned-high-v1	0	42.875	0	0	0	154.75
calibration	ConditionedQuadratic	16	1.7072580645161288	0.5234375	0.0234375	0	conditioned-high-v1	2	115.959	0	0	0	154.75
calibration	ConditionedQuadratic	16	1.7072580645161288	0.5234375	0.0234375	0	conditioned-high-v1	3	151.083	1	0	0	154.75
calibration	ConditionedQuadratic	16	1.7072580645161288	0.5234375	0.0234375	0	conditioned-high-v1	4	152.084	1	0	0	154.75
calibration	ConditionedQuadratic	17	1.1991935483870966	0.5546875	0.0546875	0	conditioned-low-v1	0	44.709000000000003	0	0	0	153.709
calibration	ConditionedQuadratic	17	1.1991935483870966	0.5546875	0.0546875	0	conditioned-low-v1	2	119.04100000000003	0	0	0	153.709
calibration	ConditionedQuadratic	17	1.1991935483870966	0.5546875	0.0546875	0	conditioned-low-v1	3	153.25	1	0	0	153.709
calibration	ConditionedQuadratic	17	1.1991935483870966	0.5546875	0.0546875	0	conditioned-low-v1	4	152.375	1	0	0	153.709
calibration	ConditionedQuadratic	17	1.1991935483870966	0.5546875	0.0546875	0	conditioned-middle-v1	0	38.540999999999997	0	0	0	153.709
calibration	ConditionedQuadratic	17	1.1991935483870966	0.5546875	0.0546875	0	conditioned-middle-v1	2	112.45899999999997	0	0	0	153.709
calibration	ConditionedQuadratic	17	1.1991935483870966	0.5546875	0.0546875	0	conditioned-middle-v1	3	146.583	1	0	0	153.709
calibration	ConditionedQuadratic	17	1.1991935483870966	0.5546875	0.0546875	0	conditioned-middle-v1	4	146.25	1	0	0	153.709
calibration	ConditionedQuadratic	17	1.1991935483870966	0.5546875	0.0546875	0	conditioned-high-v1	0	42	0	0	0	153.709
calibration	ConditionedQuadratic	17	1.1991935483870966	0.5546875	0.0546875	0	conditioned-high-v1	2	114.25	0	0	0	153.709
calibration	ConditionedQuadratic	17	1.1991935483870966	0.5546875	0.0546875	0	conditioned-high-v1	3	150	1	0	0	153.709
calibration	ConditionedQuadratic	17	1.1991935483870966	0.5546875	0.0546875	0	conditioned-high-v1	4	149.583	1	0	0	153.709
calibration	ConditionedQuadratic	18	1.4653225806451611	0.5859375	0.0859375	0	conditioned-low-v1	0	45.542000000000002	0	0	0	161.708
calibration	ConditionedQuadratic	18	1.4653225806451611	0.5859375	0.0859375	0	conditioned-low-v1	2	118.04199999999997	0	0	0	161.708
calibration	ConditionedQuadratic	18	1.4653225806451611	0.5859375	0.0859375	0	conditioned-low-v1	3	153.542	1	0	0	161.708
calibration	ConditionedQuadratic	18	1.4653225806451611	0.5859375	0.0859375	0	conditioned-low-v1	4	152.875	1	0	0	161.708
calibration	ConditionedQuadratic	18	1.4653225806451611	0.5859375	0.0859375	0	conditioned-middle-v1	0	39.582999999999998	0	0	0	161.708
calibration	ConditionedQuadratic	18	1.4653225806451611	0.5859375	0.0859375	0	conditioned-middle-v1	2	112	0	0	0	161.708
calibration	ConditionedQuadratic	18	1.4653225806451611	0.5859375	0.0859375	0	conditioned-middle-v1	3	148.917	1	0	0	161.708
calibration	ConditionedQuadratic	18	1.4653225806451611	0.5859375	0.0859375	0	conditioned-middle-v1	4	147.125	1	0	0	161.708
calibration	ConditionedQuadratic	18	1.4653225806451611	0.5859375	0.0859375	0	conditioned-high-v1	0	41.290999999999997	0	0	0	161.708
calibration	ConditionedQuadratic	18	1.4653225806451611	0.5859375	0.0859375	0	conditioned-high-v1	2	113.54199999999997	0	0	0	161.708
calibration	ConditionedQuadratic	18	1.4653225806451611	0.5859375	0.0859375	0	conditioned-high-v1	3	155.25	1	0	0	161.708
calibration	ConditionedQuadratic	18	1.4653225806451611	0.5859375	0.0859375	0	conditioned-high-v1	4	154.458	1	0	0	161.708
calibration	ConditionedQuadratic	19	1.7314516129032256	0.6171875	0.1171875	0	conditioned-low-v1	0	46.540999999999997	0	0	0	161
calibration	ConditionedQuadratic	19	1.7314516129032256	0.6171875	0.1171875	0	conditioned-low-v1	2	122.83300000000003	0	0	0	161
calibration	ConditionedQuadratic	19	1.7314516129032256	0.6171875	0.1171875	0	conditioned-low-v1	3	159.417	1	0	0	161
calibration	ConditionedQuadratic	19	1.7314516129032256	0.6171875	0.1171875	0	conditioned-low-v1	4	159.208	1	0	0	161
calibration	ConditionedQuadratic	19	1.7314516129032256	0.6171875	0.1171875	0	conditioned-middle-v1	0	41.292000000000002	0	0	0	161
calibration	ConditionedQuadratic	19	1.7314516129032256	0.6171875	0.1171875	0	conditioned-middle-v1	2	117.66699999999997	0	0	0	161
calibration	ConditionedQuadratic	19	1.7314516129032256	0.6171875	0.1171875	0	conditioned-middle-v1	3	154.792	1	0	0	161
calibration	ConditionedQuadratic	19	1.7314516129032256	0.6171875	0.1171875	0	conditioned-middle-v1	4	153.75	1	0	0	161
calibration	ConditionedQuadratic	19	1.7314516129032256	0.6171875	0.1171875	0	conditioned-high-v1	0	41.165999999999997	0	0	0	161
calibration	ConditionedQuadratic	19	1.7314516129032256	0.6171875	0.1171875	0	conditioned-high-v1	2	117.75000000000003	0	0	0	161
calibration	ConditionedQuadratic	19	1.7314516129032256	0.6171875	0.1171875	0	conditioned-high-v1	3	154.333	1	0	0	161
calibration	ConditionedQuadratic	19	1.7314516129032256	0.6171875	0.1171875	0	conditioned-high-v1	4	154.625	1	0	0	161
calibration	ConditionedQuadratic	20	1.2233870967741933	0.6484375	0.1484375	0	conditioned-low-v1	0	47.290999999999997	0	0	0	161.459
calibration	ConditionedQuadratic	20	1.2233870967741933	0.6484375	0.1484375	0	conditioned-low-v1	2	123.91699999999997	0	0	0	161.459
calibration	ConditionedQuadratic	20	1.2233870967741933	0.6484375	0.1484375	0	conditioned-low-v1	3	160.541	1	0	0	161.459
calibration	ConditionedQuadratic	20	1.2233870967741933	0.6484375	0.1484375	0	conditioned-low-v1	4	160.084	1	0	0	161.459
calibration	ConditionedQuadratic	20	1.2233870967741933	0.6484375	0.1484375	0	conditioned-middle-v1	0	42.5	0	0	0	161.459
calibration	ConditionedQuadratic	20	1.2233870967741933	0.6484375	0.1484375	0	conditioned-middle-v1	2	119.16600000000003	0	0	0	161.459
calibration	ConditionedQuadratic	20	1.2233870967741933	0.6484375	0.1484375	0	conditioned-middle-v1	3	155.833	1	0	0	161.459
calibration	ConditionedQuadratic	20	1.2233870967741933	0.6484375	0.1484375	0	conditioned-middle-v1	4	155.875	1	0	0	161.459
calibration	ConditionedQuadratic	20	1.2233870967741933	0.6484375	0.1484375	0	conditioned-high-v1	0	40.415999999999997	0	0	0	161.459
calibration	ConditionedQuadratic	20	1.2233870967741933	0.6484375	0.1484375	0	conditioned-high-v1	2	116.58300000000003	0	0	0	161.459
calibration	ConditionedQuadratic	20	1.2233870967741933	0.6484375	0.1484375	0	conditioned-high-v1	3	153.917	1	0	0	161.459
calibration	ConditionedQuadratic	20	1.2233870967741933	0.6484375	0.1484375	0	conditioned-high-v1	4	153.584	1	0	0	161.459
calibration	ConditionedQuadratic	21	1.4895161290322578	0.6796875	0.1796875	0	conditioned-low-v1	0	48.042000000000002	0	0	0	161.75
calibration	ConditionedQuadratic	21	1.4895161290322578	0.6796875	0.1796875	0	conditioned-low-v1	2	124.666	0	0	0	161.75
calibration	ConditionedQuadratic	21	1.4895161290322578	0.6796875	0.1796875	0	conditioned-low-v1	3	161.125	1	0	0	161.75
calibration	ConditionedQuadratic	21	1.4895161290322578	0.6796875	0.1796875	0	conditioned-low-v1	4	160.75	1	0	0	161.75
calibration	ConditionedQuadratic	21	1.4895161290322578	0.6796875	0.1796875	0	conditioned-middle-v1	0	44.040999999999997	0	0	0	161.75
calibration	ConditionedQuadratic	21	1.4895161290322578	0.6796875	0.1796875	0	conditioned-middle-v1	2	120.74900000000002	0	0	0	161.75
calibration	ConditionedQuadratic	21	1.4895161290322578	0.6796875	0.1796875	0	conditioned-middle-v1	3	157.083	1	0	0	161.75
calibration	ConditionedQuadratic	21	1.4895161290322578	0.6796875	0.1796875	0	conditioned-middle-v1	4	156.458	1	0	0	161.75
calibration	ConditionedQuadratic	21	1.4895161290322578	0.6796875	0.1796875	0	conditioned-high-v1	0	39.707999999999998	0	0	0	161.75
calibration	ConditionedQuadratic	21	1.4895161290322578	0.6796875	0.1796875	0	conditioned-high-v1	2	116.208	0	0	0	161.75
calibration	ConditionedQuadratic	21	1.4895161290322578	0.6796875	0.1796875	0	conditioned-high-v1	3	153.25	1	0	0	161.75
calibration	ConditionedQuadratic	21	1.4895161290322578	0.6796875	0.1796875	0	conditioned-high-v1	4	152.542	1	0	0	161.75
calibration	ConditionedQuadratic	22	1.7556451612903223	0.7109375	0.2109375	0	conditioned-low-v1	0	48.707999999999998	0	0	0	160.834
calibration	ConditionedQuadratic	22	1.7556451612903223	0.7109375	0.2109375	0	conditioned-low-v1	2	125.376	0	0	0	160.834
calibration	ConditionedQuadratic	22	1.7556451612903223	0.7109375	0.2109375	0	conditioned-low-v1	3	162.042	1	0	0	160.834
calibration	ConditionedQuadratic	22	1.7556451612903223	0.7109375	0.2109375	0	conditioned-low-v1	4	161.166	1	0	0	160.834
calibration	ConditionedQuadratic	22	1.7556451612903223	0.7109375	0.2109375	0	conditioned-middle-v1	0	45.625	0	0	0	160.834
calibration	ConditionedQuadratic	22	1.7556451612903223	0.7109375	0.2109375	0	conditioned-middle-v1	2	121.91600000000003	0	0	0	160.834
calibration	ConditionedQuadratic	22	1.7556451612903223	0.7109375	0.2109375	0	conditioned-middle-v1	3	158.292	1	0	0	160.834
calibration	ConditionedQuadratic	22	1.7556451612903223	0.7109375	0.2109375	0	conditioned-middle-v1	4	158.458	1	0	0	160.834
calibration	ConditionedQuadratic	22	1.7556451612903223	0.7109375	0.2109375	0	conditioned-high-v1	0	39.167000000000002	0	0	0	160.834
calibration	ConditionedQuadratic	22	1.7556451612903223	0.7109375	0.2109375	0	conditioned-high-v1	2	115.08300000000003	0	0	0	160.834
calibration	ConditionedQuadratic	22	1.7556451612903223	0.7109375	0.2109375	0	conditioned-high-v1	3	152.625	1	0	0	160.834
calibration	ConditionedQuadratic	22	1.7556451612903223	0.7109375	0.2109375	0	conditioned-high-v1	4	152.459	1	0	0	160.834
calibration	ConditionedQuadratic	23	1.2475806451612901	0.7421875	0.2421875	0	conditioned-low-v1	0	49.790999999999997	0	0	0	160.709
calibration	ConditionedQuadratic	23	1.2475806451612901	0.7421875	0.2421875	0	conditioned-low-v1	2	126.33199999999999	0	0	0	160.709
calibration	ConditionedQuadratic	23	1.2475806451612901	0.7421875	0.2421875	0	conditioned-low-v1	3	162.75	1	0	0	160.709
calibration	ConditionedQuadratic	23	1.2475806451612901	0.7421875	0.2421875	0	conditioned-low-v1	4	162.75	1	0	0	160.709
calibration	ConditionedQuadratic	23	1.2475806451612901	0.7421875	0.2421875	0	conditioned-middle-v1	0	47.167000000000002	0	0	0	160.709
calibration	ConditionedQuadratic	23	1.2475806451612901	0.7421875	0.2421875	0	conditioned-middle-v1	2	123.29199999999997	0	0	0	160.709
calibration	ConditionedQuadratic	23	1.2475806451612901	0.7421875	0.2421875	0	conditioned-middle-v1	3	160.209	1	0	0	160.709
calibration	ConditionedQuadratic	23	1.2475806451612901	0.7421875	0.2421875	0	conditioned-middle-v1	4	158.625	1	0	0	160.709
calibration	ConditionedQuadratic	23	1.2475806451612901	0.7421875	0.2421875	0	conditioned-high-v1	0	38.873999999999995	0	0	0	160.709
calibration	ConditionedQuadratic	23	1.2475806451612901	0.7421875	0.2421875	0	conditioned-high-v1	2	114.54199999999997	0	0	0	160.709
calibration	ConditionedQuadratic	23	1.2475806451612901	0.7421875	0.2421875	0	conditioned-high-v1	3	150.625	1	0	0	160.709
calibration	ConditionedQuadratic	23	1.2475806451612901	0.7421875	0.2421875	0	conditioned-high-v1	4	150.167	1	0	0	160.709
calibration	ConditionedQuadratic	24	1.5137096774193546	0.7734375	0.2734375	0	conditioned-low-v1	0	50.542000000000002	0	0	0	159.667
calibration	ConditionedQuadratic	24	1.5137096774193546	0.7734375	0.2734375	0	conditioned-low-v1	2	126.875	0	0	0	159.667
calibration	ConditionedQuadratic	24	1.5137096774193546	0.7734375	0.2734375	0	conditioned-low-v1	3	162.459	1	0	0	159.667
calibration	ConditionedQuadratic	24	1.5137096774193546	0.7734375	0.2734375	0	conditioned-low-v1	4	161.916	1	0	0	159.667
calibration	ConditionedQuadratic	24	1.5137096774193546	0.7734375	0.2734375	0	conditioned-middle-v1	0	48.582999999999998	0	0	0	159.667
calibration	ConditionedQuadratic	24	1.5137096774193546	0.7734375	0.2734375	0	conditioned-middle-v1	2	124.49999999999997	0	0	0	159.667
calibration	ConditionedQuadratic	24	1.5137096774193546	0.7734375	0.2734375	0	conditioned-middle-v1	3	160.875	1	0	0	159.667
calibration	ConditionedQuadratic	24	1.5137096774193546	0.7734375	0.2734375	0	conditioned-middle-v1	4	160.292	1	0	0	159.667
calibration	ConditionedQuadratic	24	1.5137096774193546	0.7734375	0.2734375	0	conditioned-high-v1	0	38.042000000000002	0	0	0	159.667
calibration	ConditionedQuadratic	24	1.5137096774193546	0.7734375	0.2734375	0	conditioned-high-v1	2	113.95899999999997	0	0	0	159.667
calibration	ConditionedQuadratic	24	1.5137096774193546	0.7734375	0.2734375	0	conditioned-high-v1	3	150.208	1	0	0	159.667
calibration	ConditionedQuadratic	24	1.5137096774193546	0.7734375	0.2734375	0	conditioned-high-v1	4	149.792	1	0	0	159.667
calibration	ConditionedQuadratic	25	1.7798387096774193	0.8046875	0.3046875	0	conditioned-low-v1	0	51.375	0	0	0	200.25
calibration	ConditionedQuadratic	25	1.7798387096774193	0.8046875	0.3046875	0	conditioned-low-v1	2	127.62499999999997	0	0	0	200.25
calibration	ConditionedQuadratic	25	1.7798387096774193	0.8046875	0.3046875	0	conditioned-low-v1	3	163.459	1	0	0	200.25
calibration	ConditionedQuadratic	25	1.7798387096774193	0.8046875	0.3046875	0	conditioned-low-v1	4	163.167	1	0	0	200.25
calibration	ConditionedQuadratic	25	1.7798387096774193	0.8046875	0.3046875	0	conditioned-middle-v1	0	50.082999999999998	0	0	0	200.25
calibration	ConditionedQuadratic	25	1.7798387096774193	0.8046875	0.3046875	0	conditioned-middle-v1	2	125.91700000000003	0	0	0	200.25
calibration	ConditionedQuadratic	25	1.7798387096774193	0.8046875	0.3046875	0	conditioned-middle-v1	3	162.458	1	0	0	200.25
calibration	ConditionedQuadratic	25	1.7798387096774193	0.8046875	0.3046875	0	conditioned-middle-v1	4	162.375	1	0	0	200.25
calibration	ConditionedQuadratic	25	1.7798387096774193	0.8046875	0.3046875	0	conditioned-high-v1	0	37.375	0	0	0	200.25
calibration	ConditionedQuadratic	25	1.7798387096774193	0.8046875	0.3046875	0	conditioned-high-v1	2	113.375	0	0	0	200.25
calibration	ConditionedQuadratic	25	1.7798387096774193	0.8046875	0.3046875	0	conditioned-high-v1	3	149.542	1	0	0	200.25
calibration	ConditionedQuadratic	25	1.7798387096774193	0.8046875	0.3046875	0	conditioned-high-v1	4	149.541	1	0	0	200.25
calibration	ConditionedQuadratic	26	1.2717741935483868	0.8359375	0.3359375	0	conditioned-low-v1	0	52.25	0	0	0	160.542
calibration	ConditionedQuadratic	26	1.2717741935483868	0.8359375	0.3359375	0	conditioned-low-v1	2	128.209	0	0	0	160.542
calibration	ConditionedQuadratic	26	1.2717741935483868	0.8359375	0.3359375	0	conditioned-low-v1	3	164.708	1	0	0	160.542
calibration	ConditionedQuadratic	26	1.2717741935483868	0.8359375	0.3359375	0	conditioned-low-v1	4	164.125	1	0	0	160.542
calibration	ConditionedQuadratic	26	1.2717741935483868	0.8359375	0.3359375	0	conditioned-middle-v1	0	52.042000000000002	0	0	0	160.542
calibration	ConditionedQuadratic	26	1.2717741935483868	0.8359375	0.3359375	0	conditioned-middle-v1	2	127.834	0	0	0	160.542
calibration	ConditionedQuadratic	26	1.2717741935483868	0.8359375	0.3359375	0	conditioned-middle-v1	3	164.041	1	0	0	160.542
calibration	ConditionedQuadratic	26	1.2717741935483868	0.8359375	0.3359375	0	conditioned-middle-v1	4	163.625	1	0	0	160.542
calibration	ConditionedQuadratic	26	1.2717741935483868	0.8359375	0.3359375	0	conditioned-high-v1	0	37.040999999999997	0	0	0	160.542
calibration	ConditionedQuadratic	26	1.2717741935483868	0.8359375	0.3359375	0	conditioned-high-v1	2	113.08399999999997	0	0	0	160.542
calibration	ConditionedQuadratic	26	1.2717741935483868	0.8359375	0.3359375	0	conditioned-high-v1	3	149.25	1	0	0	160.542
calibration	ConditionedQuadratic	26	1.2717741935483868	0.8359375	0.3359375	0	conditioned-high-v1	4	148.5	1	0	0	160.542
calibration	ConditionedQuadratic	27	1.5379032258064513	0.8671875	0.3671875	0	conditioned-low-v1	0	53.5	0	0	0	161.208
calibration	ConditionedQuadratic	27	1.5379032258064513	0.8671875	0.3671875	0	conditioned-low-v1	2	129.125	0	0	0	161.208
calibration	ConditionedQuadratic	27	1.5379032258064513	0.8671875	0.3671875	0	conditioned-low-v1	3	165.125	1	0	0	161.208
calibration	ConditionedQuadratic	27	1.5379032258064513	0.8671875	0.3671875	0	conditioned-low-v1	4	164.625	1	0	0	161.208
calibration	ConditionedQuadratic	27	1.5379032258064513	0.8671875	0.3671875	0	conditioned-middle-v1	0	53.917000000000002	0	0	0	161.208
calibration	ConditionedQuadratic	27	1.5379032258064513	0.8671875	0.3671875	0	conditioned-middle-v1	2	129.874	0	0	0	161.208
calibration	ConditionedQuadratic	27	1.5379032258064513	0.8671875	0.3671875	0	conditioned-middle-v1	3	165.834	1	0	0	161.208
calibration	ConditionedQuadratic	27	1.5379032258064513	0.8671875	0.3671875	0	conditioned-middle-v1	4	166.417	1	0	0	161.208
calibration	ConditionedQuadratic	27	1.5379032258064513	0.8671875	0.3671875	0	conditioned-high-v1	0	36.665999999999997	0	0	0	161.208
calibration	ConditionedQuadratic	27	1.5379032258064513	0.8671875	0.3671875	0	conditioned-high-v1	2	110.167	1	0	0	161.208
calibration	ConditionedQuadratic	27	1.5379032258064513	0.8671875	0.3671875	0	conditioned-high-v1	3	110.291	1	0	0	161.208
calibration	ConditionedQuadratic	27	1.5379032258064513	0.8671875	0.3671875	0	conditioned-high-v1	4	109.917	1	0	0	161.208
calibration	ConditionedQuadratic	28	1.8040322580645158	0.8984375	0.3984375	0	conditioned-low-v1	0	54.125	0	0	0	198.791
calibration	ConditionedQuadratic	28	1.8040322580645158	0.8984375	0.3984375	0	conditioned-low-v1	2	130.167	0	0	0	198.791
calibration	ConditionedQuadratic	28	1.8040322580645158	0.8984375	0.3984375	0	conditioned-low-v1	3	166.792	1	0	0	198.791
calibration	ConditionedQuadratic	28	1.8040322580645158	0.8984375	0.3984375	0	conditioned-low-v1	4	166.875	1	0	0	198.791
calibration	ConditionedQuadratic	28	1.8040322580645158	0.8984375	0.3984375	0	conditioned-middle-v1	0	55.751000000000005	0	0	0	198.791
calibration	ConditionedQuadratic	28	1.8040322580645158	0.8984375	0.3984375	0	conditioned-middle-v1	2	131.62499999999997	0	0	0	198.791
calibration	ConditionedQuadratic	28	1.8040322580645158	0.8984375	0.3984375	0	conditioned-middle-v1	3	167.75	1	0	0	198.791
calibration	ConditionedQuadratic	28	1.8040322580645158	0.8984375	0.3984375	0	conditioned-middle-v1	4	167.458	1	0	0	198.791
calibration	ConditionedQuadratic	28	1.8040322580645158	0.8984375	0.3984375	0	conditioned-high-v1	0	35.917000000000002	0	0	0	198.791
calibration	ConditionedQuadratic	28	1.8040322580645158	0.8984375	0.3984375	0	conditioned-high-v1	2	109.333	1	0	0	198.791
calibration	ConditionedQuadratic	28	1.8040322580645158	0.8984375	0.3984375	0	conditioned-high-v1	3	109.25	1	0	0	198.791
calibration	ConditionedQuadratic	28	1.8040322580645158	0.8984375	0.3984375	0	conditioned-high-v1	4	109.208	1	0	0	198.791
calibration	ConditionedQuadratic	29	1.2959677419354838	0.9296875	0.4296875	0	conditioned-low-v1	0	55.084000000000003	0	0	0	160.917
calibration	ConditionedQuadratic	29	1.2959677419354838	0.9296875	0.4296875	0	conditioned-low-v1	2	131.417	0	0	0	160.917
calibration	ConditionedQuadratic	29	1.2959677419354838	0.9296875	0.4296875	0	conditioned-low-v1	3	167.458	1	0	0	160.917
calibration	ConditionedQuadratic	29	1.2959677419354838	0.9296875	0.4296875	0	conditioned-low-v1	4	166.625	1	0	0	160.917
calibration	ConditionedQuadratic	29	1.2959677419354838	0.9296875	0.4296875	0	conditioned-middle-v1	0	57.792000000000002	0	0	0	160.917
calibration	ConditionedQuadratic	29	1.2959677419354838	0.9296875	0.4296875	0	conditioned-middle-v1	2	134.125	0	0	0	160.917
calibration	ConditionedQuadratic	29	1.2959677419354838	0.9296875	0.4296875	0	conditioned-middle-v1	3	170.042	1	0	0	160.917
calibration	ConditionedQuadratic	29	1.2959677419354838	0.9296875	0.4296875	0	conditioned-middle-v1	4	169.959	1	0	0	160.917
calibration	ConditionedQuadratic	29	1.2959677419354838	0.9296875	0.4296875	0	conditioned-high-v1	0	33.040999999999997	1	0	0	160.917
calibration	ConditionedQuadratic	29	1.2959677419354838	0.9296875	0.4296875	0	conditioned-high-v1	2	32.792000000000002	1	0	0	160.917
calibration	ConditionedQuadratic	29	1.2959677419354838	0.9296875	0.4296875	0	conditioned-high-v1	3	32.875	1	0	0	160.917
calibration	ConditionedQuadratic	29	1.2959677419354838	0.9296875	0.4296875	0	conditioned-high-v1	4	32.75	1	0	0	160.917
calibration	ConditionedQuadratic	30	1.5620967741935483	0.9609375	0.4609375	0	conditioned-low-v1	0	56.001000000000005	0	0	0	153.917
calibration	ConditionedQuadratic	30	1.5620967741935483	0.9609375	0.4609375	0	conditioned-low-v1	2	131.91699999999997	0	0	0	153.917
calibration	ConditionedQuadratic	30	1.5620967741935483	0.9609375	0.4609375	0	conditioned-low-v1	3	168.541	1	0	0	153.917
calibration	ConditionedQuadratic	30	1.5620967741935483	0.9609375	0.4609375	0	conditioned-low-v1	4	167.75	1	0	0	153.917
calibration	ConditionedQuadratic	30	1.5620967741935483	0.9609375	0.4609375	0	conditioned-middle-v1	0	59.873999999999995	0	0	0	153.917
calibration	ConditionedQuadratic	30	1.5620967741935483	0.9609375	0.4609375	0	conditioned-middle-v1	2	192.95800000000003	0	0	0	153.917
calibration	ConditionedQuadratic	30	1.5620967741935483	0.9609375	0.4609375	0	conditioned-middle-v1	3	402.66699999999997	1	0	0	153.917
calibration	ConditionedQuadratic	30	1.5620967741935483	0.9609375	0.4609375	0	conditioned-middle-v1	4	176.75	1	0	0	153.917
calibration	ConditionedQuadratic	30	1.5620967741935483	0.9609375	0.4609375	0	conditioned-high-v1	0	106.292	1	0	0	153.917
calibration	ConditionedQuadratic	30	1.5620967741935483	0.9609375	0.4609375	0	conditioned-high-v1	2	34.209000000000003	1	0	0	153.917
calibration	ConditionedQuadratic	30	1.5620967741935483	0.9609375	0.4609375	0	conditioned-high-v1	3	32.625	1	0	0	153.917
calibration	ConditionedQuadratic	30	1.5620967741935483	0.9609375	0.4609375	0	conditioned-high-v1	4	32.292000000000002	1	0	0	153.917
calibration	ConditionedQuadratic	31	1.8282258064516128	0.9921875	0.4921875	0	conditioned-low-v1	0	57.418000000000006	0	0	0	193.875
calibration	ConditionedQuadratic	31	1.8282258064516128	0.9921875	0.4921875	0	conditioned-low-v1	2	301.54200000000003	0	0	0	193.875
calibration	ConditionedQuadratic	31	1.8282258064516128	0.9921875	0.4921875	0	conditioned-low-v1	3	178.916	1	0	0	193.875
calibration	ConditionedQuadratic	31	1.8282258064516128	0.9921875	0.4921875	0	conditioned-low-v1	4	169.875	1	0	0	193.875
calibration	ConditionedQuadratic	31	1.8282258064516128	0.9921875	0.4921875	0	conditioned-middle-v1	0	65.250000000000028	0	0	0	193.875
calibration	ConditionedQuadratic	31	1.8282258064516128	0.9921875	0.4921875	0	conditioned-middle-v1	2	140.959	0	0	0	193.875
calibration	ConditionedQuadratic	31	1.8282258064516128	0.9921875	0.4921875	0	conditioned-middle-v1	3	174.917	1	0	0	193.875
calibration	ConditionedQuadratic	31	1.8282258064516128	0.9921875	0.4921875	0	conditioned-middle-v1	4	174.208	1	0	0	193.875
calibration	ConditionedQuadratic	31	1.8282258064516128	0.9921875	0.4921875	0	conditioned-high-v1	0	32.582999999999998	1	0	0	193.875
calibration	ConditionedQuadratic	31	1.8282258064516128	0.9921875	0.4921875	0	conditioned-high-v1	2	33.165999999999997	1	0	0	193.875
calibration	ConditionedQuadratic	31	1.8282258064516128	0.9921875	0.4921875	0	conditioned-high-v1	3	41.042000000000002	1	0	0	193.875
calibration	ConditionedQuadratic	31	1.8282258064516128	0.9921875	0.4921875	0	conditioned-high-v1	4	33.292000000000002	1	0	0	193.875
calibration	ConditionedCubic	0	1.3927419354838708	0.0234375	0.4765625	0.5	conditioned-low-v1	0	36.167000000000002	1	0	0	226.917
calibration	ConditionedCubic	0	1.3927419354838708	0.0234375	0.4765625	0.5	conditioned-low-v1	2	34.792000000000002	1	0	0	226.917
calibration	ConditionedCubic	0	1.3927419354838708	0.0234375	0.4765625	0.5	conditioned-low-v1	3	34.375	1	0	0	226.917
calibration	ConditionedCubic	0	1.3927419354838708	0.0234375	0.4765625	0.5	conditioned-low-v1	4	34.5	1	0	0	226.917
calibration	ConditionedCubic	0	1.3927419354838708	0.0234375	0.4765625	0.5	conditioned-middle-v1	0	66.165999999999997	0	0	0	226.917
calibration	ConditionedCubic	0	1.3927419354838708	0.0234375	0.4765625	0.5	conditioned-middle-v1	2	150.875	0	0	0	226.917
calibration	ConditionedCubic	0	1.3927419354838708	0.0234375	0.4765625	0.5	conditioned-middle-v1	3	192.5	1	0	0	226.917
calibration	ConditionedCubic	0	1.3927419354838708	0.0234375	0.4765625	0.5	conditioned-middle-v1	4	192.209	1	0	0	226.917
calibration	ConditionedCubic	0	1.3927419354838708	0.0234375	0.4765625	0.5	conditioned-high-v1	0	60.79200000000003	0	0	0	226.917
calibration	ConditionedCubic	0	1.3927419354838708	0.0234375	0.4765625	0.5	conditioned-high-v1	2	147.667	0	0	0	226.917
calibration	ConditionedCubic	0	1.3927419354838708	0.0234375	0.4765625	0.5	conditioned-high-v1	3	189.167	1	0	0	226.917
calibration	ConditionedCubic	0	1.3927419354838708	0.0234375	0.4765625	0.5	conditioned-high-v1	4	188.458	1	0	0	226.917
calibration	ConditionedCubic	1	1.6588709677419353	0.0546875	0.4453125	0.5	conditioned-low-v1	0	35.209000000000003	1	0	0	183.292
calibration	ConditionedCubic	1	1.6588709677419353	0.0546875	0.4453125	0.5	conditioned-low-v1	2	34.75	1	0	0	183.292
calibration	ConditionedCubic	1	1.6588709677419353	0.0546875	0.4453125	0.5	conditioned-low-v1	3	34.667000000000002	1	0	0	183.292
calibration	ConditionedCubic	1	1.6588709677419353	0.0546875	0.4453125	0.5	conditioned-low-v1	4	34.709000000000003	1	0	0	183.292
calibration	ConditionedCubic	1	1.6588709677419353	0.0546875	0.4453125	0.5	conditioned-middle-v1	0	63	0	0	0	183.292
calibration	ConditionedCubic	1	1.6588709677419353	0.0546875	0.4453125	0.5	conditioned-middle-v1	2	149.209	0	0	0	183.292
calibration	ConditionedCubic	1	1.6588709677419353	0.0546875	0.4453125	0.5	conditioned-middle-v1	3	190.625	1	0	0	183.292
calibration	ConditionedCubic	1	1.6588709677419353	0.0546875	0.4453125	0.5	conditioned-middle-v1	4	191.5	1	0	0	183.292
calibration	ConditionedCubic	1	1.6588709677419353	0.0546875	0.4453125	0.5	conditioned-high-v1	0	59.373999999999995	0	0	0	183.292
calibration	ConditionedCubic	1	1.6588709677419353	0.0546875	0.4453125	0.5	conditioned-high-v1	2	145.791	0	0	0	183.292
calibration	ConditionedCubic	1	1.6588709677419353	0.0546875	0.4453125	0.5	conditioned-high-v1	3	187.584	1	0	0	183.292
calibration	ConditionedCubic	1	1.6588709677419353	0.0546875	0.4453125	0.5	conditioned-high-v1	4	187.375	1	0	0	183.292
calibration	ConditionedCubic	2	1.9249999999999998	0.0859375	0.4140625	0.5	conditioned-low-v1	0	35.707999999999998	1	0	0	184.375
calibration	ConditionedCubic	2	1.9249999999999998	0.0859375	0.4140625	0.5	conditioned-low-v1	2	35.375	1	0	0	184.375
calibration	ConditionedCubic	2	1.9249999999999998	0.0859375	0.4140625	0.5	conditioned-low-v1	3	35.25	1	0	0	184.375
calibration	ConditionedCubic	2	1.9249999999999998	0.0859375	0.4140625	0.5	conditioned-low-v1	4	35.165999999999997	1	0	0	184.375
calibration	ConditionedCubic	2	1.9249999999999998	0.0859375	0.4140625	0.5	conditioned-middle-v1	0	60.832999999999998	0	0	0	184.375
calibration	ConditionedCubic	2	1.9249999999999998	0.0859375	0.4140625	0.5	conditioned-middle-v1	2	147.37400000000002	0	0	0	184.375
calibration	ConditionedCubic	2	1.9249999999999998	0.0859375	0.4140625	0.5	conditioned-middle-v1	3	189.542	1	0	0	184.375
calibration	ConditionedCubic	2	1.9249999999999998	0.0859375	0.4140625	0.5	conditioned-middle-v1	4	188.875	1	0	0	184.375
calibration	ConditionedCubic	2	1.9249999999999998	0.0859375	0.4140625	0.5	conditioned-high-v1	0	58.25	0	0	0	184.375
calibration	ConditionedCubic	2	1.9249999999999998	0.0859375	0.4140625	0.5	conditioned-high-v1	2	144.66600000000003	0	0	0	184.375
calibration	ConditionedCubic	2	1.9249999999999998	0.0859375	0.4140625	0.5	conditioned-high-v1	3	186.792	1	0	0	184.375
calibration	ConditionedCubic	2	1.9249999999999998	0.0859375	0.4140625	0.5	conditioned-high-v1	4	186.042	1	0	0	184.375
calibration	ConditionedCubic	3	1.4169354838709676	0.1171875	0.3828125	0.5	conditioned-low-v1	0	38.875	0	0	0	227.208
calibration	ConditionedCubic	3	1.4169354838709676	0.1171875	0.3828125	0.5	conditioned-low-v1	2	125.29200000000003	0	0	0	227.208
calibration	ConditionedCubic	3	1.4169354838709676	0.1171875	0.3828125	0.5	conditioned-low-v1	3	166.875	1	0	0	227.208
calibration	ConditionedCubic	3	1.4169354838709676	0.1171875	0.3828125	0.5	conditioned-low-v1	4	166.875	1	0	0	227.208
calibration	ConditionedCubic	3	1.4169354838709676	0.1171875	0.3828125	0.5	conditioned-middle-v1	0	58.875	0	0	0	227.208
calibration	ConditionedCubic	3	1.4169354838709676	0.1171875	0.3828125	0.5	conditioned-middle-v1	2	145.042	0	0	0	227.208
calibration	ConditionedCubic	3	1.4169354838709676	0.1171875	0.3828125	0.5	conditioned-middle-v1	3	186.833	1	0	0	227.208
calibration	ConditionedCubic	3	1.4169354838709676	0.1171875	0.3828125	0.5	conditioned-middle-v1	4	186.917	1	0	0	227.208
calibration	ConditionedCubic	3	1.4169354838709676	0.1171875	0.3828125	0.5	conditioned-high-v1	0	57.498999999999995	0	0	0	227.208
calibration	ConditionedCubic	3	1.4169354838709676	0.1171875	0.3828125	0.5	conditioned-high-v1	2	143.91699999999997	0	0	0	227.208
calibration	ConditionedCubic	3	1.4169354838709676	0.1171875	0.3828125	0.5	conditioned-high-v1	3	185.667	1	0	0	227.208
calibration	ConditionedCubic	3	1.4169354838709676	0.1171875	0.3828125	0.5	conditioned-high-v1	4	186.25	1	0	0	227.208
calibration	ConditionedCubic	4	1.6830645161290321	0.1484375	0.3515625	0.5	conditioned-low-v1	0	39.582999999999998	0	0	0	185.083
calibration	ConditionedCubic	4	1.6830645161290321	0.1484375	0.3515625	0.5	conditioned-low-v1	2	125.875	0	0	0	185.083
calibration	ConditionedCubic	4	1.6830645161290321	0.1484375	0.3515625	0.5	conditioned-low-v1	3	168.083	1	0	0	185.083
calibration	ConditionedCubic	4	1.6830645161290321	0.1484375	0.3515625	0.5	conditioned-low-v1	4	167.875	1	0	0	185.083
calibration	ConditionedCubic	4	1.6830645161290321	0.1484375	0.3515625	0.5	conditioned-middle-v1	0	56.832999999999998	0	0	0	185.083
calibration	ConditionedCubic	4	1.6830645161290321	0.1484375	0.3515625	0.5	conditioned-middle-v1	2	142.959	0	0	0	185.083
calibration	ConditionedCubic	4	1.6830645161290321	0.1484375	0.3515625	0.5	conditioned-middle-v1	3	185.833	1	0	0	185.083
calibration	ConditionedCubic	4	1.6830645161290321	0.1484375	0.3515625	0.5	conditioned-middle-v1	4	185.583	1	0	0	185.083
calibration	ConditionedCubic	4	1.6830645161290321	0.1484375	0.3515625	0.5	conditioned-high-v1	0	56.332999999999998	0	0	0	185.083
calibration	ConditionedCubic	4	1.6830645161290321	0.1484375	0.3515625	0.5	conditioned-high-v1	2	142.792	0	0	0	185.083
calibration	ConditionedCubic	4	1.6830645161290321	0.1484375	0.3515625	0.5	conditioned-high-v1	3	185.708	1	0	0	185.083
calibration	ConditionedCubic	4	1.6830645161290321	0.1484375	0.3515625	0.5	conditioned-high-v1	4	184.583	1	0	0	185.083
calibration	ConditionedCubic	5	1.1749999999999998	0.1796875	0.3203125	0.5	conditioned-low-v1	0	40.167000000000002	0	0	0	182
calibration	ConditionedCubic	5	1.1749999999999998	0.1796875	0.3203125	0.5	conditioned-low-v1	2	126.16700000000003	0	0	0	182
calibration	ConditionedCubic	5	1.1749999999999998	0.1796875	0.3203125	0.5	conditioned-low-v1	3	168.791	1	0	0	182
calibration	ConditionedCubic	5	1.1749999999999998	0.1796875	0.3203125	0.5	conditioned-low-v1	4	168.959	1	0	0	182
calibration	ConditionedCubic	5	1.1749999999999998	0.1796875	0.3203125	0.5	conditioned-middle-v1	0	54.667000000000002	0	0	0	182
calibration	ConditionedCubic	5	1.1749999999999998	0.1796875	0.3203125	0.5	conditioned-middle-v1	2	141.749	0	0	0	182
calibration	ConditionedCubic	5	1.1749999999999998	0.1796875	0.3203125	0.5	conditioned-middle-v1	3	183.917	1	0	0	182
calibration	ConditionedCubic	5	1.1749999999999998	0.1796875	0.3203125	0.5	conditioned-middle-v1	4	183.625	1	0	0	182
calibration	ConditionedCubic	5	1.1749999999999998	0.1796875	0.3203125	0.5	conditioned-high-v1	0	55.207999999999998	0	0	0	182
calibration	ConditionedCubic	5	1.1749999999999998	0.1796875	0.3203125	0.5	conditioned-high-v1	2	141.959	0	0	0	182
calibration	ConditionedCubic	5	1.1749999999999998	0.1796875	0.3203125	0.5	conditioned-high-v1	3	183.834	1	0	0	182
calibration	ConditionedCubic	5	1.1749999999999998	0.1796875	0.3203125	0.5	conditioned-high-v1	4	184.083	1	0	0	182
calibration	ConditionedCubic	6	1.4411290322580643	0.2109375	0.2890625	0.5	conditioned-low-v1	0	40.790999999999997	0	0	0	228.292
calibration	ConditionedCubic	6	1.4411290322580643	0.2109375	0.2890625	0.5	conditioned-low-v1	2	126.167	0	0	0	228.292
calibration	ConditionedCubic	6	1.4411290322580643	0.2109375	0.2890625	0.5	conditioned-low-v1	3	169.5	1	0	0	228.292
calibration	ConditionedCubic	6	1.4411290322580643	0.2109375	0.2890625	0.5	conditioned-low-v1	4	169.042	1	0	0	228.292
calibration	ConditionedCubic	6	1.4411290322580643	0.2109375	0.2890625	0.5	conditioned-middle-v1	0	52.916000000000025	0	0	0	228.292
calibration	ConditionedCubic	6	1.4411290322580643	0.2109375	0.2890625	0.5	conditioned-middle-v1	2	139.49900000000002	0	0	0	228.292
calibration	ConditionedCubic	6	1.4411290322580643	0.2109375	0.2890625	0.5	conditioned-middle-v1	3	181.792	1	0	0	228.292
calibration	ConditionedCubic	6	1.4411290322580643	0.2109375	0.2890625	0.5	conditioned-middle-v1	4	181.708	1	0	0	228.292
calibration	ConditionedCubic	6	1.4411290322580643	0.2109375	0.2890625	0.5	conditioned-high-v1	0	54.41700000000003	0	0	0	228.292
calibration	ConditionedCubic	6	1.4411290322580643	0.2109375	0.2890625	0.5	conditioned-high-v1	2	140.75099999999998	0	0	0	228.292
calibration	ConditionedCubic	6	1.4411290322580643	0.2109375	0.2890625	0.5	conditioned-high-v1	3	183.625	1	0	0	228.292
calibration	ConditionedCubic	6	1.4411290322580643	0.2109375	0.2890625	0.5	conditioned-high-v1	4	183.333	1	0	0	228.292
calibration	ConditionedCubic	7	1.7072580645161288	0.2421875	0.2578125	0.5	conditioned-low-v1	0	41.123999999999995	0	0	0	183.625
calibration	ConditionedCubic	7	1.7072580645161288	0.2421875	0.2578125	0.5	conditioned-low-v1	2	127.99900000000002	0	0	0	183.625
calibration	ConditionedCubic	7	1.7072580645161288	0.2421875	0.2578125	0.5	conditioned-low-v1	3	168.875	1	0	0	183.625
calibration	ConditionedCubic	7	1.7072580645161288	0.2421875	0.2578125	0.5	conditioned-low-v1	4	168.792	1	0	0	183.625
calibration	ConditionedCubic	7	1.7072580645161288	0.2421875	0.2578125	0.5	conditioned-middle-v1	0	51.292000000000002	0	0	0	183.625
calibration	ConditionedCubic	7	1.7072580645161288	0.2421875	0.2578125	0.5	conditioned-middle-v1	2	137.62500000000003	0	0	0	183.625
calibration	ConditionedCubic	7	1.7072580645161288	0.2421875	0.2578125	0.5	conditioned-middle-v1	3	179.625	1	0	0	183.625
calibration	ConditionedCubic	7	1.7072580645161288	0.2421875	0.2578125	0.5	conditioned-middle-v1	4	179.25	1	0	0	183.625
calibration	ConditionedCubic	7	1.7072580645161288	0.2421875	0.2578125	0.5	conditioned-high-v1	0	53.792000000000002	0	0	0	183.625
calibration	ConditionedCubic	7	1.7072580645161288	0.2421875	0.2578125	0.5	conditioned-high-v1	2	140.04100000000003	0	0	0	183.625
calibration	ConditionedCubic	7	1.7072580645161288	0.2421875	0.2578125	0.5	conditioned-high-v1	3	180.875	1	0	0	183.625
calibration	ConditionedCubic	7	1.7072580645161288	0.2421875	0.2578125	0.5	conditioned-high-v1	4	180.833	1	0	0	183.625
calibration	ConditionedCubic	8	1.1991935483870966	0.2734375	0.2265625	0.5	conditioned-low-v1	0	41.75	0	0	0	182.125
calibration	ConditionedCubic	8	1.1991935483870966	0.2734375	0.2265625	0.5	conditioned-low-v1	2	127.87499999999997	0	0	0	182.125
calibration	ConditionedCubic	8	1.1991935483870966	0.2734375	0.2265625	0.5	conditioned-low-v1	3	169.167	1	0	0	182.125
calibration	ConditionedCubic	8	1.1991935483870966	0.2734375	0.2265625	0.5	conditioned-low-v1	4	169.083	1	0	0	182.125
calibration	ConditionedCubic	8	1.1991935483870966	0.2734375	0.2265625	0.5	conditioned-middle-v1	0	49.459000000000003	0	0	0	182.125
calibration	ConditionedCubic	8	1.1991935483870966	0.2734375	0.2265625	0.5	conditioned-middle-v1	2	135.583	0	0	0	182.125
calibration	ConditionedCubic	8	1.1991935483870966	0.2734375	0.2265625	0.5	conditioned-middle-v1	3	177.625	1	0	0	182.125
calibration	ConditionedCubic	8	1.1991935483870966	0.2734375	0.2265625	0.5	conditioned-middle-v1	4	178.209	1	0	0	182.125
calibration	ConditionedCubic	8	1.1991935483870966	0.2734375	0.2265625	0.5	conditioned-high-v1	0	52.582999999999998	0	0	0	182.125
calibration	ConditionedCubic	8	1.1991935483870966	0.2734375	0.2265625	0.5	conditioned-high-v1	2	138.66699999999997	0	0	0	182.125
calibration	ConditionedCubic	8	1.1991935483870966	0.2734375	0.2265625	0.5	conditioned-high-v1	3	180.125	1	0	0	182.125
calibration	ConditionedCubic	8	1.1991935483870966	0.2734375	0.2265625	0.5	conditioned-high-v1	4	180.125	1	0	0	182.125
calibration	ConditionedCubic	9	1.4653225806451611	0.3046875	0.1953125	0.5	conditioned-low-v1	0	42.916999999999973	0	0	0	227.167
calibration	ConditionedCubic	9	1.4653225806451611	0.3046875	0.1953125	0.5	conditioned-low-v1	2	128.25	0	0	0	227.167
calibration	ConditionedCubic	9	1.4653225806451611	0.3046875	0.1953125	0.5	conditioned-low-v1	3	169.5	1	0	0	227.167
calibration	ConditionedCubic	9	1.4653225806451611	0.3046875	0.1953125	0.5	conditioned-low-v1	4	169.917	1	0	0	227.167
calibration	ConditionedCubic	9	1.4653225806451611	0.3046875	0.1953125	0.5	conditioned-middle-v1	0	48.123999999999995	0	0	0	227.167
calibration	ConditionedCubic	9	1.4653225806451611	0.3046875	0.1953125	0.5	conditioned-middle-v1	2	134.25000000000003	0	0	0	227.167
calibration	ConditionedCubic	9	1.4653225806451611	0.3046875	0.1953125	0.5	conditioned-middle-v1	3	175.834	1	0	0	227.167
calibration	ConditionedCubic	9	1.4653225806451611	0.3046875	0.1953125	0.5	conditioned-middle-v1	4	175.292	1	0	0	227.167
calibration	ConditionedCubic	9	1.4653225806451611	0.3046875	0.1953125	0.5	conditioned-high-v1	0	51.749000000000024	0	0	0	227.167
calibration	ConditionedCubic	9	1.4653225806451611	0.3046875	0.1953125	0.5	conditioned-high-v1	2	138.08300000000003	0	0	0	227.167
calibration	ConditionedCubic	9	1.4653225806451611	0.3046875	0.1953125	0.5	conditioned-high-v1	3	179.708	1	0	0	227.167
calibration	ConditionedCubic	9	1.4653225806451611	0.3046875	0.1953125	0.5	conditioned-high-v1	4	180.167	1	0	0	227.167
calibration	ConditionedCubic	10	1.7314516129032256	0.3359375	0.1640625	0.5	conditioned-low-v1	0	43.251000000000005	0	0	0	184.084
calibration	ConditionedCubic	10	1.7314516129032256	0.3359375	0.1640625	0.5	conditioned-low-v1	2	128.541	0	0	0	184.084
calibration	ConditionedCubic	10	1.7314516129032256	0.3359375	0.1640625	0.5	conditioned-low-v1	3	171.25	1	0	0	184.084
calibration	ConditionedCubic	10	1.7314516129032256	0.3359375	0.1640625	0.5	conditioned-low-v1	4	170.333	1	0	0	184.084
calibration	ConditionedCubic	10	1.7314516129032256	0.3359375	0.1640625	0.5	conditioned-middle-v1	0	46.332999999999998	0	0	0	184.084
calibration	ConditionedCubic	10	1.7314516129032256	0.3359375	0.1640625	0.5	conditioned-middle-v1	2	132.33399999999997	0	0	0	184.084
calibration	ConditionedCubic	10	1.7314516129032256	0.3359375	0.1640625	0.5	conditioned-middle-v1	3	174.959	1	0	0	184.084
calibration	ConditionedCubic	10	1.7314516129032256	0.3359375	0.1640625	0.5	conditioned-middle-v1	4	173.875	1	0	0	184.084
calibration	ConditionedCubic	10	1.7314516129032256	0.3359375	0.1640625	0.5	conditioned-high-v1	0	50.792000000000002	0	0	0	184.084
calibration	ConditionedCubic	10	1.7314516129032256	0.3359375	0.1640625	0.5	conditioned-high-v1	2	136.666	0	0	0	184.084
calibration	ConditionedCubic	10	1.7314516129032256	0.3359375	0.1640625	0.5	conditioned-high-v1	3	179.209	1	0	0	184.084
calibration	ConditionedCubic	10	1.7314516129032256	0.3359375	0.1640625	0.5	conditioned-high-v1	4	178.208	1	0	0	184.084
calibration	ConditionedCubic	11	1.2233870967741933	0.3671875	0.1328125	0.5	conditioned-low-v1	0	43.665999999999997	0	0	0	182
calibration	ConditionedCubic	11	1.2233870967741933	0.3671875	0.1328125	0.5	conditioned-low-v1	2	130.041	0	0	0	182
calibration	ConditionedCubic	11	1.2233870967741933	0.3671875	0.1328125	0.5	conditioned-low-v1	3	174.667	1	0	0	182
calibration	ConditionedCubic	11	1.2233870967741933	0.3671875	0.1328125	0.5	conditioned-low-v1	4	171.459	1	0	0	182
calibration	ConditionedCubic	11	1.2233870967741933	0.3671875	0.1328125	0.5	conditioned-middle-v1	0	44.832999999999998	0	0	0	182
calibration	ConditionedCubic	11	1.2233870967741933	0.3671875	0.1328125	0.5	conditioned-middle-v1	2	131.5	0	0	0	182
calibration	ConditionedCubic	11	1.2233870967741933	0.3671875	0.1328125	0.5	conditioned-middle-v1	3	172.75	1	0	0	182
calibration	ConditionedCubic	11	1.2233870967741933	0.3671875	0.1328125	0.5	conditioned-middle-v1	4	173.084	1	0	0	182
calibration	ConditionedCubic	11	1.2233870967741933	0.3671875	0.1328125	0.5	conditioned-high-v1	0	49.873999999999995	0	0	0	182
calibration	ConditionedCubic	11	1.2233870967741933	0.3671875	0.1328125	0.5	conditioned-high-v1	2	136.33300000000003	0	0	0	182
calibration	ConditionedCubic	11	1.2233870967741933	0.3671875	0.1328125	0.5	conditioned-high-v1	3	178.208	1	0	0	182
calibration	ConditionedCubic	11	1.2233870967741933	0.3671875	0.1328125	0.5	conditioned-high-v1	4	177.833	1	0	0	182
calibration	ConditionedCubic	12	1.4895161290322578	0.3984375	0.1015625	0.5	conditioned-low-v1	0	44.666999999999973	0	0	0	227.5
calibration	ConditionedCubic	12	1.4895161290322578	0.3984375	0.1015625	0.5	conditioned-low-v1	2	130.376	0	0	0	227.5
calibration	ConditionedCubic	12	1.4895161290322578	0.3984375	0.1015625	0.5	conditioned-low-v1	3	172.542	1	0	0	227.5
calibration	ConditionedCubic	12	1.4895161290322578	0.3984375	0.1015625	0.5	conditioned-low-v1	4	172.167	1	0	0	227.5
calibration	ConditionedCubic	12	1.4895161290322578	0.3984375	0.1015625	0.5	conditioned-middle-v1	0	43.541999999999973	0	0	0	227.5
calibration	ConditionedCubic	12	1.4895161290322578	0.3984375	0.1015625	0.5	conditioned-middle-v1	2	129.459	0	0	0	227.5
calibration	ConditionedCubic	12	1.4895161290322578	0.3984375	0.1015625	0.5	conditioned-middle-v1	3	172.542	1	0	0	227.5
calibration	ConditionedCubic	12	1.4895161290322578	0.3984375	0.1015625	0.5	conditioned-middle-v1	4	172.208	1	0	0	227.5
calibration	ConditionedCubic	12	1.4895161290322578	0.3984375	0.1015625	0.5	conditioned-high-v1	0	49.167000000000002	0	0	0	227.5
calibration	ConditionedCubic	12	1.4895161290322578	0.3984375	0.1015625	0.5	conditioned-high-v1	2	135.58300000000003	0	0	0	227.5
calibration	ConditionedCubic	12	1.4895161290322578	0.3984375	0.1015625	0.5	conditioned-high-v1	3	178.417	1	0	0	227.5
calibration	ConditionedCubic	12	1.4895161290322578	0.3984375	0.1015625	0.5	conditioned-high-v1	4	177.375	1	0	0	227.5
calibration	ConditionedCubic	13	1.7556451612903223	0.4296875	0.0703125	0.5	conditioned-low-v1	0	45.001000000000005	0	0	0	188.208
calibration	ConditionedCubic	13	1.7556451612903223	0.4296875	0.0703125	0.5	conditioned-low-v1	2	131.41700000000003	0	0	0	188.208
calibration	ConditionedCubic	13	1.7556451612903223	0.4296875	0.0703125	0.5	conditioned-low-v1	3	173.625	1	0	0	188.208
calibration	ConditionedCubic	13	1.7556451612903223	0.4296875	0.0703125	0.5	conditioned-low-v1	4	173.167	1	0	0	188.208
calibration	ConditionedCubic	13	1.7556451612903223	0.4296875	0.0703125	0.5	conditioned-middle-v1	0	42.081999999999994	0	0	0	188.208
calibration	ConditionedCubic	13	1.7556451612903223	0.4296875	0.0703125	0.5	conditioned-middle-v1	2	144.666	0	0	0	188.208
calibration	ConditionedCubic	13	1.7556451612903223	0.4296875	0.0703125	0.5	conditioned-middle-v1	3	171.167	1	0	0	188.208
calibration	ConditionedCubic	13	1.7556451612903223	0.4296875	0.0703125	0.5	conditioned-middle-v1	4	181.042	1	0	0	188.208
calibration	ConditionedCubic	13	1.7556451612903223	0.4296875	0.0703125	0.5	conditioned-high-v1	0	49.917000000000002	0	0	0	188.208
calibration	ConditionedCubic	13	1.7556451612903223	0.4296875	0.0703125	0.5	conditioned-high-v1	2	137.417	0	0	0	188.208
calibration	ConditionedCubic	13	1.7556451612903223	0.4296875	0.0703125	0.5	conditioned-high-v1	3	179.208	1	0	0	188.208
calibration	ConditionedCubic	13	1.7556451612903223	0.4296875	0.0703125	0.5	conditioned-high-v1	4	178.917	1	0	0	188.208
calibration	ConditionedCubic	14	1.2475806451612901	0.4609375	0.0390625	0.5	conditioned-low-v1	0	46.290999999999997	0	0	0	184.625
calibration	ConditionedCubic	14	1.2475806451612901	0.4609375	0.0390625	0.5	conditioned-low-v1	2	134	0	0	0	184.625
calibration	ConditionedCubic	14	1.2475806451612901	0.4609375	0.0390625	0.5	conditioned-low-v1	3	176.417	1	0	0	184.625
calibration	ConditionedCubic	14	1.2475806451612901	0.4609375	0.0390625	0.5	conditioned-low-v1	4	176.125	1	0	0	184.625
calibration	ConditionedCubic	14	1.2475806451612901	0.4609375	0.0390625	0.5	conditioned-middle-v1	0	38.375	1	0	0	184.625
calibration	ConditionedCubic	14	1.2475806451612901	0.4609375	0.0390625	0.5	conditioned-middle-v1	2	37.959000000000003	1	0	0	184.625
calibration	ConditionedCubic	14	1.2475806451612901	0.4609375	0.0390625	0.5	conditioned-middle-v1	3	38.040999999999997	1	0	0	184.625
calibration	ConditionedCubic	14	1.2475806451612901	0.4609375	0.0390625	0.5	conditioned-middle-v1	4	38.082999999999998	1	0	0	184.625
calibration	ConditionedCubic	14	1.2475806451612901	0.4609375	0.0390625	0.5	conditioned-high-v1	0	47.501000000000005	0	0	0	184.625
calibration	ConditionedCubic	14	1.2475806451612901	0.4609375	0.0390625	0.5	conditioned-high-v1	2	135.875	0	0	0	184.625
calibration	ConditionedCubic	14	1.2475806451612901	0.4609375	0.0390625	0.5	conditioned-high-v1	3	178.625	1	0	0	184.625
calibration	ConditionedCubic	14	1.2475806451612901	0.4609375	0.0390625	0.5	conditioned-high-v1	4	178.25	1	0	0	184.625
calibration	ConditionedCubic	15	1.5137096774193546	0.4921875	0.0078125	0.5	conditioned-low-v1	0	46.498999999999995	0	0	0	188.333
calibration	ConditionedCubic	15	1.5137096774193546	0.4921875	0.0078125	0.5	conditioned-low-v1	2	134.25000000000003	0	0	0	188.333
calibration	ConditionedCubic	15	1.5137096774193546	0.4921875	0.0078125	0.5	conditioned-low-v1	3	176.208	1	0	0	188.333
calibration	ConditionedCubic	15	1.5137096774193546	0.4921875	0.0078125	0.5	conditioned-low-v1	4	176.25	1	0	0	188.333
calibration	ConditionedCubic	15	1.5137096774193546	0.4921875	0.0078125	0.5	conditioned-middle-v1	0	37.084000000000003	1	0	0	188.333
calibration	ConditionedCubic	15	1.5137096774193546	0.4921875	0.0078125	0.5	conditioned-middle-v1	2	36.792000000000002	1	0	0	188.333
calibration	ConditionedCubic	15	1.5137096774193546	0.4921875	0.0078125	0.5	conditioned-middle-v1	3	36.832999999999998	1	0	0	188.333
calibration	ConditionedCubic	15	1.5137096774193546	0.4921875	0.0078125	0.5	conditioned-middle-v1	4	36.875	1	0	0	188.333
calibration	ConditionedCubic	15	1.5137096774193546	0.4921875	0.0078125	0.5	conditioned-high-v1	0	46.790999999999997	0	0	0	188.333
calibration	ConditionedCubic	15	1.5137096774193546	0.4921875	0.0078125	0.5	conditioned-high-v1	2	134.459	0	0	0	188.333
calibration	ConditionedCubic	15	1.5137096774193546	0.4921875	0.0078125	0.5	conditioned-high-v1	3	176.5	1	0	0	188.333
calibration	ConditionedCubic	15	1.5137096774193546	0.4921875	0.0078125	0.5	conditioned-high-v1	4	177	1	0	0	188.333
calibration	ConditionedCubic	16	1.7798387096774193	0.5234375	0.0234375	0.5	conditioned-low-v1	0	47.167000000000002	0	0	0	142.375
calibration	ConditionedCubic	16	1.7798387096774193	0.5234375	0.0234375	0.5	conditioned-low-v1	2	134.12500000000003	0	0	0	142.375
calibration	ConditionedCubic	16	1.7798387096774193	0.5234375	0.0234375	0.5	conditioned-low-v1	3	177.459	1	0	0	142.375
calibration	ConditionedCubic	16	1.7798387096774193	0.5234375	0.0234375	0.5	conditioned-low-v1	4	176.583	1	0	0	142.375
calibration	ConditionedCubic	16	1.7798387096774193	0.5234375	0.0234375	0.5	conditioned-middle-v1	0	37.582999999999998	1	0	0	142.375
calibration	ConditionedCubic	16	1.7798387096774193	0.5234375	0.0234375	0.5	conditioned-middle-v1	2	37.457999999999998	1	0	0	142.375
calibration	ConditionedCubic	16	1.7798387096774193	0.5234375	0.0234375	0.5	conditioned-middle-v1	3	37.459000000000003	1	0	0	142.375
calibration	ConditionedCubic	16	1.7798387096774193	0.5234375	0.0234375	0.5	conditioned-middle-v1	4	37.292000000000002	1	0	0	142.375
calibration	ConditionedCubic	16	1.7798387096774193	0.5234375	0.0234375	0.5	conditioned-high-v1	0	46.084000000000003	0	0	0	142.375
calibration	ConditionedCubic	16	1.7798387096774193	0.5234375	0.0234375	0.5	conditioned-high-v1	2	133.541	0	0	0	142.375
calibration	ConditionedCubic	16	1.7798387096774193	0.5234375	0.0234375	0.5	conditioned-high-v1	3	176.5	1	0	0	142.375
calibration	ConditionedCubic	16	1.7798387096774193	0.5234375	0.0234375	0.5	conditioned-high-v1	4	179.667	1	0	0	142.375
calibration	ConditionedCubic	17	1.2717741935483868	0.5546875	0.0546875	0.5	conditioned-low-v1	0	49	0	0	0	179.375
calibration	ConditionedCubic	17	1.2717741935483868	0.5546875	0.0546875	0.5	conditioned-low-v1	2	134.41600000000003	0	0	0	179.375
calibration	ConditionedCubic	17	1.2717741935483868	0.5546875	0.0546875	0.5	conditioned-low-v1	3	174.291	1	0	0	179.375
calibration	ConditionedCubic	17	1.2717741935483868	0.5546875	0.0546875	0.5	conditioned-low-v1	4	175.417	1	0	0	179.375
calibration	ConditionedCubic	17	1.2717741935483868	0.5546875	0.0546875	0.5	conditioned-middle-v1	0	41.334000000000003	0	0	0	179.375
calibration	ConditionedCubic	17	1.2717741935483868	0.5546875	0.0546875	0.5	conditioned-middle-v1	2	127.41699999999997	0	0	0	179.375
calibration	ConditionedCubic	17	1.2717741935483868	0.5546875	0.0546875	0.5	conditioned-middle-v1	3	168.708	1	0	0	179.375
calibration	ConditionedCubic	17	1.2717741935483868	0.5546875	0.0546875	0.5	conditioned-middle-v1	4	167.709	1	0	0	179.375
calibration	ConditionedCubic	17	1.2717741935483868	0.5546875	0.0546875	0.5	conditioned-high-v1	0	44.957999999999998	0	0	0	179.375
calibration	ConditionedCubic	17	1.2717741935483868	0.5546875	0.0546875	0.5	conditioned-high-v1	2	130.333	0	0	0	179.375
calibration	ConditionedCubic	17	1.2717741935483868	0.5546875	0.0546875	0.5	conditioned-high-v1	3	170.75	1	0	0	179.375
calibration	ConditionedCubic	17	1.2717741935483868	0.5546875	0.0546875	0.5	conditioned-high-v1	4	170.834	1	0	0	179.375
calibration	ConditionedCubic	18	1.5379032258064513	0.5859375	0.0859375	0.5	conditioned-low-v1	0	48.542000000000002	0	0	0	185.833
calibration	ConditionedCubic	18	1.5379032258064513	0.5859375	0.0859375	0.5	conditioned-low-v1	2	133.251	0	0	0	185.833
calibration	ConditionedCubic	18	1.5379032258064513	0.5859375	0.0859375	0.5	conditioned-low-v1	3	175	1	0	0	185.833
calibration	ConditionedCubic	18	1.5379032258064513	0.5859375	0.0859375	0.5	conditioned-low-v1	4	174.209	1	0	0	185.833
calibration	ConditionedCubic	18	1.5379032258064513	0.5859375	0.0859375	0.5	conditioned-middle-v1	0	42.667000000000002	0	0	0	185.833
calibration	ConditionedCubic	18	1.5379032258064513	0.5859375	0.0859375	0.5	conditioned-middle-v1	2	127.5	0	0	0	185.833
calibration	ConditionedCubic	18	1.5379032258064513	0.5859375	0.0859375	0.5	conditioned-middle-v1	3	168.584	1	0	0	185.833
calibration	ConditionedCubic	18	1.5379032258064513	0.5859375	0.0859375	0.5	conditioned-middle-v1	4	168.417	1	0	0	185.833
calibration	ConditionedCubic	18	1.5379032258064513	0.5859375	0.0859375	0.5	conditioned-high-v1	0	44.251000000000005	0	0	0	185.833
calibration	ConditionedCubic	18	1.5379032258064513	0.5859375	0.0859375	0.5	conditioned-high-v1	2	129.209	0	0	0	185.833
calibration	ConditionedCubic	18	1.5379032258064513	0.5859375	0.0859375	0.5	conditioned-high-v1	3	175.333	1	0	0	185.833
calibration	ConditionedCubic	18	1.5379032258064513	0.5859375	0.0859375	0.5	conditioned-high-v1	4	173.417	1	0	0	185.833
calibration	ConditionedCubic	19	1.8040322580645158	0.6171875	0.1171875	0.5	conditioned-low-v1	0	50.125	0	0	0	142.708
calibration	ConditionedCubic	19	1.8040322580645158	0.6171875	0.1171875	0.5	conditioned-low-v1	2	136.834	0	0	0	142.708
calibration	ConditionedCubic	19	1.8040322580645158	0.6171875	0.1171875	0.5	conditioned-low-v1	3	178	1	0	0	142.708
calibration	ConditionedCubic	19	1.8040322580645158	0.6171875	0.1171875	0.5	conditioned-low-v1	4	177.75	1	0	0	142.708
calibration	ConditionedCubic	19	1.8040322580645158	0.6171875	0.1171875	0.5	conditioned-middle-v1	0	44.082999999999998	0	0	0	142.708
calibration	ConditionedCubic	19	1.8040322580645158	0.6171875	0.1171875	0.5	conditioned-middle-v1	2	133.166	0	0	0	142.708
calibration	ConditionedCubic	19	1.8040322580645158	0.6171875	0.1171875	0.5	conditioned-middle-v1	3	173.417	1	0	0	142.708
calibration	ConditionedCubic	19	1.8040322580645158	0.6171875	0.1171875	0.5	conditioned-middle-v1	4	173.709	1	0	0	142.708
calibration	ConditionedCubic	19	1.8040322580645158	0.6171875	0.1171875	0.5	conditioned-high-v1	0	43.582999999999998	0	0	0	142.708
calibration	ConditionedCubic	19	1.8040322580645158	0.6171875	0.1171875	0.5	conditioned-high-v1	2	131.083	0	0	0	142.708
calibration	ConditionedCubic	19	1.8040322580645158	0.6171875	0.1171875	0.5	conditioned-high-v1	3	172.417	1	0	0	142.708
calibration	ConditionedCubic	19	1.8040322580645158	0.6171875	0.1171875	0.5	conditioned-high-v1	4	172.708	1	0	0	142.708
calibration	ConditionedCubic	20	1.2959677419354838	0.6484375	0.1484375	0.5	conditioned-low-v1	0	50.832999999999998	0	0	0	182.459
calibration	ConditionedCubic	20	1.2959677419354838	0.6484375	0.1484375	0.5	conditioned-low-v1	2	137.00000000000003	0	0	0	182.459
calibration	ConditionedCubic	20	1.2959677419354838	0.6484375	0.1484375	0.5	conditioned-low-v1	3	178.916	1	0	0	182.459
calibration	ConditionedCubic	20	1.2959677419354838	0.6484375	0.1484375	0.5	conditioned-low-v1	4	178.542	1	0	0	182.459
calibration	ConditionedCubic	20	1.2959677419354838	0.6484375	0.1484375	0.5	conditioned-middle-v1	0	45.331999999999994	0	0	0	182.459
calibration	ConditionedCubic	20	1.2959677419354838	0.6484375	0.1484375	0.5	conditioned-middle-v1	2	132.333	0	0	0	182.459
calibration	ConditionedCubic	20	1.2959677419354838	0.6484375	0.1484375	0.5	conditioned-middle-v1	3	174.125	1	0	0	182.459
calibration	ConditionedCubic	20	1.2959677419354838	0.6484375	0.1484375	0.5	conditioned-middle-v1	4	173.958	1	0	0	182.459
calibration	ConditionedCubic	20	1.2959677419354838	0.6484375	0.1484375	0.5	conditioned-high-v1	0	42.957999999999998	0	0	0	182.459
calibration	ConditionedCubic	20	1.2959677419354838	0.6484375	0.1484375	0.5	conditioned-high-v1	2	129.666	0	0	0	182.459
calibration	ConditionedCubic	20	1.2959677419354838	0.6484375	0.1484375	0.5	conditioned-high-v1	3	171.833	1	0	0	182.459
calibration	ConditionedCubic	20	1.2959677419354838	0.6484375	0.1484375	0.5	conditioned-high-v1	4	170.667	1	0	0	182.459
calibration	ConditionedCubic	21	1.5620967741935483	0.6796875	0.1796875	0.5	conditioned-low-v1	0	50.917000000000002	0	0	0	184.667
calibration	ConditionedCubic	21	1.5620967741935483	0.6796875	0.1796875	0.5	conditioned-low-v1	2	137.49999999999997	0	0	0	184.667
calibration	ConditionedCubic	21	1.5620967741935483	0.6796875	0.1796875	0.5	conditioned-low-v1	3	178.791	1	0	0	184.667
calibration	ConditionedCubic	21	1.5620967741935483	0.6796875	0.1796875	0.5	conditioned-low-v1	4	178.875	1	0	0	184.667
calibration	ConditionedCubic	21	1.5620967741935483	0.6796875	0.1796875	0.5	conditioned-middle-v1	0	46.957999999999998	0	0	0	184.667
calibration	ConditionedCubic	21	1.5620967741935483	0.6796875	0.1796875	0.5	conditioned-middle-v1	2	133.792	0	0	0	184.667
calibration	ConditionedCubic	21	1.5620967741935483	0.6796875	0.1796875	0.5	conditioned-middle-v1	3	174.583	1	0	0	184.667
calibration	ConditionedCubic	21	1.5620967741935483	0.6796875	0.1796875	0.5	conditioned-middle-v1	4	174.708	1	0	0	184.667
calibration	ConditionedCubic	21	1.5620967741935483	0.6796875	0.1796875	0.5	conditioned-high-v1	0	42.125	0	0	0	184.667
calibration	ConditionedCubic	21	1.5620967741935483	0.6796875	0.1796875	0.5	conditioned-high-v1	2	128.79199999999997	0	0	0	184.667
calibration	ConditionedCubic	21	1.5620967741935483	0.6796875	0.1796875	0.5	conditioned-high-v1	3	169.833	1	0	0	184.667
calibration	ConditionedCubic	21	1.5620967741935483	0.6796875	0.1796875	0.5	conditioned-high-v1	4	170.209	1	0	0	184.667
calibration	ConditionedCubic	22	1.8282258064516128	0.7109375	0.2109375	0.5	conditioned-low-v1	0	51.957999999999998	0	0	0	188.375
calibration	ConditionedCubic	22	1.8282258064516128	0.7109375	0.2109375	0.5	conditioned-low-v1	2	138.375	0	0	0	188.375
calibration	ConditionedCubic	22	1.8282258064516128	0.7109375	0.2109375	0.5	conditioned-low-v1	3	180	1	0	0	188.375
calibration	ConditionedCubic	22	1.8282258064516128	0.7109375	0.2109375	0.5	conditioned-low-v1	4	179	1	0	0	188.375
calibration	ConditionedCubic	22	1.8282258064516128	0.7109375	0.2109375	0.5	conditioned-middle-v1	0	52.584000000000003	0	0	0	188.375
calibration	ConditionedCubic	22	1.8282258064516128	0.7109375	0.2109375	0.5	conditioned-middle-v1	2	137.66699999999997	0	0	0	188.375
calibration	ConditionedCubic	22	1.8282258064516128	0.7109375	0.2109375	0.5	conditioned-middle-v1	3	180.666	1	0	0	188.375
calibration	ConditionedCubic	22	1.8282258064516128	0.7109375	0.2109375	0.5	conditioned-middle-v1	4	179.708	1	0	0	188.375
calibration	ConditionedCubic	22	1.8282258064516128	0.7109375	0.2109375	0.5	conditioned-high-v1	0	42.251000000000005	0	0	0	188.375
calibration	ConditionedCubic	22	1.8282258064516128	0.7109375	0.2109375	0.5	conditioned-high-v1	2	130.25099999999998	0	0	0	188.375
calibration	ConditionedCubic	22	1.8282258064516128	0.7109375	0.2109375	0.5	conditioned-high-v1	3	173.291	1	0	0	188.375
calibration	ConditionedCubic	22	1.8282258064516128	0.7109375	0.2109375	0.5	conditioned-high-v1	4	172.125	1	0	0	188.375
calibration	ConditionedCubic	23	1.3201612903225806	0.7421875	0.2421875	0.5	conditioned-low-v1	0	53.290999999999997	0	0	0	182.833
calibration	ConditionedCubic	23	1.3201612903225806	0.7421875	0.2421875	0.5	conditioned-low-v1	2	141.625	0	0	0	182.833
calibration	ConditionedCubic	23	1.3201612903225806	0.7421875	0.2421875	0.5	conditioned-low-v1	3	181.167	1	0	0	182.833
calibration	ConditionedCubic	23	1.3201612903225806	0.7421875	0.2421875	0.5	conditioned-low-v1	4	181.25	1	0	0	182.833
calibration	ConditionedCubic	23	1.3201612903225806	0.7421875	0.2421875	0.5	conditioned-middle-v1	0	50.334000000000003	0	0	0	182.833
calibration	ConditionedCubic	23	1.3201612903225806	0.7421875	0.2421875	0.5	conditioned-middle-v1	2	136.542	0	0	0	182.833
calibration	ConditionedCubic	23	1.3201612903225806	0.7421875	0.2421875	0.5	conditioned-middle-v1	3	178.5	1	0	0	182.833
calibration	ConditionedCubic	23	1.3201612903225806	0.7421875	0.2421875	0.5	conditioned-middle-v1	4	177.666	1	0	0	182.833
calibration	ConditionedCubic	23	1.3201612903225806	0.7421875	0.2421875	0.5	conditioned-high-v1	0	41.040999999999997	0	0	0	182.833
calibration	ConditionedCubic	23	1.3201612903225806	0.7421875	0.2421875	0.5	conditioned-high-v1	2	127.833	0	0	0	182.833
calibration	ConditionedCubic	23	1.3201612903225806	0.7421875	0.2421875	0.5	conditioned-high-v1	3	168.75	1	0	0	182.833
calibration	ConditionedCubic	23	1.3201612903225806	0.7421875	0.2421875	0.5	conditioned-high-v1	4	168.917	1	0	0	182.833
calibration	ConditionedCubic	24	1.5862903225806451	0.7734375	0.2734375	0.5	conditioned-low-v1	0	53.665999999999997	0	0	0	187.875
calibration	ConditionedCubic	24	1.5862903225806451	0.7734375	0.2734375	0.5	conditioned-low-v1	2	140.20800000000003	0	0	0	187.875
calibration	ConditionedCubic	24	1.5862903225806451	0.7734375	0.2734375	0.5	conditioned-low-v1	3	182.583	1	0	0	187.875
calibration	ConditionedCubic	24	1.5862903225806451	0.7734375	0.2734375	0.5	conditioned-low-v1	4	181.791	1	0	0	187.875
calibration	ConditionedCubic	24	1.5862903225806451	0.7734375	0.2734375	0.5	conditioned-middle-v1	0	51.957999999999998	0	0	0	187.875
calibration	ConditionedCubic	24	1.5862903225806451	0.7734375	0.2734375	0.5	conditioned-middle-v1	2	138.70899999999997	0	0	0	187.875
calibration	ConditionedCubic	24	1.5862903225806451	0.7734375	0.2734375	0.5	conditioned-middle-v1	3	181.042	1	0	0	187.875
calibration	ConditionedCubic	24	1.5862903225806451	0.7734375	0.2734375	0.5	conditioned-middle-v1	4	202.083	1	0	0	187.875
calibration	ConditionedCubic	24	1.5862903225806451	0.7734375	0.2734375	0.5	conditioned-high-v1	0	47.125	0	0	0	187.875
calibration	ConditionedCubic	24	1.5862903225806451	0.7734375	0.2734375	0.5	conditioned-high-v1	2	144.83300000000003	0	0	0	187.875
calibration	ConditionedCubic	24	1.5862903225806451	0.7734375	0.2734375	0.5	conditioned-high-v1	3	172.25	1	0	0	187.875
calibration	ConditionedCubic	24	1.5862903225806451	0.7734375	0.2734375	0.5	conditioned-high-v1	4	172.25	1	0	0	187.875
calibration	ConditionedCubic	25	1.8524193548387093	0.8046875	0.3046875	0.5	conditioned-low-v1	0	56.667000000000002	0	0	0	186.791
calibration	ConditionedCubic	25	1.8524193548387093	0.8046875	0.3046875	0.5	conditioned-low-v1	2	142.042	0	0	0	186.791
calibration	ConditionedCubic	25	1.8524193548387093	0.8046875	0.3046875	0.5	conditioned-low-v1	3	184.208	1	0	0	186.791
calibration	ConditionedCubic	25	1.8524193548387093	0.8046875	0.3046875	0.5	conditioned-low-v1	4	184.875	1	0	0	186.791
calibration	ConditionedCubic	25	1.8524193548387093	0.8046875	0.3046875	0.5	conditioned-middle-v1	0	54.290999999999997	0	0	0	186.791
calibration	ConditionedCubic	25	1.8524193548387093	0.8046875	0.3046875	0.5	conditioned-middle-v1	2	141.666	0	0	0	186.791
calibration	ConditionedCubic	25	1.8524193548387093	0.8046875	0.3046875	0.5	conditioned-middle-v1	3	183.166	1	0	0	186.791
calibration	ConditionedCubic	25	1.8524193548387093	0.8046875	0.3046875	0.5	conditioned-middle-v1	4	182.583	1	0	0	186.791
calibration	ConditionedCubic	25	1.8524193548387093	0.8046875	0.3046875	0.5	conditioned-high-v1	0	40.042000000000002	0	0	0	186.791
calibration	ConditionedCubic	25	1.8524193548387093	0.8046875	0.3046875	0.5	conditioned-high-v1	2	127.291	0	0	0	186.791
calibration	ConditionedCubic	25	1.8524193548387093	0.8046875	0.3046875	0.5	conditioned-high-v1	3	169.541	1	0	0	186.791
calibration	ConditionedCubic	25	1.8524193548387093	0.8046875	0.3046875	0.5	conditioned-high-v1	4	169.542	1	0	0	186.791
calibration	ConditionedCubic	26	1.3443548387096773	0.8359375	0.3359375	0.5	conditioned-low-v1	0	55.832999999999998	0	0	0	228.792
calibration	ConditionedCubic	26	1.3443548387096773	0.8359375	0.3359375	0.5	conditioned-low-v1	2	142.70800000000003	0	0	0	228.792
calibration	ConditionedCubic	26	1.3443548387096773	0.8359375	0.3359375	0.5	conditioned-low-v1	3	185.125	1	0	0	228.792
calibration	ConditionedCubic	26	1.3443548387096773	0.8359375	0.3359375	0.5	conditioned-low-v1	4	184.625	1	0	0	228.792
calibration	ConditionedCubic	26	1.3443548387096773	0.8359375	0.3359375	0.5	conditioned-middle-v1	0	55.582999999999998	0	0	0	228.792
calibration	ConditionedCubic	26	1.3443548387096773	0.8359375	0.3359375	0.5	conditioned-middle-v1	2	143.29100000000003	0	0	0	228.792
calibration	ConditionedCubic	26	1.3443548387096773	0.8359375	0.3359375	0.5	conditioned-middle-v1	3	185.375	1	0	0	228.792
calibration	ConditionedCubic	26	1.3443548387096773	0.8359375	0.3359375	0.5	conditioned-middle-v1	4	185.083	1	0	0	228.792
calibration	ConditionedCubic	26	1.3443548387096773	0.8359375	0.3359375	0.5	conditioned-high-v1	0	39.583000000000027	0	0	0	228.792
calibration	ConditionedCubic	26	1.3443548387096773	0.8359375	0.3359375	0.5	conditioned-high-v1	2	126.791	0	0	0	228.792
calibration	ConditionedCubic	26	1.3443548387096773	0.8359375	0.3359375	0.5	conditioned-high-v1	3	169.042	1	0	0	228.792
calibration	ConditionedCubic	26	1.3443548387096773	0.8359375	0.3359375	0.5	conditioned-high-v1	4	168.25	1	0	0	228.792
calibration	ConditionedCubic	27	1.6104838709677418	0.8671875	0.3671875	0.5	conditioned-low-v1	0	57.084000000000003	0	0	0	186.209
calibration	ConditionedCubic	27	1.6104838709677418	0.8671875	0.3671875	0.5	conditioned-low-v1	2	144.33300000000003	0	0	0	186.209
calibration	ConditionedCubic	27	1.6104838709677418	0.8671875	0.3671875	0.5	conditioned-low-v1	3	186.042	1	0	0	186.209
calibration	ConditionedCubic	27	1.6104838709677418	0.8671875	0.3671875	0.5	conditioned-low-v1	4	185.75	1	0	0	186.209
calibration	ConditionedCubic	27	1.6104838709677418	0.8671875	0.3671875	0.5	conditioned-middle-v1	0	57.706999999999994	0	0	0	186.209
calibration	ConditionedCubic	27	1.6104838709677418	0.8671875	0.3671875	0.5	conditioned-middle-v1	2	145.708	0	0	0	186.209
calibration	ConditionedCubic	27	1.6104838709677418	0.8671875	0.3671875	0.5	conditioned-middle-v1	3	187.416	1	0	0	186.209
calibration	ConditionedCubic	27	1.6104838709677418	0.8671875	0.3671875	0.5	conditioned-middle-v1	4	187.375	1	0	0	186.209
calibration	ConditionedCubic	27	1.6104838709677418	0.8671875	0.3671875	0.5	conditioned-high-v1	0	38.832999999999998	0	0	0	186.209
calibration	ConditionedCubic	27	1.6104838709677418	0.8671875	0.3671875	0.5	conditioned-high-v1	2	126.541	0	0	0	186.209
calibration	ConditionedCubic	27	1.6104838709677418	0.8671875	0.3671875	0.5	conditioned-high-v1	3	168.416	1	0	0	186.209
calibration	ConditionedCubic	27	1.6104838709677418	0.8671875	0.3671875	0.5	conditioned-high-v1	4	168.333	1	0	0	186.209
calibration	ConditionedCubic	28	1.8766129032258063	0.8984375	0.3984375	0.5	conditioned-low-v1	0	59.040999999999997	0	0	0	186.084
calibration	ConditionedCubic	28	1.8766129032258063	0.8984375	0.3984375	0.5	conditioned-low-v1	2	147.834	0	0	0	186.084
calibration	ConditionedCubic	28	1.8766129032258063	0.8984375	0.3984375	0.5	conditioned-low-v1	3	187.417	1	0	0	186.084
calibration	ConditionedCubic	28	1.8766129032258063	0.8984375	0.3984375	0.5	conditioned-low-v1	4	186.542	1	0	0	186.084
calibration	ConditionedCubic	28	1.8766129032258063	0.8984375	0.3984375	0.5	conditioned-middle-v1	0	59.75	0	0	0	186.084
calibration	ConditionedCubic	28	1.8766129032258063	0.8984375	0.3984375	0.5	conditioned-middle-v1	2	147.04199999999997	0	0	0	186.084
calibration	ConditionedCubic	28	1.8766129032258063	0.8984375	0.3984375	0.5	conditioned-middle-v1	3	189.583	1	0	0	186.084
calibration	ConditionedCubic	28	1.8766129032258063	0.8984375	0.3984375	0.5	conditioned-middle-v1	4	189.208	1	0	0	186.084
calibration	ConditionedCubic	28	1.8766129032258063	0.8984375	0.3984375	0.5	conditioned-high-v1	0	38.25	0	0	0	186.084
calibration	ConditionedCubic	28	1.8766129032258063	0.8984375	0.3984375	0.5	conditioned-high-v1	2	125.875	0	0	0	186.084
calibration	ConditionedCubic	28	1.8766129032258063	0.8984375	0.3984375	0.5	conditioned-high-v1	3	167.041	1	0	0	186.084
calibration	ConditionedCubic	28	1.8766129032258063	0.8984375	0.3984375	0.5	conditioned-high-v1	4	166.958	1	0	0	186.084
calibration	ConditionedCubic	29	1.3685483870967741	0.9296875	0.4296875	0.5	conditioned-low-v1	0	60.958000000000027	0	0	0	227.584
calibration	ConditionedCubic	29	1.3685483870967741	0.9296875	0.4296875	0.5	conditioned-low-v1	2	146.209	0	0	0	227.584
calibration	ConditionedCubic	29	1.3685483870967741	0.9296875	0.4296875	0.5	conditioned-low-v1	3	187.833	1	0	0	227.584
calibration	ConditionedCubic	29	1.3685483870967741	0.9296875	0.4296875	0.5	conditioned-low-v1	4	187.542	1	0	0	227.584
calibration	ConditionedCubic	29	1.3685483870967741	0.9296875	0.4296875	0.5	conditioned-middle-v1	0	61.709000000000003	0	0	0	227.584
calibration	ConditionedCubic	29	1.3685483870967741	0.9296875	0.4296875	0.5	conditioned-middle-v1	2	148.95800000000003	0	0	0	227.584
calibration	ConditionedCubic	29	1.3685483870967741	0.9296875	0.4296875	0.5	conditioned-middle-v1	3	191	1	0	0	227.584
calibration	ConditionedCubic	29	1.3685483870967741	0.9296875	0.4296875	0.5	conditioned-middle-v1	4	190.792	1	0	0	227.584
calibration	ConditionedCubic	29	1.3685483870967741	0.9296875	0.4296875	0.5	conditioned-high-v1	0	35.125	1	0	0	227.584
calibration	ConditionedCubic	29	1.3685483870967741	0.9296875	0.4296875	0.5	conditioned-high-v1	2	34.875	1	0	0	227.584
calibration	ConditionedCubic	29	1.3685483870967741	0.9296875	0.4296875	0.5	conditioned-high-v1	3	34.917000000000002	1	0	0	227.584
calibration	ConditionedCubic	29	1.3685483870967741	0.9296875	0.4296875	0.5	conditioned-high-v1	4	34.875	1	0	0	227.584
calibration	ConditionedCubic	30	1.6346774193548386	0.9609375	0.4609375	0.5	conditioned-low-v1	0	59.917000000000002	0	0	0	186.417
calibration	ConditionedCubic	30	1.6346774193548386	0.9609375	0.4609375	0.5	conditioned-low-v1	2	147.083	0	0	0	186.417
calibration	ConditionedCubic	30	1.6346774193548386	0.9609375	0.4609375	0.5	conditioned-low-v1	3	189.042	1	0	0	186.417
calibration	ConditionedCubic	30	1.6346774193548386	0.9609375	0.4609375	0.5	conditioned-low-v1	4	189.25	1	0	0	186.417
calibration	ConditionedCubic	30	1.6346774193548386	0.9609375	0.4609375	0.5	conditioned-middle-v1	0	64.165999999999997	0	0	0	186.417
calibration	ConditionedCubic	30	1.6346774193548386	0.9609375	0.4609375	0.5	conditioned-middle-v1	2	151.58300000000003	0	0	0	186.417
calibration	ConditionedCubic	30	1.6346774193548386	0.9609375	0.4609375	0.5	conditioned-middle-v1	3	193.625	1	0	0	186.417
calibration	ConditionedCubic	30	1.6346774193548386	0.9609375	0.4609375	0.5	conditioned-middle-v1	4	194.834	1	0	0	186.417
calibration	ConditionedCubic	30	1.6346774193548386	0.9609375	0.4609375	0.5	conditioned-high-v1	0	34.457999999999998	1	0	0	186.417
calibration	ConditionedCubic	30	1.6346774193548386	0.9609375	0.4609375	0.5	conditioned-high-v1	2	34.334000000000003	1	0	0	186.417
calibration	ConditionedCubic	30	1.6346774193548386	0.9609375	0.4609375	0.5	conditioned-high-v1	3	34.332999999999998	1	0	0	186.417
calibration	ConditionedCubic	30	1.6346774193548386	0.9609375	0.4609375	0.5	conditioned-high-v1	4	34.375	1	0	0	186.417
calibration	ConditionedCubic	31	1.9008064516129031	0.9921875	0.4921875	0.5	conditioned-low-v1	0	61.126000000000005	0	0	0	190.583
calibration	ConditionedCubic	31	1.9008064516129031	0.9921875	0.4921875	0.5	conditioned-low-v1	2	148.458	0	0	0	190.583
calibration	ConditionedCubic	31	1.9008064516129031	0.9921875	0.4921875	0.5	conditioned-low-v1	3	189.917	1	0	0	190.583
calibration	ConditionedCubic	31	1.9008064516129031	0.9921875	0.4921875	0.5	conditioned-low-v1	4	190	1	0	0	190.583
calibration	ConditionedCubic	31	1.9008064516129031	0.9921875	0.4921875	0.5	conditioned-middle-v1	0	66.498999999999995	0	0	0	190.583
calibration	ConditionedCubic	31	1.9008064516129031	0.9921875	0.4921875	0.5	conditioned-middle-v1	2	154.209	0	0	0	190.583
calibration	ConditionedCubic	31	1.9008064516129031	0.9921875	0.4921875	0.5	conditioned-middle-v1	3	195.333	1	0	0	190.583
calibration	ConditionedCubic	31	1.9008064516129031	0.9921875	0.4921875	0.5	conditioned-middle-v1	4	196.167	1	0	0	190.583
calibration	ConditionedCubic	31	1.9008064516129031	0.9921875	0.4921875	0.5	conditioned-high-v1	0	34.707999999999998	1	0	0	190.583
calibration	ConditionedCubic	31	1.9008064516129031	0.9921875	0.4921875	0.5	conditioned-high-v1	2	34	1	0	0	190.583
calibration	ConditionedCubic	31	1.9008064516129031	0.9921875	0.4921875	0.5	conditioned-high-v1	3	33.834000000000003	1	0	0	190.583
calibration	ConditionedCubic	31	1.9008064516129031	0.9921875	0.4921875	0.5	conditioned-high-v1	4	34.084000000000003	1	0	0	190.583
calibration	ConditionedQuartic	0	1.4653225806451611	0.0234375	0.4765625	1	conditioned-low-v1	0	37.209000000000003	1	0	0	210.667
calibration	ConditionedQuartic	0	1.4653225806451611	0.0234375	0.4765625	1	conditioned-low-v1	2	36.584000000000003	1	0	0	210.667
calibration	ConditionedQuartic	0	1.4653225806451611	0.0234375	0.4765625	1	conditioned-low-v1	3	36.375	1	0	0	210.667
calibration	ConditionedQuartic	0	1.4653225806451611	0.0234375	0.4765625	1	conditioned-low-v1	4	36.542000000000002	1	0	0	210.667
calibration	ConditionedQuartic	0	1.4653225806451611	0.0234375	0.4765625	1	conditioned-middle-v1	0	70.333999999999975	0	0	0	210.667
calibration	ConditionedQuartic	0	1.4653225806451611	0.0234375	0.4765625	1	conditioned-middle-v1	2	170.25000000000003	0	0	0	210.667
calibration	ConditionedQuartic	0	1.4653225806451611	0.0234375	0.4765625	1	conditioned-middle-v1	3	220.751	0	0	0	210.667
calibration	ConditionedQuartic	0	1.4653225806451611	0.0234375	0.4765625	1	conditioned-middle-v1	4	267.04199999999997	1	0	0	210.667
calibration	ConditionedQuartic	0	1.4653225806451611	0.0234375	0.4765625	1	conditioned-high-v1	0	64.749000000000024	0	0	0	210.667
calibration	ConditionedQuartic	0	1.4653225806451611	0.0234375	0.4765625	1	conditioned-high-v1	2	164.33300000000003	0	0	0	210.667
calibration	ConditionedQuartic	0	1.4653225806451611	0.0234375	0.4765625	1	conditioned-high-v1	3	215.58299999999997	0	0	0	210.667
calibration	ConditionedQuartic	0	1.4653225806451611	0.0234375	0.4765625	1	conditioned-high-v1	4	261.45800000000003	1	0	0	210.667
calibration	ConditionedQuartic	1	1.7314516129032256	0.0546875	0.4453125	1	conditioned-low-v1	0	37.25	1	0	0	263.75
calibration	ConditionedQuartic	1	1.7314516129032256	0.0546875	0.4453125	1	conditioned-low-v1	2	37	1	0	0	263.75
calibration	ConditionedQuartic	1	1.7314516129032256	0.0546875	0.4453125	1	conditioned-low-v1	3	36.875	1	0	0	263.75
calibration	ConditionedQuartic	1	1.7314516129032256	0.0546875	0.4453125	1	conditioned-low-v1	4	37.125	1	0	0	263.75
calibration	ConditionedQuartic	1	1.7314516129032256	0.0546875	0.4453125	1	conditioned-middle-v1	0	67.917000000000002	0	0	0	263.75
calibration	ConditionedQuartic	1	1.7314516129032256	0.0546875	0.4453125	1	conditioned-middle-v1	2	167.08399999999997	0	0	0	263.75
calibration	ConditionedQuartic	1	1.7314516129032256	0.0546875	0.4453125	1	conditioned-middle-v1	3	217.041	0	0	0	263.75
calibration	ConditionedQuartic	1	1.7314516129032256	0.0546875	0.4453125	1	conditioned-middle-v1	4	263.291	1	0	0	263.75
calibration	ConditionedQuartic	1	1.7314516129032256	0.0546875	0.4453125	1	conditioned-high-v1	0	63.459000000000003	0	0	0	263.75
calibration	ConditionedQuartic	1	1.7314516129032256	0.0546875	0.4453125	1	conditioned-high-v1	2	162.75	0	0	0	263.75
calibration	ConditionedQuartic	1	1.7314516129032256	0.0546875	0.4453125	1	conditioned-high-v1	3	213.625	0	0	0	263.75
calibration	ConditionedQuartic	1	1.7314516129032256	0.0546875	0.4453125	1	conditioned-high-v1	4	260.125	1	0	0	263.75
calibration	ConditionedQuartic	2	1.2233870967741933	0.0859375	0.4140625	1	conditioned-low-v1	0	38	1	0	0	261
calibration	ConditionedQuartic	2	1.2233870967741933	0.0859375	0.4140625	1	conditioned-low-v1	2	37.707999999999998	1	0	0	261
calibration	ConditionedQuartic	2	1.2233870967741933	0.0859375	0.4140625	1	conditioned-low-v1	3	37.625	1	0	0	261
calibration	ConditionedQuartic	2	1.2233870967741933	0.0859375	0.4140625	1	conditioned-low-v1	4	37.792000000000002	1	0	0	261
calibration	ConditionedQuartic	2	1.2233870967741933	0.0859375	0.4140625	1	conditioned-middle-v1	0	65.417000000000002	0	0	0	261
calibration	ConditionedQuartic	2	1.2233870967741933	0.0859375	0.4140625	1	conditioned-middle-v1	2	165.333	0	0	0	261
calibration	ConditionedQuartic	2	1.2233870967741933	0.0859375	0.4140625	1	conditioned-middle-v1	3	215.834	0	0	0	261
calibration	ConditionedQuartic	2	1.2233870967741933	0.0859375	0.4140625	1	conditioned-middle-v1	4	263.45800000000003	1	0	0	261
calibration	ConditionedQuartic	2	1.2233870967741933	0.0859375	0.4140625	1	conditioned-high-v1	0	62.375	0	0	0	261
calibration	ConditionedQuartic	2	1.2233870967741933	0.0859375	0.4140625	1	conditioned-high-v1	2	162.709	0	0	0	261
calibration	ConditionedQuartic	2	1.2233870967741933	0.0859375	0.4140625	1	conditioned-high-v1	3	213	0	0	0	261
calibration	ConditionedQuartic	2	1.2233870967741933	0.0859375	0.4140625	1	conditioned-high-v1	4	259.875	1	0	0	261
calibration	ConditionedQuartic	3	1.4895161290322578	0.1171875	0.3828125	1	conditioned-low-v1	0	41.332999999999998	0	0	0	163
calibration	ConditionedQuartic	3	1.4895161290322578	0.1171875	0.3828125	1	conditioned-low-v1	2	141.5	0	0	0	163
calibration	ConditionedQuartic	3	1.4895161290322578	0.1171875	0.3828125	1	conditioned-low-v1	3	188.833	1	0	0	163
calibration	ConditionedQuartic	3	1.4895161290322578	0.1171875	0.3828125	1	conditioned-low-v1	4	189.083	1	0	0	163
calibration	ConditionedQuartic	3	1.4895161290322578	0.1171875	0.3828125	1	conditioned-middle-v1	0	62.748999999999995	0	0	0	163
calibration	ConditionedQuartic	3	1.4895161290322578	0.1171875	0.3828125	1	conditioned-middle-v1	2	162.75	0	0	0	163
calibration	ConditionedQuartic	3	1.4895161290322578	0.1171875	0.3828125	1	conditioned-middle-v1	3	214	0	0	0	163
calibration	ConditionedQuartic	3	1.4895161290322578	0.1171875	0.3828125	1	conditioned-middle-v1	4	259.16699999999997	1	0	0	163
calibration	ConditionedQuartic	3	1.4895161290322578	0.1171875	0.3828125	1	conditioned-high-v1	0	61.207999999999998	0	0	0	163
calibration	ConditionedQuartic	3	1.4895161290322578	0.1171875	0.3828125	1	conditioned-high-v1	2	160.916	0	0	0	163
calibration	ConditionedQuartic	3	1.4895161290322578	0.1171875	0.3828125	1	conditioned-high-v1	3	211.959	0	0	0	163
calibration	ConditionedQuartic	3	1.4895161290322578	0.1171875	0.3828125	1	conditioned-high-v1	4	258.25	1	0	0	163
calibration	ConditionedQuartic	4	1.7556451612903223	0.1484375	0.3515625	1	conditioned-low-v1	0	45.166999999999973	0	0	0	258.125
calibration	ConditionedQuartic	4	1.7556451612903223	0.1484375	0.3515625	1	conditioned-low-v1	2	140.41699999999997	0	0	0	258.125
calibration	ConditionedQuartic	4	1.7556451612903223	0.1484375	0.3515625	1	conditioned-low-v1	3	186.375	1	0	0	258.125
calibration	ConditionedQuartic	4	1.7556451612903223	0.1484375	0.3515625	1	conditioned-low-v1	4	185.792	1	0	0	258.125
calibration	ConditionedQuartic	4	1.7556451612903223	0.1484375	0.3515625	1	conditioned-middle-v1	0	60.5	0	0	0	258.125
calibration	ConditionedQuartic	4	1.7556451612903223	0.1484375	0.3515625	1	conditioned-middle-v1	2	157.83300000000003	0	0	0	258.125
calibration	ConditionedQuartic	4	1.7556451612903223	0.1484375	0.3515625	1	conditioned-middle-v1	3	207.917	0	0	0	258.125
calibration	ConditionedQuartic	4	1.7556451612903223	0.1484375	0.3515625	1	conditioned-middle-v1	4	252.666	1	0	0	258.125
calibration	ConditionedQuartic	4	1.7556451612903223	0.1484375	0.3515625	1	conditioned-high-v1	0	60.082999999999998	0	0	0	258.125
calibration	ConditionedQuartic	4	1.7556451612903223	0.1484375	0.3515625	1	conditioned-high-v1	2	157.001	0	0	0	258.125
calibration	ConditionedQuartic	4	1.7556451612903223	0.1484375	0.3515625	1	conditioned-high-v1	3	206.833	0	0	0	258.125
calibration	ConditionedQuartic	4	1.7556451612903223	0.1484375	0.3515625	1	conditioned-high-v1	4	251.041	1	0	0	258.125
calibration	ConditionedQuartic	5	1.2475806451612901	0.1796875	0.3203125	1	conditioned-low-v1	0	42.374999999999972	0	0	0	260.83300000000003
calibration	ConditionedQuartic	5	1.2475806451612901	0.1796875	0.3203125	1	conditioned-low-v1	2	139.083	0	0	0	260.83300000000003
calibration	ConditionedQuartic	5	1.2475806451612901	0.1796875	0.3203125	1	conditioned-low-v1	3	186.75	1	0	0	260.83300000000003
calibration	ConditionedQuartic	5	1.2475806451612901	0.1796875	0.3203125	1	conditioned-low-v1	4	185.958	1	0	0	260.83300000000003
calibration	ConditionedQuartic	5	1.2475806451612901	0.1796875	0.3203125	1	conditioned-middle-v1	0	58.916999999999973	0	0	0	260.83300000000003
calibration	ConditionedQuartic	5	1.2475806451612901	0.1796875	0.3203125	1	conditioned-middle-v1	2	158.542	0	0	0	260.83300000000003
calibration	ConditionedQuartic	5	1.2475806451612901	0.1796875	0.3203125	1	conditioned-middle-v1	3	209.37499999999997	0	0	0	260.83300000000003
calibration	ConditionedQuartic	5	1.2475806451612901	0.1796875	0.3203125	1	conditioned-middle-v1	4	255.542	1	0	0	260.83300000000003
calibration	ConditionedQuartic	5	1.2475806451612901	0.1796875	0.3203125	1	conditioned-high-v1	0	59.209000000000003	0	0	0	260.83300000000003
calibration	ConditionedQuartic	5	1.2475806451612901	0.1796875	0.3203125	1	conditioned-high-v1	2	161.375	0	0	0	260.83300000000003
calibration	ConditionedQuartic	5	1.2475806451612901	0.1796875	0.3203125	1	conditioned-high-v1	3	210.25	0	0	0	260.83300000000003
calibration	ConditionedQuartic	5	1.2475806451612901	0.1796875	0.3203125	1	conditioned-high-v1	4	255.875	1	0	0	260.83300000000003
calibration	ConditionedQuartic	6	1.5137096774193546	0.2109375	0.2890625	1	conditioned-low-v1	0	43.292000000000002	0	0	0	211.375
calibration	ConditionedQuartic	6	1.5137096774193546	0.2109375	0.2890625	1	conditioned-low-v1	2	143.24999999999997	0	0	0	211.375
calibration	ConditionedQuartic	6	1.5137096774193546	0.2109375	0.2890625	1	conditioned-low-v1	3	190.625	1	0	0	211.375
calibration	ConditionedQuartic	6	1.5137096774193546	0.2109375	0.2890625	1	conditioned-low-v1	4	190.375	1	0	0	211.375
calibration	ConditionedQuartic	6	1.5137096774193546	0.2109375	0.2890625	1	conditioned-middle-v1	0	56.792000000000002	0	0	0	211.375
calibration	ConditionedQuartic	6	1.5137096774193546	0.2109375	0.2890625	1	conditioned-middle-v1	2	157.001	0	0	0	211.375
calibration	ConditionedQuartic	6	1.5137096774193546	0.2109375	0.2890625	1	conditioned-middle-v1	3	207.75	0	0	0	211.375
calibration	ConditionedQuartic	6	1.5137096774193546	0.2109375	0.2890625	1	conditioned-middle-v1	4	254.042	1	0	0	211.375
calibration	ConditionedQuartic	6	1.5137096774193546	0.2109375	0.2890625	1	conditioned-high-v1	0	58.250000000000028	0	0	0	211.375
calibration	ConditionedQuartic	6	1.5137096774193546	0.2109375	0.2890625	1	conditioned-high-v1	2	158.12400000000002	0	0	0	211.375
calibration	ConditionedQuartic	6	1.5137096774193546	0.2109375	0.2890625	1	conditioned-high-v1	3	209	0	0	0	211.375
calibration	ConditionedQuartic	6	1.5137096774193546	0.2109375	0.2890625	1	conditioned-high-v1	4	254.917	1	0	0	211.375
calibration	ConditionedQuartic	7	1.7798387096774193	0.2421875	0.2578125	1	conditioned-low-v1	0	44.083999999999946	0	0	0	258.375
calibration	ConditionedQuartic	7	1.7798387096774193	0.2421875	0.2578125	1	conditioned-low-v1	2	142.251	0	0	0	258.375
calibration	ConditionedQuartic	7	1.7798387096774193	0.2421875	0.2578125	1	conditioned-low-v1	3	188.041	1	0	0	258.375
calibration	ConditionedQuartic	7	1.7798387096774193	0.2421875	0.2578125	1	conditioned-low-v1	4	187.541	1	0	0	258.375
calibration	ConditionedQuartic	7	1.7798387096774193	0.2421875	0.2578125	1	conditioned-middle-v1	0	54.542000000000002	0	0	0	258.375
calibration	ConditionedQuartic	7	1.7798387096774193	0.2421875	0.2578125	1	conditioned-middle-v1	2	151.99999999999997	0	0	0	258.375
calibration	ConditionedQuartic	7	1.7798387096774193	0.2421875	0.2578125	1	conditioned-middle-v1	3	199.459	1	0	0	258.375
calibration	ConditionedQuartic	7	1.7798387096774193	0.2421875	0.2578125	1	conditioned-middle-v1	4	199.208	1	0	0	258.375
calibration	ConditionedQuartic	7	1.7798387096774193	0.2421875	0.2578125	1	conditioned-high-v1	0	57.083000000000027	0	0	0	258.375
calibration	ConditionedQuartic	7	1.7798387096774193	0.2421875	0.2578125	1	conditioned-high-v1	2	154.416	0	0	0	258.375
calibration	ConditionedQuartic	7	1.7798387096774193	0.2421875	0.2578125	1	conditioned-high-v1	3	204	0	0	0	258.375
calibration	ConditionedQuartic	7	1.7798387096774193	0.2421875	0.2578125	1	conditioned-high-v1	4	248.334	1	0	0	258.375
calibration	ConditionedQuartic	8	1.2717741935483868	0.2734375	0.2265625	1	conditioned-low-v1	0	44.458999999999975	0	0	0	258.041
calibration	ConditionedQuartic	8	1.2717741935483868	0.2734375	0.2265625	1	conditioned-low-v1	2	141.95899999999997	0	0	0	258.041
calibration	ConditionedQuartic	8	1.2717741935483868	0.2734375	0.2265625	1	conditioned-low-v1	3	187.792	1	0	0	258.041
calibration	ConditionedQuartic	8	1.2717741935483868	0.2734375	0.2265625	1	conditioned-low-v1	4	187.834	1	0	0	258.041
calibration	ConditionedQuartic	8	1.2717741935483868	0.2734375	0.2265625	1	conditioned-middle-v1	0	52.54200000000003	0	0	0	258.041
calibration	ConditionedQuartic	8	1.2717741935483868	0.2734375	0.2265625	1	conditioned-middle-v1	2	162.375	0	0	0	258.041
calibration	ConditionedQuartic	8	1.2717741935483868	0.2734375	0.2265625	1	conditioned-middle-v1	3	200.334	0	0	0	258.041
calibration	ConditionedQuartic	8	1.2717741935483868	0.2734375	0.2265625	1	conditioned-middle-v1	4	246.625	1	0	0	258.041
calibration	ConditionedQuartic	8	1.2717741935483868	0.2734375	0.2265625	1	conditioned-high-v1	0	56.458999999999975	0	0	0	258.041
calibration	ConditionedQuartic	8	1.2717741935483868	0.2734375	0.2265625	1	conditioned-high-v1	2	155.62499999999997	0	0	0	258.041
calibration	ConditionedQuartic	8	1.2717741935483868	0.2734375	0.2265625	1	conditioned-high-v1	3	205.91700000000003	0	0	0	258.041
calibration	ConditionedQuartic	8	1.2717741935483868	0.2734375	0.2265625	1	conditioned-high-v1	4	251.75	1	0	0	258.041
calibration	ConditionedQuartic	9	1.5379032258064513	0.3046875	0.1953125	1	conditioned-low-v1	0	45.625	0	0	0	206.708
calibration	ConditionedQuartic	9	1.5379032258064513	0.3046875	0.1953125	1	conditioned-low-v1	2	144.042	0	0	0	206.708
calibration	ConditionedQuartic	9	1.5379032258064513	0.3046875	0.1953125	1	conditioned-low-v1	3	189.834	1	0	0	206.708
calibration	ConditionedQuartic	9	1.5379032258064513	0.3046875	0.1953125	1	conditioned-low-v1	4	189.167	1	0	0	206.708
calibration	ConditionedQuartic	9	1.5379032258064513	0.3046875	0.1953125	1	conditioned-middle-v1	0	51.040999999999997	0	0	0	206.708
calibration	ConditionedQuartic	9	1.5379032258064513	0.3046875	0.1953125	1	conditioned-middle-v1	2	148.416	0	0	0	206.708
calibration	ConditionedQuartic	9	1.5379032258064513	0.3046875	0.1953125	1	conditioned-middle-v1	3	196.041	1	0	0	206.708
calibration	ConditionedQuartic	9	1.5379032258064513	0.3046875	0.1953125	1	conditioned-middle-v1	4	195.75	1	0	0	206.708
calibration	ConditionedQuartic	9	1.5379032258064513	0.3046875	0.1953125	1	conditioned-high-v1	0	55.040999999999997	0	0	0	206.708
calibration	ConditionedQuartic	9	1.5379032258064513	0.3046875	0.1953125	1	conditioned-high-v1	2	152.29200000000003	0	0	0	206.708
calibration	ConditionedQuartic	9	1.5379032258064513	0.3046875	0.1953125	1	conditioned-high-v1	3	202.79199999999997	0	0	0	206.708
calibration	ConditionedQuartic	9	1.5379032258064513	0.3046875	0.1953125	1	conditioned-high-v1	4	247	1	0	0	206.708
calibration	ConditionedQuartic	10	1.8040322580645158	0.3359375	0.1640625	1	conditioned-low-v1	0	45.874000000000024	0	0	0	258.541
calibration	ConditionedQuartic	10	1.8040322580645158	0.3359375	0.1640625	1	conditioned-low-v1	2	143.20800000000003	0	0	0	258.541
calibration	ConditionedQuartic	10	1.8040322580645158	0.3359375	0.1640625	1	conditioned-low-v1	3	190.166	1	0	0	258.541
calibration	ConditionedQuartic	10	1.8040322580645158	0.3359375	0.1640625	1	conditioned-low-v1	4	190.083	1	0	0	258.541
calibration	ConditionedQuartic	10	1.8040322580645158	0.3359375	0.1640625	1	conditioned-middle-v1	0	49.291000000000025	0	0	0	258.541
calibration	ConditionedQuartic	10	1.8040322580645158	0.3359375	0.1640625	1	conditioned-middle-v1	2	146.79300000000001	0	0	0	258.541
calibration	ConditionedQuartic	10	1.8040322580645158	0.3359375	0.1640625	1	conditioned-middle-v1	3	193.458	1	0	0	258.541
calibration	ConditionedQuartic	10	1.8040322580645158	0.3359375	0.1640625	1	conditioned-middle-v1	4	193.666	1	0	0	258.541
calibration	ConditionedQuartic	10	1.8040322580645158	0.3359375	0.1640625	1	conditioned-high-v1	0	54.042000000000002	0	0	0	258.541
calibration	ConditionedQuartic	10	1.8040322580645158	0.3359375	0.1640625	1	conditioned-high-v1	2	151.37499999999997	0	0	0	258.541
calibration	ConditionedQuartic	10	1.8040322580645158	0.3359375	0.1640625	1	conditioned-high-v1	3	198.917	1	0	0	258.541
calibration	ConditionedQuartic	10	1.8040322580645158	0.3359375	0.1640625	1	conditioned-high-v1	4	198.583	1	0	0	258.541
calibration	ConditionedQuartic	11	1.2959677419354838	0.3671875	0.1328125	1	conditioned-low-v1	0	46.5	0	0	0	253.916
calibration	ConditionedQuartic	11	1.2959677419354838	0.3671875	0.1328125	1	conditioned-low-v1	2	143.709	0	0	0	253.916
calibration	ConditionedQuartic	11	1.2959677419354838	0.3671875	0.1328125	1	conditioned-low-v1	3	190.708	1	0	0	253.916
calibration	ConditionedQuartic	11	1.2959677419354838	0.3671875	0.1328125	1	conditioned-low-v1	4	190.667	1	0	0	253.916
calibration	ConditionedQuartic	11	1.2959677419354838	0.3671875	0.1328125	1	conditioned-middle-v1	0	47.792000000000002	0	0	0	253.916
calibration	ConditionedQuartic	11	1.2959677419354838	0.3671875	0.1328125	1	conditioned-middle-v1	2	145.624	0	0	0	253.916
calibration	ConditionedQuartic	11	1.2959677419354838	0.3671875	0.1328125	1	conditioned-middle-v1	3	192.209	1	0	0	253.916
calibration	ConditionedQuartic	11	1.2959677419354838	0.3671875	0.1328125	1	conditioned-middle-v1	4	192.292	1	0	0	253.916
calibration	ConditionedQuartic	11	1.2959677419354838	0.3671875	0.1328125	1	conditioned-high-v1	0	53.167000000000002	0	0	0	253.916
calibration	ConditionedQuartic	11	1.2959677419354838	0.3671875	0.1328125	1	conditioned-high-v1	2	150.666	0	0	0	253.916
calibration	ConditionedQuartic	11	1.2959677419354838	0.3671875	0.1328125	1	conditioned-high-v1	3	200.708	0	0	0	253.916
calibration	ConditionedQuartic	11	1.2959677419354838	0.3671875	0.1328125	1	conditioned-high-v1	4	245.334	1	0	0	253.916
calibration	ConditionedQuartic	12	1.5620967741935483	0.3984375	0.1015625	1	conditioned-low-v1	0	47.373999999999995	0	0	0	206.167
calibration	ConditionedQuartic	12	1.5620967741935483	0.3984375	0.1015625	1	conditioned-low-v1	2	144.75	0	0	0	206.167
calibration	ConditionedQuartic	12	1.5620967741935483	0.3984375	0.1015625	1	conditioned-low-v1	3	193.083	1	0	0	206.167
calibration	ConditionedQuartic	12	1.5620967741935483	0.3984375	0.1015625	1	conditioned-low-v1	4	190.625	1	0	0	206.167
calibration	ConditionedQuartic	12	1.5620967741935483	0.3984375	0.1015625	1	conditioned-middle-v1	0	46.207999999999998	0	0	0	206.167
calibration	ConditionedQuartic	12	1.5620967741935483	0.3984375	0.1015625	1	conditioned-middle-v1	2	142.709	0	0	0	206.167
calibration	ConditionedQuartic	12	1.5620967741935483	0.3984375	0.1015625	1	conditioned-middle-v1	3	189.042	1	0	0	206.167
calibration	ConditionedQuartic	12	1.5620967741935483	0.3984375	0.1015625	1	conditioned-middle-v1	4	189.959	1	0	0	206.167
calibration	ConditionedQuartic	12	1.5620967741935483	0.3984375	0.1015625	1	conditioned-high-v1	0	52.334000000000003	0	0	0	206.167
calibration	ConditionedQuartic	12	1.5620967741935483	0.3984375	0.1015625	1	conditioned-high-v1	2	149.16600000000003	0	0	0	206.167
calibration	ConditionedQuartic	12	1.5620967741935483	0.3984375	0.1015625	1	conditioned-high-v1	3	198.166	0	0	0	206.167
calibration	ConditionedQuartic	12	1.5620967741935483	0.3984375	0.1015625	1	conditioned-high-v1	4	243.75	1	0	0	206.167
calibration	ConditionedQuartic	13	1.8282258064516128	0.4296875	0.0703125	1	conditioned-low-v1	0	47.834000000000003	0	0	0	260.375
calibration	ConditionedQuartic	13	1.8282258064516128	0.4296875	0.0703125	1	conditioned-low-v1	2	145.12500000000003	0	0	0	260.375
calibration	ConditionedQuartic	13	1.8282258064516128	0.4296875	0.0703125	1	conditioned-low-v1	3	191	1	0	0	260.375
calibration	ConditionedQuartic	13	1.8282258064516128	0.4296875	0.0703125	1	conditioned-low-v1	4	209.083	1	0	0	260.375
calibration	ConditionedQuartic	13	1.8282258064516128	0.4296875	0.0703125	1	conditioned-middle-v1	0	45.458000000000027	0	0	0	260.375
calibration	ConditionedQuartic	13	1.8282258064516128	0.4296875	0.0703125	1	conditioned-middle-v1	2	142.875	0	0	0	260.375
calibration	ConditionedQuartic	13	1.8282258064516128	0.4296875	0.0703125	1	conditioned-middle-v1	3	189.458	1	0	0	260.375
calibration	ConditionedQuartic	13	1.8282258064516128	0.4296875	0.0703125	1	conditioned-middle-v1	4	190.042	1	0	0	260.375
calibration	ConditionedQuartic	13	1.8282258064516128	0.4296875	0.0703125	1	conditioned-high-v1	0	51.25	0	0	0	260.375
calibration	ConditionedQuartic	13	1.8282258064516128	0.4296875	0.0703125	1	conditioned-high-v1	2	151.45899999999997	0	0	0	260.375
calibration	ConditionedQuartic	13	1.8282258064516128	0.4296875	0.0703125	1	conditioned-high-v1	3	196.833	1	0	0	260.375
calibration	ConditionedQuartic	13	1.8282258064516128	0.4296875	0.0703125	1	conditioned-high-v1	4	197.542	1	0	0	260.375
calibration	ConditionedQuartic	14	1.3201612903225806	0.4609375	0.0390625	1	conditioned-low-v1	0	49.582999999999998	0	0	0	207.458
calibration	ConditionedQuartic	14	1.3201612903225806	0.4609375	0.0390625	1	conditioned-low-v1	2	146.166	0	0	0	207.458
calibration	ConditionedQuartic	14	1.3201612903225806	0.4609375	0.0390625	1	conditioned-low-v1	3	193.333	1	0	0	207.458
calibration	ConditionedQuartic	14	1.3201612903225806	0.4609375	0.0390625	1	conditioned-low-v1	4	192.75	1	0	0	207.458
calibration	ConditionedQuartic	14	1.3201612903225806	0.4609375	0.0390625	1	conditioned-middle-v1	0	40.540999999999997	1	0	0	207.458
calibration	ConditionedQuartic	14	1.3201612903225806	0.4609375	0.0390625	1	conditioned-middle-v1	2	40.292000000000002	1	0	0	207.458
calibration	ConditionedQuartic	14	1.3201612903225806	0.4609375	0.0390625	1	conditioned-middle-v1	3	40.25	1	0	0	207.458
calibration	ConditionedQuartic	14	1.3201612903225806	0.4609375	0.0390625	1	conditioned-middle-v1	4	40.457999999999998	1	0	0	207.458
calibration	ConditionedQuartic	14	1.3201612903225806	0.4609375	0.0390625	1	conditioned-high-v1	0	50.540999999999997	0	0	0	207.458
calibration	ConditionedQuartic	14	1.3201612903225806	0.4609375	0.0390625	1	conditioned-high-v1	2	147.792	0	0	0	207.458
calibration	ConditionedQuartic	14	1.3201612903225806	0.4609375	0.0390625	1	conditioned-high-v1	3	197.75	0	0	0	207.458
calibration	ConditionedQuartic	14	1.3201612903225806	0.4609375	0.0390625	1	conditioned-high-v1	4	243.208	1	0	0	207.458
calibration	ConditionedQuartic	15	1.5862903225806451	0.4921875	0.0078125	1	conditioned-low-v1	0	49.582999999999998	0	0	0	207.375
calibration	ConditionedQuartic	15	1.5862903225806451	0.4921875	0.0078125	1	conditioned-low-v1	2	146.79199999999997	0	0	0	207.375
calibration	ConditionedQuartic	15	1.5862903225806451	0.4921875	0.0078125	1	conditioned-low-v1	3	194.125	1	0	0	207.375
calibration	ConditionedQuartic	15	1.5862903225806451	0.4921875	0.0078125	1	conditioned-low-v1	4	193.458	1	0	0	207.375
calibration	ConditionedQuartic	15	1.5862903225806451	0.4921875	0.0078125	1	conditioned-middle-v1	0	38.915999999999997	1	0	0	207.375
calibration	ConditionedQuartic	15	1.5862903225806451	0.4921875	0.0078125	1	conditioned-middle-v1	2	39	1	0	0	207.375
calibration	ConditionedQuartic	15	1.5862903225806451	0.4921875	0.0078125	1	conditioned-middle-v1	3	38.957999999999998	1	0	0	207.375
calibration	ConditionedQuartic	15	1.5862903225806451	0.4921875	0.0078125	1	conditioned-middle-v1	4	39	1	0	0	207.375
calibration	ConditionedQuartic	15	1.5862903225806451	0.4921875	0.0078125	1	conditioned-high-v1	0	49.625	0	0	0	207.375
calibration	ConditionedQuartic	15	1.5862903225806451	0.4921875	0.0078125	1	conditioned-high-v1	2	147.167	0	0	0	207.375
calibration	ConditionedQuartic	15	1.5862903225806451	0.4921875	0.0078125	1	conditioned-high-v1	3	194.875	1	0	0	207.375
calibration	ConditionedQuartic	15	1.5862903225806451	0.4921875	0.0078125	1	conditioned-high-v1	4	193.25	1	0	0	207.375
calibration	ConditionedQuartic	16	1.8524193548387093	0.5234375	0.0234375	1	conditioned-low-v1	0	50.165999999999997	0	0	0	258.75
calibration	ConditionedQuartic	16	1.8524193548387093	0.5234375	0.0234375	1	conditioned-low-v1	2	147.583	0	0	0	258.75
calibration	ConditionedQuartic	16	1.8524193548387093	0.5234375	0.0234375	1	conditioned-low-v1	3	194.209	1	0	0	258.75
calibration	ConditionedQuartic	16	1.8524193548387093	0.5234375	0.0234375	1	conditioned-low-v1	4	193.791	1	0	0	258.75
calibration	ConditionedQuartic	16	1.8524193548387093	0.5234375	0.0234375	1	conditioned-middle-v1	0	39.625	1	0	0	258.75
calibration	ConditionedQuartic	16	1.8524193548387093	0.5234375	0.0234375	1	conditioned-middle-v1	2	39.707999999999998	1	0	0	258.75
calibration	ConditionedQuartic	16	1.8524193548387093	0.5234375	0.0234375	1	conditioned-middle-v1	3	39.707999999999998	1	0	0	258.75
calibration	ConditionedQuartic	16	1.8524193548387093	0.5234375	0.0234375	1	conditioned-middle-v1	4	39.625	1	0	0	258.75
calibration	ConditionedQuartic	16	1.8524193548387093	0.5234375	0.0234375	1	conditioned-high-v1	0	48.832999999999998	0	0	0	258.75
calibration	ConditionedQuartic	16	1.8524193548387093	0.5234375	0.0234375	1	conditioned-high-v1	2	146.541	0	0	0	258.75
calibration	ConditionedQuartic	16	1.8524193548387093	0.5234375	0.0234375	1	conditioned-high-v1	3	192.958	1	0	0	258.75
calibration	ConditionedQuartic	16	1.8524193548387093	0.5234375	0.0234375	1	conditioned-high-v1	4	191.084	1	0	0	258.75
calibration	ConditionedQuartic	17	1.3443548387096773	0.5546875	0.0546875	1	conditioned-low-v1	0	50.957999999999998	0	0	0	206.791
calibration	ConditionedQuartic	17	1.3443548387096773	0.5546875	0.0546875	1	conditioned-low-v1	2	147.792	0	0	0	206.791
calibration	ConditionedQuartic	17	1.3443548387096773	0.5546875	0.0546875	1	conditioned-low-v1	3	198.333	0	0	0	206.791
calibration	ConditionedQuartic	17	1.3443548387096773	0.5546875	0.0546875	1	conditioned-low-v1	4	244.042	1	0	0	206.791
calibration	ConditionedQuartic	17	1.3443548387096773	0.5546875	0.0546875	1	conditioned-middle-v1	0	44.125	0	0	0	206.791
calibration	ConditionedQuartic	17	1.3443548387096773	0.5546875	0.0546875	1	conditioned-middle-v1	2	142.04199999999997	0	0	0	206.791
calibration	ConditionedQuartic	17	1.3443548387096773	0.5546875	0.0546875	1	conditioned-middle-v1	3	188.708	1	0	0	206.791
calibration	ConditionedQuartic	17	1.3443548387096773	0.5546875	0.0546875	1	conditioned-middle-v1	4	188.291	1	0	0	206.791
calibration	ConditionedQuartic	17	1.3443548387096773	0.5546875	0.0546875	1	conditioned-high-v1	0	48.082999999999998	0	0	0	206.791
calibration	ConditionedQuartic	17	1.3443548387096773	0.5546875	0.0546875	1	conditioned-high-v1	2	145.5	0	0	0	206.791
calibration	ConditionedQuartic	17	1.3443548387096773	0.5546875	0.0546875	1	conditioned-high-v1	3	192.458	1	0	0	206.791
calibration	ConditionedQuartic	17	1.3443548387096773	0.5546875	0.0546875	1	conditioned-high-v1	4	192.958	1	0	0	206.791
calibration	ConditionedQuartic	18	1.6104838709677418	0.5859375	0.0859375	1	conditioned-low-v1	0	51.915999999999997	0	0	0	256.416
calibration	ConditionedQuartic	18	1.6104838709677418	0.5859375	0.0859375	1	conditioned-low-v1	2	150.08300000000003	0	0	0	256.416
calibration	ConditionedQuartic	18	1.6104838709677418	0.5859375	0.0859375	1	conditioned-low-v1	3	196.042	1	0	0	256.416
calibration	ConditionedQuartic	18	1.6104838709677418	0.5859375	0.0859375	1	conditioned-low-v1	4	196	1	0	0	256.416
calibration	ConditionedQuartic	18	1.6104838709677418	0.5859375	0.0859375	1	conditioned-middle-v1	0	45.375999999999976	0	0	0	256.416
calibration	ConditionedQuartic	18	1.6104838709677418	0.5859375	0.0859375	1	conditioned-middle-v1	2	142.958	0	0	0	256.416
calibration	ConditionedQuartic	18	1.6104838709677418	0.5859375	0.0859375	1	conditioned-middle-v1	3	189.416	1	0	0	256.416
calibration	ConditionedQuartic	18	1.6104838709677418	0.5859375	0.0859375	1	conditioned-middle-v1	4	189.083	1	0	0	256.416
calibration	ConditionedQuartic	18	1.6104838709677418	0.5859375	0.0859375	1	conditioned-high-v1	0	47.208999999999975	0	0	0	256.416
calibration	ConditionedQuartic	18	1.6104838709677418	0.5859375	0.0859375	1	conditioned-high-v1	2	145.125	0	0	0	256.416
calibration	ConditionedQuartic	18	1.6104838709677418	0.5859375	0.0859375	1	conditioned-high-v1	3	192.167	1	0	0	256.416
calibration	ConditionedQuartic	18	1.6104838709677418	0.5859375	0.0859375	1	conditioned-high-v1	4	191.875	1	0	0	256.416
calibration	ConditionedQuartic	19	1.8766129032258063	0.6171875	0.1171875	1	conditioned-low-v1	0	52.625999999999976	0	0	0	258.625
calibration	ConditionedQuartic	19	1.8766129032258063	0.6171875	0.1171875	1	conditioned-low-v1	2	152.79199999999997	0	0	0	258.625
calibration	ConditionedQuartic	19	1.8766129032258063	0.6171875	0.1171875	1	conditioned-low-v1	3	197.417	1	0	0	258.625
calibration	ConditionedQuartic	19	1.8766129032258063	0.6171875	0.1171875	1	conditioned-low-v1	4	196.917	1	0	0	258.625
calibration	ConditionedQuartic	19	1.8766129032258063	0.6171875	0.1171875	1	conditioned-middle-v1	0	46.790999999999997	0	0	0	258.625
calibration	ConditionedQuartic	19	1.8766129032258063	0.6171875	0.1171875	1	conditioned-middle-v1	2	144.62500000000003	0	0	0	258.625
calibration	ConditionedQuartic	19	1.8766129032258063	0.6171875	0.1171875	1	conditioned-middle-v1	3	191.666	1	0	0	258.625
calibration	ConditionedQuartic	19	1.8766129032258063	0.6171875	0.1171875	1	conditioned-middle-v1	4	191.208	1	0	0	258.625
calibration	ConditionedQuartic	19	1.8766129032258063	0.6171875	0.1171875	1	conditioned-high-v1	0	46.458999999999975	0	0	0	258.625
calibration	ConditionedQuartic	19	1.8766129032258063	0.6171875	0.1171875	1	conditioned-high-v1	2	143.917	0	0	0	258.625
calibration	ConditionedQuartic	19	1.8766129032258063	0.6171875	0.1171875	1	conditioned-high-v1	3	191.625	1	0	0	258.625
calibration	ConditionedQuartic	19	1.8766129032258063	0.6171875	0.1171875	1	conditioned-high-v1	4	191.334	1	0	0	258.625
calibration	ConditionedQuartic	20	1.3685483870967741	0.6484375	0.1484375	1	conditioned-low-v1	0	58.25	0	0	0	207.5
calibration	ConditionedQuartic	20	1.3685483870967741	0.6484375	0.1484375	1	conditioned-low-v1	2	152	0	0	0	207.5
calibration	ConditionedQuartic	20	1.3685483870967741	0.6484375	0.1484375	1	conditioned-low-v1	3	202.001	0	0	0	207.5
calibration	ConditionedQuartic	20	1.3685483870967741	0.6484375	0.1484375	1	conditioned-low-v1	4	244.041	1	0	0	207.5
calibration	ConditionedQuartic	20	1.3685483870967741	0.6484375	0.1484375	1	conditioned-middle-v1	0	48.748999999999995	0	0	0	207.5
calibration	ConditionedQuartic	20	1.3685483870967741	0.6484375	0.1484375	1	conditioned-middle-v1	2	146.66699999999997	0	0	0	207.5
calibration	ConditionedQuartic	20	1.3685483870967741	0.6484375	0.1484375	1	conditioned-middle-v1	3	193.334	1	0	0	207.5
calibration	ConditionedQuartic	20	1.3685483870967741	0.6484375	0.1484375	1	conditioned-middle-v1	4	192.708	1	0	0	207.5
calibration	ConditionedQuartic	20	1.3685483870967741	0.6484375	0.1484375	1	conditioned-high-v1	0	45.875	0	0	0	207.5
calibration	ConditionedQuartic	20	1.3685483870967741	0.6484375	0.1484375	1	conditioned-high-v1	2	144.042	0	0	0	207.5
calibration	ConditionedQuartic	20	1.3685483870967741	0.6484375	0.1484375	1	conditioned-high-v1	3	191.042	1	0	0	207.5
calibration	ConditionedQuartic	20	1.3685483870967741	0.6484375	0.1484375	1	conditioned-high-v1	4	190.708	1	0	0	207.5
calibration	ConditionedQuartic	21	1.6346774193548386	0.6796875	0.1796875	1	conditioned-low-v1	0	54.791999999999973	0	0	0	258.959
calibration	ConditionedQuartic	21	1.6346774193548386	0.6796875	0.1796875	1	conditioned-low-v1	2	154.541	0	0	0	258.959
calibration	ConditionedQuartic	21	1.6346774193548386	0.6796875	0.1796875	1	conditioned-low-v1	3	204.542	0	0	0	258.959
calibration	ConditionedQuartic	21	1.6346774193548386	0.6796875	0.1796875	1	conditioned-low-v1	4	246.208	1	0	0	258.959
calibration	ConditionedQuartic	21	1.6346774193548386	0.6796875	0.1796875	1	conditioned-middle-v1	0	50.083999999999975	0	0	0	258.959
calibration	ConditionedQuartic	21	1.6346774193548386	0.6796875	0.1796875	1	conditioned-middle-v1	2	148.292	0	0	0	258.959
calibration	ConditionedQuartic	21	1.6346774193548386	0.6796875	0.1796875	1	conditioned-middle-v1	3	194.833	1	0	0	258.959
calibration	ConditionedQuartic	21	1.6346774193548386	0.6796875	0.1796875	1	conditioned-middle-v1	4	196.459	1	0	0	258.959
calibration	ConditionedQuartic	21	1.6346774193548386	0.6796875	0.1796875	1	conditioned-high-v1	0	45.16700000000003	0	0	0	258.959
calibration	ConditionedQuartic	21	1.6346774193548386	0.6796875	0.1796875	1	conditioned-high-v1	2	142.916	0	0	0	258.959
calibration	ConditionedQuartic	21	1.6346774193548386	0.6796875	0.1796875	1	conditioned-high-v1	3	190.167	1	0	0	258.959
calibration	ConditionedQuartic	21	1.6346774193548386	0.6796875	0.1796875	1	conditioned-high-v1	4	189.916	1	0	0	258.959
calibration	ConditionedQuartic	22	1.9008064516129031	0.7109375	0.2109375	1	conditioned-low-v1	0	55.457999999999998	0	0	0	259.54199999999997
calibration	ConditionedQuartic	22	1.9008064516129031	0.7109375	0.2109375	1	conditioned-low-v1	2	153.41699999999997	0	0	0	259.54199999999997
calibration	ConditionedQuartic	22	1.9008064516129031	0.7109375	0.2109375	1	conditioned-low-v1	3	203.833	0	0	0	259.54199999999997
calibration	ConditionedQuartic	22	1.9008064516129031	0.7109375	0.2109375	1	conditioned-low-v1	4	248.208	1	0	0	259.54199999999997
calibration	ConditionedQuartic	22	1.9008064516129031	0.7109375	0.2109375	1	conditioned-middle-v1	0	51.665999999999997	0	0	0	259.54199999999997
calibration	ConditionedQuartic	22	1.9008064516129031	0.7109375	0.2109375	1	conditioned-middle-v1	2	149.25099999999998	0	0	0	259.54199999999997
calibration	ConditionedQuartic	22	1.9008064516129031	0.7109375	0.2109375	1	conditioned-middle-v1	3	196.25	1	0	0	259.54199999999997
calibration	ConditionedQuartic	22	1.9008064516129031	0.7109375	0.2109375	1	conditioned-middle-v1	4	196.25	1	0	0	259.54199999999997
calibration	ConditionedQuartic	22	1.9008064516129031	0.7109375	0.2109375	1	conditioned-high-v1	0	44.25	0	0	0	259.54199999999997
calibration	ConditionedQuartic	22	1.9008064516129031	0.7109375	0.2109375	1	conditioned-high-v1	2	142.333	0	0	0	259.54199999999997
calibration	ConditionedQuartic	22	1.9008064516129031	0.7109375	0.2109375	1	conditioned-high-v1	3	188.667	1	0	0	259.54199999999997
calibration	ConditionedQuartic	22	1.9008064516129031	0.7109375	0.2109375	1	conditioned-high-v1	4	188.125	1	0	0	259.54199999999997
calibration	ConditionedQuartic	23	1.3927419354838708	0.7421875	0.2421875	1	conditioned-low-v1	0	56.709000000000003	0	0	0	206.458
calibration	ConditionedQuartic	23	1.3927419354838708	0.7421875	0.2421875	1	conditioned-low-v1	2	154.41699999999997	0	0	0	206.458
calibration	ConditionedQuartic	23	1.3927419354838708	0.7421875	0.2421875	1	conditioned-low-v1	3	202.70800000000003	0	0	0	206.458
calibration	ConditionedQuartic	23	1.3927419354838708	0.7421875	0.2421875	1	conditioned-low-v1	4	248.584	1	0	0	206.458
calibration	ConditionedQuartic	23	1.3927419354838708	0.7421875	0.2421875	1	conditioned-middle-v1	0	53.415999999999997	0	0	0	206.458
calibration	ConditionedQuartic	23	1.3927419354838708	0.7421875	0.2421875	1	conditioned-middle-v1	2	152.5	0	0	0	206.458
calibration	ConditionedQuartic	23	1.3927419354838708	0.7421875	0.2421875	1	conditioned-middle-v1	3	200.125	1	0	0	206.458
calibration	ConditionedQuartic	23	1.3927419354838708	0.7421875	0.2421875	1	conditioned-middle-v1	4	198.292	1	0	0	206.458
calibration	ConditionedQuartic	23	1.3927419354838708	0.7421875	0.2421875	1	conditioned-high-v1	0	43.832999999999998	0	0	0	206.458
calibration	ConditionedQuartic	23	1.3927419354838708	0.7421875	0.2421875	1	conditioned-high-v1	2	141.20899999999997	0	0	0	206.458
calibration	ConditionedQuartic	23	1.3927419354838708	0.7421875	0.2421875	1	conditioned-high-v1	3	187.917	1	0	0	206.458
calibration	ConditionedQuartic	23	1.3927419354838708	0.7421875	0.2421875	1	conditioned-high-v1	4	188.042	1	0	0	206.458
calibration	ConditionedQuartic	24	1.6588709677419353	0.7734375	0.2734375	1	conditioned-low-v1	0	57.25	0	0	0	257.04199999999997
calibration	ConditionedQuartic	24	1.6588709677419353	0.7734375	0.2734375	1	conditioned-low-v1	2	156.37400000000002	0	0	0	257.04199999999997
calibration	ConditionedQuartic	24	1.6588709677419353	0.7734375	0.2734375	1	conditioned-low-v1	3	205.375	0	0	0	257.04199999999997
calibration	ConditionedQuartic	24	1.6588709677419353	0.7734375	0.2734375	1	conditioned-low-v1	4	249.917	1	0	0	257.04199999999997
calibration	ConditionedQuartic	24	1.6588709677419353	0.7734375	0.2734375	1	conditioned-middle-v1	0	55.290999999999997	0	0	0	257.04199999999997
calibration	ConditionedQuartic	24	1.6588709677419353	0.7734375	0.2734375	1	conditioned-middle-v1	2	151.708	0	0	0	257.04199999999997
calibration	ConditionedQuartic	24	1.6588709677419353	0.7734375	0.2734375	1	conditioned-middle-v1	3	200.625	1	0	0	257.04199999999997
calibration	ConditionedQuartic	24	1.6588709677419353	0.7734375	0.2734375	1	conditioned-middle-v1	4	199.75	1	0	0	257.04199999999997
calibration	ConditionedQuartic	24	1.6588709677419353	0.7734375	0.2734375	1	conditioned-high-v1	0	42.917000000000002	0	0	0	257.04199999999997
calibration	ConditionedQuartic	24	1.6588709677419353	0.7734375	0.2734375	1	conditioned-high-v1	2	140.74900000000002	0	0	0	257.04199999999997
calibration	ConditionedQuartic	24	1.6588709677419353	0.7734375	0.2734375	1	conditioned-high-v1	3	187.625	1	0	0	257.04199999999997
calibration	ConditionedQuartic	24	1.6588709677419353	0.7734375	0.2734375	1	conditioned-high-v1	4	189.5	1	0	0	257.04199999999997
calibration	ConditionedQuartic	25	1.9249999999999998	0.8046875	0.3046875	1	conditioned-low-v1	0	58.334000000000003	0	0	0	258.916
calibration	ConditionedQuartic	25	1.9249999999999998	0.8046875	0.3046875	1	conditioned-low-v1	2	155.208	0	0	0	258.916
calibration	ConditionedQuartic	25	1.9249999999999998	0.8046875	0.3046875	1	conditioned-low-v1	3	205	0	0	0	258.916
calibration	ConditionedQuartic	25	1.9249999999999998	0.8046875	0.3046875	1	conditioned-low-v1	4	250.542	1	0	0	258.916
calibration	ConditionedQuartic	25	1.9249999999999998	0.8046875	0.3046875	1	conditioned-middle-v1	0	57.249999999999972	0	0	0	258.916
calibration	ConditionedQuartic	25	1.9249999999999998	0.8046875	0.3046875	1	conditioned-middle-v1	2	154.625	0	0	0	258.916
calibration	ConditionedQuartic	25	1.9249999999999998	0.8046875	0.3046875	1	conditioned-middle-v1	3	201.5	1	0	0	258.916
calibration	ConditionedQuartic	25	1.9249999999999998	0.8046875	0.3046875	1	conditioned-middle-v1	4	202.042	1	0	0	258.916
calibration	ConditionedQuartic	25	1.9249999999999998	0.8046875	0.3046875	1	conditioned-high-v1	0	42.33299999999997	0	0	0	258.916
calibration	ConditionedQuartic	25	1.9249999999999998	0.8046875	0.3046875	1	conditioned-high-v1	2	140.834	0	0	0	258.916
calibration	ConditionedQuartic	25	1.9249999999999998	0.8046875	0.3046875	1	conditioned-high-v1	3	187	1	0	0	258.916
calibration	ConditionedQuartic	25	1.9249999999999998	0.8046875	0.3046875	1	conditioned-high-v1	4	186.542	1	0	0	258.916
calibration	ConditionedQuartic	26	1.4169354838709676	0.8359375	0.3359375	1	conditioned-low-v1	0	59.625	0	0	0	207.042
calibration	ConditionedQuartic	26	1.4169354838709676	0.8359375	0.3359375	1	conditioned-low-v1	2	157.12500000000003	0	0	0	207.042
calibration	ConditionedQuartic	26	1.4169354838709676	0.8359375	0.3359375	1	conditioned-low-v1	3	206.958	0	0	0	207.042
calibration	ConditionedQuartic	26	1.4169354838709676	0.8359375	0.3359375	1	conditioned-low-v1	4	250.375	1	0	0	207.042
calibration	ConditionedQuartic	26	1.4169354838709676	0.8359375	0.3359375	1	conditioned-middle-v1	0	59.25	0	0	0	207.042
calibration	ConditionedQuartic	26	1.4169354838709676	0.8359375	0.3359375	1	conditioned-middle-v1	2	156.5	0	0	0	207.042
calibration	ConditionedQuartic	26	1.4169354838709676	0.8359375	0.3359375	1	conditioned-middle-v1	3	207.49999999999997	0	0	0	207.042
calibration	ConditionedQuartic	26	1.4169354838709676	0.8359375	0.3359375	1	conditioned-middle-v1	4	252.208	1	0	0	207.042
calibration	ConditionedQuartic	26	1.4169354838709676	0.8359375	0.3359375	1	conditioned-high-v1	0	41.498999999999995	0	0	0	207.042
calibration	ConditionedQuartic	26	1.4169354838709676	0.8359375	0.3359375	1	conditioned-high-v1	2	139.499	0	0	0	207.042
calibration	ConditionedQuartic	26	1.4169354838709676	0.8359375	0.3359375	1	conditioned-high-v1	3	187.959	1	0	0	207.042
calibration	ConditionedQuartic	26	1.4169354838709676	0.8359375	0.3359375	1	conditioned-high-v1	4	186.25	1	0	0	207.042
calibration	ConditionedQuartic	27	1.6830645161290321	0.8671875	0.3671875	1	conditioned-low-v1	0	60.58299999999997	0	0	0	256.66699999999997
calibration	ConditionedQuartic	27	1.6830645161290321	0.8671875	0.3671875	1	conditioned-low-v1	2	156.167	0	0	0	256.66699999999997
calibration	ConditionedQuartic	27	1.6830645161290321	0.8671875	0.3671875	1	conditioned-low-v1	3	207.124	0	0	0	256.66699999999997
calibration	ConditionedQuartic	27	1.6830645161290321	0.8671875	0.3671875	1	conditioned-low-v1	4	252.875	1	0	0	256.66699999999997
calibration	ConditionedQuartic	27	1.6830645161290321	0.8671875	0.3671875	1	conditioned-middle-v1	0	61.501000000000005	0	0	0	256.66699999999997
calibration	ConditionedQuartic	27	1.6830645161290321	0.8671875	0.3671875	1	conditioned-middle-v1	2	158.709	0	0	0	256.66699999999997
calibration	ConditionedQuartic	27	1.6830645161290321	0.8671875	0.3671875	1	conditioned-middle-v1	3	208.99900000000002	0	0	0	256.66699999999997
calibration	ConditionedQuartic	27	1.6830645161290321	0.8671875	0.3671875	1	conditioned-middle-v1	4	253.75	1	0	0	256.66699999999997
calibration	ConditionedQuartic	27	1.6830645161290321	0.8671875	0.3671875	1	conditioned-high-v1	0	41.167000000000002	0	0	0	256.66699999999997
calibration	ConditionedQuartic	27	1.6830645161290321	0.8671875	0.3671875	1	conditioned-high-v1	2	138.541	0	0	0	256.66699999999997
calibration	ConditionedQuartic	27	1.6830645161290321	0.8671875	0.3671875	1	conditioned-high-v1	3	185.125	1	0	0	256.66699999999997
calibration	ConditionedQuartic	27	1.6830645161290321	0.8671875	0.3671875	1	conditioned-high-v1	4	186.083	1	0	0	256.66699999999997
calibration	ConditionedQuartic	28	1.1749999999999998	0.8984375	0.3984375	1	conditioned-low-v1	0	61.792000000000002	0	0	0	203.75
calibration	ConditionedQuartic	28	1.1749999999999998	0.8984375	0.3984375	1	conditioned-low-v1	2	159.542	0	0	0	203.75
calibration	ConditionedQuartic	28	1.1749999999999998	0.8984375	0.3984375	1	conditioned-low-v1	3	208.58300000000003	0	0	0	203.75
calibration	ConditionedQuartic	28	1.1749999999999998	0.8984375	0.3984375	1	conditioned-low-v1	4	254.125	1	0	0	203.75
calibration	ConditionedQuartic	28	1.1749999999999998	0.8984375	0.3984375	1	conditioned-middle-v1	0	63.498999999999995	0	0	0	203.75
calibration	ConditionedQuartic	28	1.1749999999999998	0.8984375	0.3984375	1	conditioned-middle-v1	2	161.16699999999997	0	0	0	203.75
calibration	ConditionedQuartic	28	1.1749999999999998	0.8984375	0.3984375	1	conditioned-middle-v1	3	211.292	0	0	0	203.75
calibration	ConditionedQuartic	28	1.1749999999999998	0.8984375	0.3984375	1	conditioned-middle-v1	4	254.208	1	0	0	203.75
calibration	ConditionedQuartic	28	1.1749999999999998	0.8984375	0.3984375	1	conditioned-high-v1	0	40.417000000000002	0	0	0	203.75
calibration	ConditionedQuartic	28	1.1749999999999998	0.8984375	0.3984375	1	conditioned-high-v1	2	138.16600000000003	0	0	0	203.75
calibration	ConditionedQuartic	28	1.1749999999999998	0.8984375	0.3984375	1	conditioned-high-v1	3	186.792	1	0	0	203.75
calibration	ConditionedQuartic	28	1.1749999999999998	0.8984375	0.3984375	1	conditioned-high-v1	4	184.917	1	0	0	203.75
calibration	ConditionedQuartic	29	1.4411290322580643	0.9296875	0.4296875	1	conditioned-low-v1	0	62.5	0	0	0	207
calibration	ConditionedQuartic	29	1.4411290322580643	0.9296875	0.4296875	1	conditioned-low-v1	2	160.334	0	0	0	207
calibration	ConditionedQuartic	29	1.4411290322580643	0.9296875	0.4296875	1	conditioned-low-v1	3	209.834	0	0	0	207
calibration	ConditionedQuartic	29	1.4411290322580643	0.9296875	0.4296875	1	conditioned-low-v1	4	254.75	1	0	0	207
calibration	ConditionedQuartic	29	1.4411290322580643	0.9296875	0.4296875	1	conditioned-middle-v1	0	66	0	0	0	207
calibration	ConditionedQuartic	29	1.4411290322580643	0.9296875	0.4296875	1	conditioned-middle-v1	2	164.20699999999999	0	0	0	207
calibration	ConditionedQuartic	29	1.4411290322580643	0.9296875	0.4296875	1	conditioned-middle-v1	3	212.958	0	0	0	207
calibration	ConditionedQuartic	29	1.4411290322580643	0.9296875	0.4296875	1	conditioned-middle-v1	4	255.5	1	0	0	207
calibration	ConditionedQuartic	29	1.4411290322580643	0.9296875	0.4296875	1	conditioned-high-v1	0	36.832999999999998	1	0	0	207
calibration	ConditionedQuartic	29	1.4411290322580643	0.9296875	0.4296875	1	conditioned-high-v1	2	37.082999999999998	1	0	0	207
calibration	ConditionedQuartic	29	1.4411290322580643	0.9296875	0.4296875	1	conditioned-high-v1	3	37	1	0	0	207
calibration	ConditionedQuartic	29	1.4411290322580643	0.9296875	0.4296875	1	conditioned-high-v1	4	37	1	0	0	207
calibration	ConditionedQuartic	30	1.7072580645161288	0.9609375	0.4609375	1	conditioned-low-v1	0	63.95799999999997	0	0	0	256.5
calibration	ConditionedQuartic	30	1.7072580645161288	0.9609375	0.4609375	1	conditioned-low-v1	2	159.75	0	0	0	256.5
calibration	ConditionedQuartic	30	1.7072580645161288	0.9609375	0.4609375	1	conditioned-low-v1	3	210.83300000000003	0	0	0	256.5
calibration	ConditionedQuartic	30	1.7072580645161288	0.9609375	0.4609375	1	conditioned-low-v1	4	256.291	1	0	0	256.5
calibration	ConditionedQuartic	30	1.7072580645161288	0.9609375	0.4609375	1	conditioned-middle-v1	0	68.417000000000002	0	0	0	256.5
calibration	ConditionedQuartic	30	1.7072580645161288	0.9609375	0.4609375	1	conditioned-middle-v1	2	164.083	0	0	0	256.5
calibration	ConditionedQuartic	30	1.7072580645161288	0.9609375	0.4609375	1	conditioned-middle-v1	3	215.334	0	0	0	256.5
calibration	ConditionedQuartic	30	1.7072580645161288	0.9609375	0.4609375	1	conditioned-middle-v1	4	261.375	1	0	0	256.5
calibration	ConditionedQuartic	30	1.7072580645161288	0.9609375	0.4609375	1	conditioned-high-v1	0	36.417000000000002	1	0	0	256.5
calibration	ConditionedQuartic	30	1.7072580645161288	0.9609375	0.4609375	1	conditioned-high-v1	2	36.415999999999997	1	0	0	256.5
calibration	ConditionedQuartic	30	1.7072580645161288	0.9609375	0.4609375	1	conditioned-high-v1	3	36.334000000000003	1	0	0	256.5
calibration	ConditionedQuartic	30	1.7072580645161288	0.9609375	0.4609375	1	conditioned-high-v1	4	36.415999999999997	1	0	0	256.5
calibration	ConditionedQuartic	31	1.1991935483870966	0.9921875	0.4921875	1	conditioned-low-v1	0	64.959000000000003	0	0	0	206
calibration	ConditionedQuartic	31	1.1991935483870966	0.9921875	0.4921875	1	conditioned-low-v1	2	162.792	0	0	0	206
calibration	ConditionedQuartic	31	1.1991935483870966	0.9921875	0.4921875	1	conditioned-low-v1	3	215.08199999999999	0	0	0	206
calibration	ConditionedQuartic	31	1.1991935483870966	0.9921875	0.4921875	1	conditioned-low-v1	4	254.5	1	0	0	206
calibration	ConditionedQuartic	31	1.1991935483870966	0.9921875	0.4921875	1	conditioned-middle-v1	0	70.916000000000025	0	0	0	206
calibration	ConditionedQuartic	31	1.1991935483870966	0.9921875	0.4921875	1	conditioned-middle-v1	2	169.91800000000001	0	0	0	206
calibration	ConditionedQuartic	31	1.1991935483870966	0.9921875	0.4921875	1	conditioned-middle-v1	3	219.04100000000003	0	0	0	206
calibration	ConditionedQuartic	31	1.1991935483870966	0.9921875	0.4921875	1	conditioned-middle-v1	4	263.08300000000003	1	0	0	206
calibration	ConditionedQuartic	31	1.1991935483870966	0.9921875	0.4921875	1	conditioned-high-v1	0	35.917000000000002	1	0	0	206
calibration	ConditionedQuartic	31	1.1991935483870966	0.9921875	0.4921875	1	conditioned-high-v1	2	35.917000000000002	1	0	0	206
calibration	ConditionedQuartic	31	1.1991935483870966	0.9921875	0.4921875	1	conditioned-high-v1	3	35.875	1	0	0	206
calibration	ConditionedQuartic	31	1.1991935483870966	0.9921875	0.4921875	1	conditioned-high-v1	4	35.875	1	0	0	206
heldout	ConditionedQuadratic	0	1.2714285714285714	0.01171875	0.48828125	0	conditioned-low-v1	0	36.165999999999997	1	0	0	157.125
heldout	ConditionedQuadratic	0	1.2714285714285714	0.01171875	0.48828125	0	conditioned-low-v1	2	32.375	1	0	0	157.125
heldout	ConditionedQuadratic	0	1.2714285714285714	0.01171875	0.48828125	0	conditioned-low-v1	3	31.791	1	0	0	157.125
heldout	ConditionedQuadratic	0	1.2714285714285714	0.01171875	0.48828125	0	conditioned-low-v1	4	31.792000000000002	1	0	0	157.125
heldout	ConditionedQuadratic	0	1.2714285714285714	0.01171875	0.48828125	0	conditioned-middle-v1	0	62.082999999999998	0	0	0	157.125
heldout	ConditionedQuadratic	0	1.2714285714285714	0.01171875	0.48828125	0	conditioned-middle-v1	2	136.125	0	0	0	157.125
heldout	ConditionedQuadratic	0	1.2714285714285714	0.01171875	0.48828125	0	conditioned-middle-v1	3	172.083	1	0	0	157.125
heldout	ConditionedQuadratic	0	1.2714285714285714	0.01171875	0.48828125	0	conditioned-middle-v1	4	170.958	1	0	0	157.125
heldout	ConditionedQuadratic	0	1.2714285714285714	0.01171875	0.48828125	0	conditioned-high-v1	0	56.665999999999997	0	0	0	157.125
heldout	ConditionedQuadratic	0	1.2714285714285714	0.01171875	0.48828125	0	conditioned-high-v1	2	130.95800000000003	0	0	0	157.125
heldout	ConditionedQuadratic	0	1.2714285714285714	0.01171875	0.48828125	0	conditioned-high-v1	3	166.167	1	0	0	157.125
heldout	ConditionedQuadratic	0	1.2714285714285714	0.01171875	0.48828125	0	conditioned-high-v1	4	166.042	1	0	0	157.125
heldout	ConditionedQuadratic	1	1.4023809523809523	0.02734375	0.47265625	0	conditioned-low-v1	0	32.75	1	0	0	153.5
heldout	ConditionedQuadratic	1	1.4023809523809523	0.02734375	0.47265625	0	conditioned-low-v1	2	32.875	1	0	0	153.5
heldout	ConditionedQuadratic	1	1.4023809523809523	0.02734375	0.47265625	0	conditioned-low-v1	3	32.207999999999998	1	0	0	153.5
heldout	ConditionedQuadratic	1	1.4023809523809523	0.02734375	0.47265625	0	conditioned-low-v1	4	31.792000000000002	1	0	0	153.5
heldout	ConditionedQuadratic	1	1.4023809523809523	0.02734375	0.47265625	0	conditioned-middle-v1	0	60.707999999999998	0	0	0	153.5
heldout	ConditionedQuadratic	1	1.4023809523809523	0.02734375	0.47265625	0	conditioned-middle-v1	2	132.95799999999997	0	0	0	153.5
heldout	ConditionedQuadratic	1	1.4023809523809523	0.02734375	0.47265625	0	conditioned-middle-v1	3	169.917	1	0	0	153.5
heldout	ConditionedQuadratic	1	1.4023809523809523	0.02734375	0.47265625	0	conditioned-middle-v1	4	170.542	1	0	0	153.5
heldout	ConditionedQuadratic	1	1.4023809523809523	0.02734375	0.47265625	0	conditioned-high-v1	0	55.75	0	0	0	153.5
heldout	ConditionedQuadratic	1	1.4023809523809523	0.02734375	0.47265625	0	conditioned-high-v1	2	127.501	0	0	0	153.5
heldout	ConditionedQuadratic	1	1.4023809523809523	0.02734375	0.47265625	0	conditioned-high-v1	3	165.042	1	0	0	153.5
heldout	ConditionedQuadratic	1	1.4023809523809523	0.02734375	0.47265625	0	conditioned-high-v1	4	164.083	1	0	0	153.5
heldout	ConditionedQuadratic	2	1.5333333333333332	0.04296875	0.45703125	0	conditioned-low-v1	0	32.207999999999998	1	0	0	154.583
heldout	ConditionedQuadratic	2	1.5333333333333332	0.04296875	0.45703125	0	conditioned-low-v1	2	32.082999999999998	1	0	0	154.583
heldout	ConditionedQuadratic	2	1.5333333333333332	0.04296875	0.45703125	0	conditioned-low-v1	3	32.042000000000002	1	0	0	154.583
heldout	ConditionedQuadratic	2	1.5333333333333332	0.04296875	0.45703125	0	conditioned-low-v1	4	32	1	0	0	154.583
heldout	ConditionedQuadratic	2	1.5333333333333332	0.04296875	0.45703125	0	conditioned-middle-v1	0	59.207999999999998	0	0	0	154.583
heldout	ConditionedQuadratic	2	1.5333333333333332	0.04296875	0.45703125	0	conditioned-middle-v1	2	132.334	0	0	0	154.583
heldout	ConditionedQuadratic	2	1.5333333333333332	0.04296875	0.45703125	0	conditioned-middle-v1	3	167.667	1	0	0	154.583
heldout	ConditionedQuadratic	2	1.5333333333333332	0.04296875	0.45703125	0	conditioned-middle-v1	4	167.458	1	0	0	154.583
heldout	ConditionedQuadratic	2	1.5333333333333332	0.04296875	0.45703125	0	conditioned-high-v1	0	55.207999999999998	0	0	0	154.583
heldout	ConditionedQuadratic	2	1.5333333333333332	0.04296875	0.45703125	0	conditioned-high-v1	2	128.33300000000003	0	0	0	154.583
heldout	ConditionedQuadratic	2	1.5333333333333332	0.04296875	0.45703125	0	conditioned-high-v1	3	163.958	1	0	0	154.583
heldout	ConditionedQuadratic	2	1.5333333333333332	0.04296875	0.45703125	0	conditioned-high-v1	4	164.167	1	0	0	154.583
heldout	ConditionedQuadratic	3	1.6642857142857141	0.05859375	0.44140625	0	conditioned-low-v1	0	32.625	1	0	0	153.917
heldout	ConditionedQuadratic	3	1.6642857142857141	0.05859375	0.44140625	0	conditioned-low-v1	2	32.417000000000002	1	0	0	153.917
heldout	ConditionedQuadratic	3	1.6642857142857141	0.05859375	0.44140625	0	conditioned-low-v1	3	32.332999999999998	1	0	0	153.917
heldout	ConditionedQuadratic	3	1.6642857142857141	0.05859375	0.44140625	0	conditioned-low-v1	4	32.25	1	0	0	153.917
heldout	ConditionedQuadratic	3	1.6642857142857141	0.05859375	0.44140625	0	conditioned-middle-v1	0	58.332999999999998	0	0	0	153.917
heldout	ConditionedQuadratic	3	1.6642857142857141	0.05859375	0.44140625	0	conditioned-middle-v1	2	131.50000000000003	0	0	0	153.917
heldout	ConditionedQuadratic	3	1.6642857142857141	0.05859375	0.44140625	0	conditioned-middle-v1	3	166.667	1	0	0	153.917
heldout	ConditionedQuadratic	3	1.6642857142857141	0.05859375	0.44140625	0	conditioned-middle-v1	4	165.875	1	0	0	153.917
heldout	ConditionedQuadratic	3	1.6642857142857141	0.05859375	0.44140625	0	conditioned-high-v1	0	54.790999999999997	0	0	0	153.917
heldout	ConditionedQuadratic	3	1.6642857142857141	0.05859375	0.44140625	0	conditioned-high-v1	2	127.08300000000003	0	0	0	153.917
heldout	ConditionedQuadratic	3	1.6642857142857141	0.05859375	0.44140625	0	conditioned-high-v1	3	162.958	1	0	0	153.917
heldout	ConditionedQuadratic	3	1.6642857142857141	0.05859375	0.44140625	0	conditioned-high-v1	4	163.375	1	0	0	153.917
heldout	ConditionedQuadratic	4	1.7952380952380951	0.07421875	0.42578125	0	conditioned-low-v1	0	32.875	1	0	0	196
heldout	ConditionedQuadratic	4	1.7952380952380951	0.07421875	0.42578125	0	conditioned-low-v1	2	32.667000000000002	1	0	0	196
heldout	ConditionedQuadratic	4	1.7952380952380951	0.07421875	0.42578125	0	conditioned-low-v1	3	32.584000000000003	1	0	0	196
heldout	ConditionedQuadratic	4	1.7952380952380951	0.07421875	0.42578125	0	conditioned-low-v1	4	32.582999999999998	1	0	0	196
heldout	ConditionedQuadratic	4	1.7952380952380951	0.07421875	0.42578125	0	conditioned-middle-v1	0	57.290999999999997	0	0	0	196
heldout	ConditionedQuadratic	4	1.7952380952380951	0.07421875	0.42578125	0	conditioned-middle-v1	2	130.12400000000002	0	0	0	196
heldout	ConditionedQuadratic	4	1.7952380952380951	0.07421875	0.42578125	0	conditioned-middle-v1	3	165.75	1	0	0	196
heldout	ConditionedQuadratic	4	1.7952380952380951	0.07421875	0.42578125	0	conditioned-middle-v1	4	165.542	1	0	0	196
heldout	ConditionedQuadratic	4	1.7952380952380951	0.07421875	0.42578125	0	conditioned-high-v1	0	54.251000000000005	0	0	0	196
heldout	ConditionedQuadratic	4	1.7952380952380951	0.07421875	0.42578125	0	conditioned-high-v1	2	130.416	0	0	0	196
heldout	ConditionedQuadratic	4	1.7952380952380951	0.07421875	0.42578125	0	conditioned-high-v1	3	166.542	1	0	0	196
heldout	ConditionedQuadratic	4	1.7952380952380951	0.07421875	0.42578125	0	conditioned-high-v1	4	164.667	1	0	0	196
heldout	ConditionedQuadratic	5	1.926190476190476	0.08984375	0.41015625	0	conditioned-low-v1	0	33.707999999999998	1	0	0	197.5
heldout	ConditionedQuadratic	5	1.926190476190476	0.08984375	0.41015625	0	conditioned-low-v1	2	33.332999999999998	1	0	0	197.5
heldout	ConditionedQuadratic	5	1.926190476190476	0.08984375	0.41015625	0	conditioned-low-v1	3	36.790999999999997	1	0	0	197.5
heldout	ConditionedQuadratic	5	1.926190476190476	0.08984375	0.41015625	0	conditioned-low-v1	4	33.625	1	0	0	197.5
heldout	ConditionedQuadratic	5	1.926190476190476	0.08984375	0.41015625	0	conditioned-middle-v1	0	57.957999999999998	0	0	0	197.5
heldout	ConditionedQuadratic	5	1.926190476190476	0.08984375	0.41015625	0	conditioned-middle-v1	2	131.12500000000003	0	0	0	197.5
heldout	ConditionedQuadratic	5	1.926190476190476	0.08984375	0.41015625	0	conditioned-middle-v1	3	165.208	1	0	0	197.5
heldout	ConditionedQuadratic	5	1.926190476190476	0.08984375	0.41015625	0	conditioned-middle-v1	4	166.584	1	0	0	197.5
heldout	ConditionedQuadratic	5	1.926190476190476	0.08984375	0.41015625	0	conditioned-high-v1	0	54.040999999999997	0	0	0	197.5
heldout	ConditionedQuadratic	5	1.926190476190476	0.08984375	0.41015625	0	conditioned-high-v1	2	128.83399999999997	0	0	0	197.5
heldout	ConditionedQuadratic	5	1.926190476190476	0.08984375	0.41015625	0	conditioned-high-v1	3	163.25	1	0	0	197.5
heldout	ConditionedQuadratic	5	1.926190476190476	0.08984375	0.41015625	0	conditioned-high-v1	4	163.584	1	0	0	197.5
heldout	ConditionedQuadratic	6	1.2952380952380951	0.10546875	0.39453125	0	conditioned-low-v1	0	36.332999999999998	0	0	0	155.625
heldout	ConditionedQuadratic	6	1.2952380952380951	0.10546875	0.39453125	0	conditioned-low-v1	2	107.916	1	0	0	155.625
heldout	ConditionedQuadratic	6	1.2952380952380951	0.10546875	0.39453125	0	conditioned-low-v1	3	107.625	1	0	0	155.625
heldout	ConditionedQuadratic	6	1.2952380952380951	0.10546875	0.39453125	0	conditioned-low-v1	4	107.75	1	0	0	155.625
heldout	ConditionedQuadratic	6	1.2952380952380951	0.10546875	0.39453125	0	conditioned-middle-v1	0	55.542000000000002	0	0	0	155.625
heldout	ConditionedQuadratic	6	1.2952380952380951	0.10546875	0.39453125	0	conditioned-middle-v1	2	129.54100000000003	0	0	0	155.625
heldout	ConditionedQuadratic	6	1.2952380952380951	0.10546875	0.39453125	0	conditioned-middle-v1	3	165.25	1	0	0	155.625
heldout	ConditionedQuadratic	6	1.2952380952380951	0.10546875	0.39453125	0	conditioned-middle-v1	4	164.833	1	0	0	155.625
heldout	ConditionedQuadratic	6	1.2952380952380951	0.10546875	0.39453125	0	conditioned-high-v1	0	54.040999999999997	0	0	0	155.625
heldout	ConditionedQuadratic	6	1.2952380952380951	0.10546875	0.39453125	0	conditioned-high-v1	2	128.292	0	0	0	155.625
heldout	ConditionedQuadratic	6	1.2952380952380951	0.10546875	0.39453125	0	conditioned-high-v1	3	163.083	1	0	0	155.625
heldout	ConditionedQuadratic	6	1.2952380952380951	0.10546875	0.39453125	0	conditioned-high-v1	4	163.667	1	0	0	155.625
heldout	ConditionedQuadratic	7	1.4261904761904762	0.12109375	0.37890625	0	conditioned-low-v1	0	36.209000000000003	0	0	0	159.458
heldout	ConditionedQuadratic	7	1.4261904761904762	0.12109375	0.37890625	0	conditioned-low-v1	2	108.083	1	0	0	159.458
heldout	ConditionedQuadratic	7	1.4261904761904762	0.12109375	0.37890625	0	conditioned-low-v1	3	107.958	1	0	0	159.458
heldout	ConditionedQuadratic	7	1.4261904761904762	0.12109375	0.37890625	0	conditioned-low-v1	4	108.417	1	0	0	159.458
heldout	ConditionedQuadratic	7	1.4261904761904762	0.12109375	0.37890625	0	conditioned-middle-v1	0	54.584000000000003	0	0	0	159.458
heldout	ConditionedQuadratic	7	1.4261904761904762	0.12109375	0.37890625	0	conditioned-middle-v1	2	129.04199999999997	0	0	0	159.458
heldout	ConditionedQuadratic	7	1.4261904761904762	0.12109375	0.37890625	0	conditioned-middle-v1	3	165.125	1	0	0	159.458
heldout	ConditionedQuadratic	7	1.4261904761904762	0.12109375	0.37890625	0	conditioned-middle-v1	4	164.416	1	0	0	159.458
heldout	ConditionedQuadratic	7	1.4261904761904762	0.12109375	0.37890625	0	conditioned-high-v1	0	52.875	0	0	0	159.458
heldout	ConditionedQuadratic	7	1.4261904761904762	0.12109375	0.37890625	0	conditioned-high-v1	2	128.083	0	0	0	159.458
heldout	ConditionedQuadratic	7	1.4261904761904762	0.12109375	0.37890625	0	conditioned-high-v1	3	163.792	1	0	0	159.458
heldout	ConditionedQuadratic	7	1.4261904761904762	0.12109375	0.37890625	0	conditioned-high-v1	4	163	1	0	0	159.458
heldout	ConditionedQuadratic	8	1.5571428571428572	0.13671875	0.36328125	0	conditioned-low-v1	0	36.707999999999998	0	0	0	156.542
heldout	ConditionedQuadratic	8	1.5571428571428572	0.13671875	0.36328125	0	conditioned-low-v1	2	106.833	1	0	0	156.542
heldout	ConditionedQuadratic	8	1.5571428571428572	0.13671875	0.36328125	0	conditioned-low-v1	3	108	1	0	0	156.542
heldout	ConditionedQuadratic	8	1.5571428571428572	0.13671875	0.36328125	0	conditioned-low-v1	4	107.375	1	0	0	156.542
heldout	ConditionedQuadratic	8	1.5571428571428572	0.13671875	0.36328125	0	conditioned-middle-v1	0	53.292000000000002	0	0	0	156.542
heldout	ConditionedQuadratic	8	1.5571428571428572	0.13671875	0.36328125	0	conditioned-middle-v1	2	126.208	0	0	0	156.542
heldout	ConditionedQuadratic	8	1.5571428571428572	0.13671875	0.36328125	0	conditioned-middle-v1	3	162.75	1	0	0	156.542
heldout	ConditionedQuadratic	8	1.5571428571428572	0.13671875	0.36328125	0	conditioned-middle-v1	4	161.708	1	0	0	156.542
heldout	ConditionedQuadratic	8	1.5571428571428572	0.13671875	0.36328125	0	conditioned-high-v1	0	52.667000000000002	0	0	0	156.542
heldout	ConditionedQuadratic	8	1.5571428571428572	0.13671875	0.36328125	0	conditioned-high-v1	2	126.709	0	0	0	156.542
heldout	ConditionedQuadratic	8	1.5571428571428572	0.13671875	0.36328125	0	conditioned-high-v1	3	161.584	1	0	0	156.542
heldout	ConditionedQuadratic	8	1.5571428571428572	0.13671875	0.36328125	0	conditioned-high-v1	4	162.083	1	0	0	156.542
heldout	ConditionedQuadratic	9	1.6880952380952381	0.15234375	0.34765625	0	conditioned-low-v1	0	36.625	0	0	0	158.917
heldout	ConditionedQuadratic	9	1.6880952380952381	0.15234375	0.34765625	0	conditioned-low-v1	2	109.083	1	0	0	158.917
heldout	ConditionedQuadratic	9	1.6880952380952381	0.15234375	0.34765625	0	conditioned-low-v1	3	108.5	1	0	0	158.917
heldout	ConditionedQuadratic	9	1.6880952380952381	0.15234375	0.34765625	0	conditioned-low-v1	4	108.042	1	0	0	158.917
heldout	ConditionedQuadratic	9	1.6880952380952381	0.15234375	0.34765625	0	conditioned-middle-v1	0	52.207999999999998	0	0	0	158.917
heldout	ConditionedQuadratic	9	1.6880952380952381	0.15234375	0.34765625	0	conditioned-middle-v1	2	126.87599999999998	0	0	0	158.917
heldout	ConditionedQuadratic	9	1.6880952380952381	0.15234375	0.34765625	0	conditioned-middle-v1	3	162.583	1	0	0	158.917
heldout	ConditionedQuadratic	9	1.6880952380952381	0.15234375	0.34765625	0	conditioned-middle-v1	4	163.333	1	0	0	158.917
heldout	ConditionedQuadratic	9	1.6880952380952381	0.15234375	0.34765625	0	conditioned-high-v1	0	51.875	0	0	0	158.917
heldout	ConditionedQuadratic	9	1.6880952380952381	0.15234375	0.34765625	0	conditioned-high-v1	2	126.54200000000003	0	0	0	158.917
heldout	ConditionedQuadratic	9	1.6880952380952381	0.15234375	0.34765625	0	conditioned-high-v1	3	162.042	1	0	0	158.917
heldout	ConditionedQuadratic	9	1.6880952380952381	0.15234375	0.34765625	0	conditioned-high-v1	4	162.042	1	0	0	158.917
heldout	ConditionedQuadratic	10	1.819047619047619	0.16796875	0.33203125	0	conditioned-low-v1	0	36.876000000000005	0	0	0	195.5
heldout	ConditionedQuadratic	10	1.819047619047619	0.16796875	0.33203125	0	conditioned-low-v1	2	109.041	1	0	0	195.5
heldout	ConditionedQuadratic	10	1.819047619047619	0.16796875	0.33203125	0	conditioned-low-v1	3	108.542	1	0	0	195.5
heldout	ConditionedQuadratic	10	1.819047619047619	0.16796875	0.33203125	0	conditioned-low-v1	4	108.667	1	0	0	195.5
heldout	ConditionedQuadratic	10	1.819047619047619	0.16796875	0.33203125	0	conditioned-middle-v1	0	51.543000000000006	0	0	0	195.5
heldout	ConditionedQuadratic	10	1.819047619047619	0.16796875	0.33203125	0	conditioned-middle-v1	2	125.666	0	0	0	195.5
heldout	ConditionedQuadratic	10	1.819047619047619	0.16796875	0.33203125	0	conditioned-middle-v1	3	163.167	1	0	0	195.5
heldout	ConditionedQuadratic	10	1.819047619047619	0.16796875	0.33203125	0	conditioned-middle-v1	4	161.917	1	0	0	195.5
heldout	ConditionedQuadratic	10	1.819047619047619	0.16796875	0.33203125	0	conditioned-high-v1	0	50.915999999999997	0	0	0	195.5
heldout	ConditionedQuadratic	10	1.819047619047619	0.16796875	0.33203125	0	conditioned-high-v1	2	125.87500000000003	0	0	0	195.5
heldout	ConditionedQuadratic	10	1.819047619047619	0.16796875	0.33203125	0	conditioned-high-v1	3	160.417	1	0	0	195.5
heldout	ConditionedQuadratic	10	1.819047619047619	0.16796875	0.33203125	0	conditioned-high-v1	4	163.542	1	0	0	195.5
heldout	ConditionedQuadratic	11	1.95	0.18359375	0.31640625	0	conditioned-low-v1	0	36.917000000000002	0	0	0	195.584
heldout	ConditionedQuadratic	11	1.95	0.18359375	0.31640625	0	conditioned-low-v1	2	108.417	1	0	0	195.584
heldout	ConditionedQuadratic	11	1.95	0.18359375	0.31640625	0	conditioned-low-v1	3	108.958	1	0	0	195.584
heldout	ConditionedQuadratic	11	1.95	0.18359375	0.31640625	0	conditioned-low-v1	4	109.333	1	0	0	195.584
heldout	ConditionedQuadratic	11	1.95	0.18359375	0.31640625	0	conditioned-middle-v1	0	50.584000000000003	0	0	0	195.584
heldout	ConditionedQuadratic	11	1.95	0.18359375	0.31640625	0	conditioned-middle-v1	2	124.499	0	0	0	195.584
heldout	ConditionedQuadratic	11	1.95	0.18359375	0.31640625	0	conditioned-middle-v1	3	160	1	0	0	195.584
heldout	ConditionedQuadratic	11	1.95	0.18359375	0.31640625	0	conditioned-middle-v1	4	160.5	1	0	0	195.584
heldout	ConditionedQuadratic	11	1.95	0.18359375	0.31640625	0	conditioned-high-v1	0	51.043000000000006	0	0	0	195.584
heldout	ConditionedQuadratic	11	1.95	0.18359375	0.31640625	0	conditioned-high-v1	2	124.834	0	0	0	195.584
heldout	ConditionedQuadratic	11	1.95	0.18359375	0.31640625	0	conditioned-high-v1	3	160.792	1	0	0	195.584
heldout	ConditionedQuadratic	11	1.95	0.18359375	0.31640625	0	conditioned-high-v1	4	158.542	1	0	0	195.584
heldout	ConditionedQuadratic	12	1.319047619047619	0.19921875	0.30078125	0	conditioned-low-v1	0	37.25	0	0	0	157.041
heldout	ConditionedQuadratic	12	1.319047619047619	0.19921875	0.30078125	0	conditioned-low-v1	2	111.375	0	0	0	157.041
heldout	ConditionedQuadratic	12	1.319047619047619	0.19921875	0.30078125	0	conditioned-low-v1	3	148.209	1	0	0	157.041
heldout	ConditionedQuadratic	12	1.319047619047619	0.19921875	0.30078125	0	conditioned-low-v1	4	145.917	1	0	0	157.041
heldout	ConditionedQuadratic	12	1.319047619047619	0.19921875	0.30078125	0	conditioned-middle-v1	0	49.790999999999997	0	0	0	157.041
heldout	ConditionedQuadratic	12	1.319047619047619	0.19921875	0.30078125	0	conditioned-middle-v1	2	123.709	0	0	0	157.041
heldout	ConditionedQuadratic	12	1.319047619047619	0.19921875	0.30078125	0	conditioned-middle-v1	3	159.041	1	0	0	157.041
heldout	ConditionedQuadratic	12	1.319047619047619	0.19921875	0.30078125	0	conditioned-middle-v1	4	159.416	1	0	0	157.041
heldout	ConditionedQuadratic	12	1.319047619047619	0.19921875	0.30078125	0	conditioned-high-v1	0	50.584000000000003	0	0	0	157.041
heldout	ConditionedQuadratic	12	1.319047619047619	0.19921875	0.30078125	0	conditioned-high-v1	2	124.667	0	0	0	157.041
heldout	ConditionedQuadratic	12	1.319047619047619	0.19921875	0.30078125	0	conditioned-high-v1	3	159.292	1	0	0	157.041
heldout	ConditionedQuadratic	12	1.319047619047619	0.19921875	0.30078125	0	conditioned-high-v1	4	159.625	1	0	0	157.041
heldout	ConditionedQuadratic	13	1.45	0.21484375	0.28515625	0	conditioned-low-v1	0	37.876000000000005	0	0	0	156.958
heldout	ConditionedQuadratic	13	1.45	0.21484375	0.28515625	0	conditioned-low-v1	2	111.166	0	0	0	156.958
heldout	ConditionedQuadratic	13	1.45	0.21484375	0.28515625	0	conditioned-low-v1	3	146.583	1	0	0	156.958
heldout	ConditionedQuadratic	13	1.45	0.21484375	0.28515625	0	conditioned-low-v1	4	146.209	1	0	0	156.958
heldout	ConditionedQuadratic	13	1.45	0.21484375	0.28515625	0	conditioned-middle-v1	0	48.75	0	0	0	156.958
heldout	ConditionedQuadratic	13	1.45	0.21484375	0.28515625	0	conditioned-middle-v1	2	122.917	0	0	0	156.958
heldout	ConditionedQuadratic	13	1.45	0.21484375	0.28515625	0	conditioned-middle-v1	3	157.833	1	0	0	156.958
heldout	ConditionedQuadratic	13	1.45	0.21484375	0.28515625	0	conditioned-middle-v1	4	157.708	1	0	0	156.958
heldout	ConditionedQuadratic	13	1.45	0.21484375	0.28515625	0	conditioned-high-v1	0	50.082999999999998	0	0	0	156.958
heldout	ConditionedQuadratic	13	1.45	0.21484375	0.28515625	0	conditioned-high-v1	2	124.291	0	0	0	156.958
heldout	ConditionedQuadratic	13	1.45	0.21484375	0.28515625	0	conditioned-high-v1	3	160.833	1	0	0	156.958
heldout	ConditionedQuadratic	13	1.45	0.21484375	0.28515625	0	conditioned-high-v1	4	160.333	1	0	0	156.958
heldout	ConditionedQuadratic	14	1.5809523809523809	0.23046875	0.26953125	0	conditioned-low-v1	0	38.125	0	0	0	157.542
heldout	ConditionedQuadratic	14	1.5809523809523809	0.23046875	0.26953125	0	conditioned-low-v1	2	113.75	0	0	0	157.542
heldout	ConditionedQuadratic	14	1.5809523809523809	0.23046875	0.26953125	0	conditioned-low-v1	3	148.959	1	0	0	157.542
heldout	ConditionedQuadratic	14	1.5809523809523809	0.23046875	0.26953125	0	conditioned-low-v1	4	147.75	1	0	0	157.542
heldout	ConditionedQuadratic	14	1.5809523809523809	0.23046875	0.26953125	0	conditioned-middle-v1	0	48.373999999999995	0	0	0	157.542
heldout	ConditionedQuadratic	14	1.5809523809523809	0.23046875	0.26953125	0	conditioned-middle-v1	2	124.708	0	0	0	157.542
heldout	ConditionedQuadratic	14	1.5809523809523809	0.23046875	0.26953125	0	conditioned-middle-v1	3	157.75	1	0	0	157.542
heldout	ConditionedQuadratic	14	1.5809523809523809	0.23046875	0.26953125	0	conditioned-middle-v1	4	158.167	1	0	0	157.542
heldout	ConditionedQuadratic	14	1.5809523809523809	0.23046875	0.26953125	0	conditioned-high-v1	0	50.167000000000002	0	0	0	157.542
heldout	ConditionedQuadratic	14	1.5809523809523809	0.23046875	0.26953125	0	conditioned-high-v1	2	126.666	0	0	0	157.542
heldout	ConditionedQuadratic	14	1.5809523809523809	0.23046875	0.26953125	0	conditioned-high-v1	3	160.916	1	0	0	157.542
heldout	ConditionedQuadratic	14	1.5809523809523809	0.23046875	0.26953125	0	conditioned-high-v1	4	161.708	1	0	0	157.542
heldout	ConditionedQuadratic	15	1.7119047619047618	0.24609375	0.25390625	0	conditioned-low-v1	0	38.457999999999998	0	0	0	160.708
heldout	ConditionedQuadratic	15	1.7119047619047618	0.24609375	0.25390625	0	conditioned-low-v1	2	113.04200000000003	0	0	0	160.708
heldout	ConditionedQuadratic	15	1.7119047619047618	0.24609375	0.25390625	0	conditioned-low-v1	3	148.042	1	0	0	160.708
heldout	ConditionedQuadratic	15	1.7119047619047618	0.24609375	0.25390625	0	conditioned-low-v1	4	148.5	1	0	0	160.708
heldout	ConditionedQuadratic	15	1.7119047619047618	0.24609375	0.25390625	0	conditioned-middle-v1	0	47.667000000000002	0	0	0	160.708
heldout	ConditionedQuadratic	15	1.7119047619047618	0.24609375	0.25390625	0	conditioned-middle-v1	2	122.50000000000003	0	0	0	160.708
heldout	ConditionedQuadratic	15	1.7119047619047618	0.24609375	0.25390625	0	conditioned-middle-v1	3	158	1	0	0	160.708
heldout	ConditionedQuadratic	15	1.7119047619047618	0.24609375	0.25390625	0	conditioned-middle-v1	4	156.583	1	0	0	160.708
heldout	ConditionedQuadratic	15	1.7119047619047618	0.24609375	0.25390625	0	conditioned-high-v1	0	49.793000000000006	0	0	0	160.708
heldout	ConditionedQuadratic	15	1.7119047619047618	0.24609375	0.25390625	0	conditioned-high-v1	2	124.75000000000003	0	0	0	160.708
heldout	ConditionedQuadratic	15	1.7119047619047618	0.24609375	0.25390625	0	conditioned-high-v1	3	166.292	1	0	0	160.708
heldout	ConditionedQuadratic	15	1.7119047619047618	0.24609375	0.25390625	0	conditioned-high-v1	4	161.75	1	0	0	160.708
heldout	ConditionedQuadratic	16	1.842857142857143	0.26171875	0.23828125	0	conditioned-low-v1	0	39.082999999999998	0	0	0	209.375
heldout	ConditionedQuadratic	16	1.842857142857143	0.26171875	0.23828125	0	conditioned-low-v1	2	114.167	0	0	0	209.375
heldout	ConditionedQuadratic	16	1.842857142857143	0.26171875	0.23828125	0	conditioned-low-v1	3	150.375	1	0	0	209.375
heldout	ConditionedQuadratic	16	1.842857142857143	0.26171875	0.23828125	0	conditioned-low-v1	4	151.459	1	0	0	209.375
heldout	ConditionedQuadratic	16	1.842857142857143	0.26171875	0.23828125	0	conditioned-middle-v1	0	46.625	0	0	0	209.375
heldout	ConditionedQuadratic	16	1.842857142857143	0.26171875	0.23828125	0	conditioned-middle-v1	2	122.209	0	0	0	209.375
heldout	ConditionedQuadratic	16	1.842857142857143	0.26171875	0.23828125	0	conditioned-middle-v1	3	158.417	1	0	0	209.375
heldout	ConditionedQuadratic	16	1.842857142857143	0.26171875	0.23828125	0	conditioned-middle-v1	4	158.208	1	0	0	209.375
heldout	ConditionedQuadratic	16	1.842857142857143	0.26171875	0.23828125	0	conditioned-high-v1	0	48.917000000000002	0	0	0	209.375
heldout	ConditionedQuadratic	16	1.842857142857143	0.26171875	0.23828125	0	conditioned-high-v1	2	124.292	0	0	0	209.375
heldout	ConditionedQuadratic	16	1.842857142857143	0.26171875	0.23828125	0	conditioned-high-v1	3	161.125	1	0	0	209.375
heldout	ConditionedQuadratic	16	1.842857142857143	0.26171875	0.23828125	0	conditioned-high-v1	4	161.667	1	0	0	209.375
heldout	ConditionedQuadratic	17	1.2119047619047618	0.27734375	0.22265625	0	conditioned-low-v1	0	39.292000000000002	0	0	0	156.333
heldout	ConditionedQuadratic	17	1.2119047619047618	0.27734375	0.22265625	0	conditioned-low-v1	2	110.41699999999997	0	0	0	156.333
heldout	ConditionedQuadratic	17	1.2119047619047618	0.27734375	0.22265625	0	conditioned-low-v1	3	145.167	1	0	0	156.333
heldout	ConditionedQuadratic	17	1.2119047619047618	0.27734375	0.22265625	0	conditioned-low-v1	4	143.333	1	0	0	156.333
heldout	ConditionedQuadratic	17	1.2119047619047618	0.27734375	0.22265625	0	conditioned-middle-v1	0	45.667000000000002	0	0	0	156.333
heldout	ConditionedQuadratic	17	1.2119047619047618	0.27734375	0.22265625	0	conditioned-middle-v1	2	118.125	0	0	0	156.333
heldout	ConditionedQuadratic	17	1.2119047619047618	0.27734375	0.22265625	0	conditioned-middle-v1	3	152.75	1	0	0	156.333
heldout	ConditionedQuadratic	17	1.2119047619047618	0.27734375	0.22265625	0	conditioned-middle-v1	4	152.959	1	0	0	156.333
heldout	ConditionedQuadratic	17	1.2119047619047618	0.27734375	0.22265625	0	conditioned-high-v1	0	48.667000000000002	0	0	0	156.333
heldout	ConditionedQuadratic	17	1.2119047619047618	0.27734375	0.22265625	0	conditioned-high-v1	2	123.625	0	0	0	156.333
heldout	ConditionedQuadratic	17	1.2119047619047618	0.27734375	0.22265625	0	conditioned-high-v1	3	158.167	1	0	0	156.333
heldout	ConditionedQuadratic	17	1.2119047619047618	0.27734375	0.22265625	0	conditioned-high-v1	4	157.25	1	0	0	156.333
heldout	ConditionedQuadratic	18	1.3428571428571427	0.29296875	0.20703125	0	conditioned-low-v1	0	38.957999999999998	0	0	0	155.625
heldout	ConditionedQuadratic	18	1.3428571428571427	0.29296875	0.20703125	0	conditioned-low-v1	2	114.79199999999997	0	0	0	155.625
heldout	ConditionedQuadratic	18	1.3428571428571427	0.29296875	0.20703125	0	conditioned-low-v1	3	146.25	1	0	0	155.625
heldout	ConditionedQuadratic	18	1.3428571428571427	0.29296875	0.20703125	0	conditioned-low-v1	4	147.542	1	0	0	155.625
heldout	ConditionedQuadratic	18	1.3428571428571427	0.29296875	0.20703125	0	conditioned-middle-v1	0	45	0	0	0	155.625
heldout	ConditionedQuadratic	18	1.3428571428571427	0.29296875	0.20703125	0	conditioned-middle-v1	2	119.37400000000002	0	0	0	155.625
heldout	ConditionedQuadratic	18	1.3428571428571427	0.29296875	0.20703125	0	conditioned-middle-v1	3	155.667	1	0	0	155.625
heldout	ConditionedQuadratic	18	1.3428571428571427	0.29296875	0.20703125	0	conditioned-middle-v1	4	153.083	1	0	0	155.625
heldout	ConditionedQuadratic	18	1.3428571428571427	0.29296875	0.20703125	0	conditioned-high-v1	0	47.625	0	0	0	155.625
heldout	ConditionedQuadratic	18	1.3428571428571427	0.29296875	0.20703125	0	conditioned-high-v1	2	122.91600000000003	0	0	0	155.625
heldout	ConditionedQuadratic	18	1.3428571428571427	0.29296875	0.20703125	0	conditioned-high-v1	3	156.166	1	0	0	155.625
heldout	ConditionedQuadratic	18	1.3428571428571427	0.29296875	0.20703125	0	conditioned-high-v1	4	156.625	1	0	0	155.625
heldout	ConditionedQuadratic	19	1.4738095238095239	0.30859375	0.19140625	0	conditioned-low-v1	0	39.292000000000002	0	0	0	156.291
heldout	ConditionedQuadratic	19	1.4738095238095239	0.30859375	0.19140625	0	conditioned-low-v1	2	113.083	0	0	0	156.291
heldout	ConditionedQuadratic	19	1.4738095238095239	0.30859375	0.19140625	0	conditioned-low-v1	3	148.833	1	0	0	156.291
heldout	ConditionedQuadratic	19	1.4738095238095239	0.30859375	0.19140625	0	conditioned-low-v1	4	147.958	1	0	0	156.291
heldout	ConditionedQuadratic	19	1.4738095238095239	0.30859375	0.19140625	0	conditioned-middle-v1	0	44.25	0	0	0	156.291
heldout	ConditionedQuadratic	19	1.4738095238095239	0.30859375	0.19140625	0	conditioned-middle-v1	2	118.41699999999997	0	0	0	156.291
heldout	ConditionedQuadratic	19	1.4738095238095239	0.30859375	0.19140625	0	conditioned-middle-v1	3	154.375	1	0	0	156.291
heldout	ConditionedQuadratic	19	1.4738095238095239	0.30859375	0.19140625	0	conditioned-middle-v1	4	151.917	1	0	0	156.291
heldout	ConditionedQuadratic	19	1.4738095238095239	0.30859375	0.19140625	0	conditioned-high-v1	0	47.707999999999998	0	0	0	156.291
heldout	ConditionedQuadratic	19	1.4738095238095239	0.30859375	0.19140625	0	conditioned-high-v1	2	122.125	0	0	0	156.291
heldout	ConditionedQuadratic	19	1.4738095238095239	0.30859375	0.19140625	0	conditioned-high-v1	3	156.416	1	0	0	156.291
heldout	ConditionedQuadratic	19	1.4738095238095239	0.30859375	0.19140625	0	conditioned-high-v1	4	157.375	1	0	0	156.291
heldout	ConditionedQuadratic	20	1.6047619047619048	0.32421875	0.17578125	0	conditioned-low-v1	0	39.707999999999998	0	0	0	156.375
heldout	ConditionedQuadratic	20	1.6047619047619048	0.32421875	0.17578125	0	conditioned-low-v1	2	113.833	0	0	0	156.375
heldout	ConditionedQuadratic	20	1.6047619047619048	0.32421875	0.17578125	0	conditioned-low-v1	3	146.917	1	0	0	156.375
heldout	ConditionedQuadratic	20	1.6047619047619048	0.32421875	0.17578125	0	conditioned-low-v1	4	148.125	1	0	0	156.375
heldout	ConditionedQuadratic	20	1.6047619047619048	0.32421875	0.17578125	0	conditioned-middle-v1	0	43.5	0	0	0	156.375
heldout	ConditionedQuadratic	20	1.6047619047619048	0.32421875	0.17578125	0	conditioned-middle-v1	2	117.41700000000003	0	0	0	156.375
heldout	ConditionedQuadratic	20	1.6047619047619048	0.32421875	0.17578125	0	conditioned-middle-v1	3	152.416	1	0	0	156.375
heldout	ConditionedQuadratic	20	1.6047619047619048	0.32421875	0.17578125	0	conditioned-middle-v1	4	152.875	1	0	0	156.375
heldout	ConditionedQuadratic	20	1.6047619047619048	0.32421875	0.17578125	0	conditioned-high-v1	0	47.292000000000002	0	0	0	156.375
heldout	ConditionedQuadratic	20	1.6047619047619048	0.32421875	0.17578125	0	conditioned-high-v1	2	121.25	0	0	0	156.375
heldout	ConditionedQuadratic	20	1.6047619047619048	0.32421875	0.17578125	0	conditioned-high-v1	3	156.917	1	0	0	156.375
heldout	ConditionedQuadratic	20	1.6047619047619048	0.32421875	0.17578125	0	conditioned-high-v1	4	156.375	1	0	0	156.375
heldout	ConditionedQuadratic	21	1.7357142857142858	0.33984375	0.16015625	0	conditioned-low-v1	0	40.125	0	0	0	156.584
heldout	ConditionedQuadratic	21	1.7357142857142858	0.33984375	0.16015625	0	conditioned-low-v1	2	114.042	0	0	0	156.584
heldout	ConditionedQuadratic	21	1.7357142857142858	0.33984375	0.16015625	0	conditioned-low-v1	3	149.292	1	0	0	156.584
heldout	ConditionedQuadratic	21	1.7357142857142858	0.33984375	0.16015625	0	conditioned-low-v1	4	148.291	1	0	0	156.584
heldout	ConditionedQuadratic	21	1.7357142857142858	0.33984375	0.16015625	0	conditioned-middle-v1	0	42.832999999999998	0	0	0	156.584
heldout	ConditionedQuadratic	21	1.7357142857142858	0.33984375	0.16015625	0	conditioned-middle-v1	2	116.83199999999999	0	0	0	156.584
heldout	ConditionedQuadratic	21	1.7357142857142858	0.33984375	0.16015625	0	conditioned-middle-v1	3	152	1	0	0	156.584
heldout	ConditionedQuadratic	21	1.7357142857142858	0.33984375	0.16015625	0	conditioned-middle-v1	4	152.542	1	0	0	156.584
heldout	ConditionedQuadratic	21	1.7357142857142858	0.33984375	0.16015625	0	conditioned-high-v1	0	47.123999999999995	0	0	0	156.584
heldout	ConditionedQuadratic	21	1.7357142857142858	0.33984375	0.16015625	0	conditioned-high-v1	2	120.70899999999997	0	0	0	156.584
heldout	ConditionedQuadratic	21	1.7357142857142858	0.33984375	0.16015625	0	conditioned-high-v1	3	156.75	1	0	0	156.584
heldout	ConditionedQuadratic	21	1.7357142857142858	0.33984375	0.16015625	0	conditioned-high-v1	4	156.083	1	0	0	156.584
heldout	ConditionedQuadratic	22	1.8666666666666667	0.35546875	0.14453125	0	conditioned-low-v1	0	40.375	0	0	0	195.25
heldout	ConditionedQuadratic	22	1.8666666666666667	0.35546875	0.14453125	0	conditioned-low-v1	2	113.08300000000003	0	0	0	195.25
heldout	ConditionedQuadratic	22	1.8666666666666667	0.35546875	0.14453125	0	conditioned-low-v1	3	149.667	1	0	0	195.25
heldout	ConditionedQuadratic	22	1.8666666666666667	0.35546875	0.14453125	0	conditioned-low-v1	4	149.666	1	0	0	195.25
heldout	ConditionedQuadratic	22	1.8666666666666667	0.35546875	0.14453125	0	conditioned-middle-v1	0	41.875	0	0	0	195.25
heldout	ConditionedQuadratic	22	1.8666666666666667	0.35546875	0.14453125	0	conditioned-middle-v1	2	115.625	0	0	0	195.25
heldout	ConditionedQuadratic	22	1.8666666666666667	0.35546875	0.14453125	0	conditioned-middle-v1	3	151	1	0	0	195.25
heldout	ConditionedQuadratic	22	1.8666666666666667	0.35546875	0.14453125	0	conditioned-middle-v1	4	151.166	1	0	0	195.25
heldout	ConditionedQuadratic	22	1.8666666666666667	0.35546875	0.14453125	0	conditioned-high-v1	0	46.290999999999997	0	0	0	195.25
heldout	ConditionedQuadratic	22	1.8666666666666667	0.35546875	0.14453125	0	conditioned-high-v1	2	120.084	0	0	0	195.25
heldout	ConditionedQuadratic	22	1.8666666666666667	0.35546875	0.14453125	0	conditioned-high-v1	3	158	1	0	0	195.25
heldout	ConditionedQuadratic	22	1.8666666666666667	0.35546875	0.14453125	0	conditioned-high-v1	4	155.292	1	0	0	195.25
heldout	ConditionedQuadratic	23	1.2357142857142858	0.37109375	0.12890625	0	conditioned-low-v1	0	40.667000000000002	0	0	0	156.833
heldout	ConditionedQuadratic	23	1.2357142857142858	0.37109375	0.12890625	0	conditioned-low-v1	2	114.376	0	0	0	156.833
heldout	ConditionedQuadratic	23	1.2357142857142858	0.37109375	0.12890625	0	conditioned-low-v1	3	149.542	1	0	0	156.833
heldout	ConditionedQuadratic	23	1.2357142857142858	0.37109375	0.12890625	0	conditioned-low-v1	4	149.292	1	0	0	156.833
heldout	ConditionedQuadratic	23	1.2357142857142858	0.37109375	0.12890625	0	conditioned-middle-v1	0	41.417000000000002	0	0	0	156.833
heldout	ConditionedQuadratic	23	1.2357142857142858	0.37109375	0.12890625	0	conditioned-middle-v1	2	115.583	0	0	0	156.833
heldout	ConditionedQuadratic	23	1.2357142857142858	0.37109375	0.12890625	0	conditioned-middle-v1	3	150.667	1	0	0	156.833
heldout	ConditionedQuadratic	23	1.2357142857142858	0.37109375	0.12890625	0	conditioned-middle-v1	4	150.208	1	0	0	156.833
heldout	ConditionedQuadratic	23	1.2357142857142858	0.37109375	0.12890625	0	conditioned-high-v1	0	46.209000000000003	0	0	0	156.833
heldout	ConditionedQuadratic	23	1.2357142857142858	0.37109375	0.12890625	0	conditioned-high-v1	2	120.249	0	0	0	156.833
heldout	ConditionedQuadratic	23	1.2357142857142858	0.37109375	0.12890625	0	conditioned-high-v1	3	155.75	1	0	0	156.833
heldout	ConditionedQuadratic	23	1.2357142857142858	0.37109375	0.12890625	0	conditioned-high-v1	4	155.333	1	0	0	156.833
heldout	ConditionedQuadratic	24	1.3666666666666667	0.38671875	0.11328125	0	conditioned-low-v1	0	40.667000000000002	0	0	0	157.916
heldout	ConditionedQuadratic	24	1.3666666666666667	0.38671875	0.11328125	0	conditioned-low-v1	2	115.12499999999997	0	0	0	157.916
heldout	ConditionedQuadratic	24	1.3666666666666667	0.38671875	0.11328125	0	conditioned-low-v1	3	150.333	1	0	0	157.916
heldout	ConditionedQuadratic	24	1.3666666666666667	0.38671875	0.11328125	0	conditioned-low-v1	4	149.417	1	0	0	157.916
heldout	ConditionedQuadratic	24	1.3666666666666667	0.38671875	0.11328125	0	conditioned-middle-v1	0	40.832999999999998	0	0	0	157.916
heldout	ConditionedQuadratic	24	1.3666666666666667	0.38671875	0.11328125	0	conditioned-middle-v1	2	114.79300000000001	0	0	0	157.916
heldout	ConditionedQuadratic	24	1.3666666666666667	0.38671875	0.11328125	0	conditioned-middle-v1	3	150.459	1	0	0	157.916
heldout	ConditionedQuadratic	24	1.3666666666666667	0.38671875	0.11328125	0	conditioned-middle-v1	4	150.042	1	0	0	157.916
heldout	ConditionedQuadratic	24	1.3666666666666667	0.38671875	0.11328125	0	conditioned-high-v1	0	45.709000000000003	0	0	0	157.916
heldout	ConditionedQuadratic	24	1.3666666666666667	0.38671875	0.11328125	0	conditioned-high-v1	2	119.62400000000002	0	0	0	157.916
heldout	ConditionedQuadratic	24	1.3666666666666667	0.38671875	0.11328125	0	conditioned-high-v1	3	155.083	1	0	0	157.916
heldout	ConditionedQuadratic	24	1.3666666666666667	0.38671875	0.11328125	0	conditioned-high-v1	4	155.041	1	0	0	157.916
heldout	ConditionedQuadratic	25	1.4976190476190476	0.40234375	0.09765625	0	conditioned-low-v1	0	41.082999999999998	0	0	0	155.916
heldout	ConditionedQuadratic	25	1.4976190476190476	0.40234375	0.09765625	0	conditioned-low-v1	2	115.249	0	0	0	155.916
heldout	ConditionedQuadratic	25	1.4976190476190476	0.40234375	0.09765625	0	conditioned-low-v1	3	150.167	1	0	0	155.916
heldout	ConditionedQuadratic	25	1.4976190476190476	0.40234375	0.09765625	0	conditioned-low-v1	4	151.084	1	0	0	155.916
heldout	ConditionedQuadratic	25	1.4976190476190476	0.40234375	0.09765625	0	conditioned-middle-v1	0	40.081999999999994	0	0	0	155.916
heldout	ConditionedQuadratic	25	1.4976190476190476	0.40234375	0.09765625	0	conditioned-middle-v1	2	114.16699999999997	0	0	0	155.916
heldout	ConditionedQuadratic	25	1.4976190476190476	0.40234375	0.09765625	0	conditioned-middle-v1	3	149.917	1	0	0	155.916
heldout	ConditionedQuadratic	25	1.4976190476190476	0.40234375	0.09765625	0	conditioned-middle-v1	4	148.375	1	0	0	155.916
heldout	ConditionedQuadratic	25	1.4976190476190476	0.40234375	0.09765625	0	conditioned-high-v1	0	45.582999999999998	0	0	0	155.916
heldout	ConditionedQuadratic	25	1.4976190476190476	0.40234375	0.09765625	0	conditioned-high-v1	2	119.16600000000003	0	0	0	155.916
heldout	ConditionedQuadratic	25	1.4976190476190476	0.40234375	0.09765625	0	conditioned-high-v1	3	154.666	1	0	0	155.916
heldout	ConditionedQuadratic	25	1.4976190476190476	0.40234375	0.09765625	0	conditioned-high-v1	4	154.167	1	0	0	155.916
heldout	ConditionedQuadratic	26	1.6285714285714286	0.41796875	0.08203125	0	conditioned-low-v1	0	41.542000000000002	0	0	0	156.833
heldout	ConditionedQuadratic	26	1.6285714285714286	0.41796875	0.08203125	0	conditioned-low-v1	2	116.083	0	0	0	156.833
heldout	ConditionedQuadratic	26	1.6285714285714286	0.41796875	0.08203125	0	conditioned-low-v1	3	152.667	1	0	0	156.833
heldout	ConditionedQuadratic	26	1.6285714285714286	0.41796875	0.08203125	0	conditioned-low-v1	4	150.333	1	0	0	156.833
heldout	ConditionedQuadratic	26	1.6285714285714286	0.41796875	0.08203125	0	conditioned-middle-v1	0	39.417000000000002	0	0	0	156.833
heldout	ConditionedQuadratic	26	1.6285714285714286	0.41796875	0.08203125	0	conditioned-middle-v1	2	113.33299999999997	0	0	0	156.833
heldout	ConditionedQuadratic	26	1.6285714285714286	0.41796875	0.08203125	0	conditioned-middle-v1	3	149.167	1	0	0	156.833
heldout	ConditionedQuadratic	26	1.6285714285714286	0.41796875	0.08203125	0	conditioned-middle-v1	4	149.5	1	0	0	156.833
heldout	ConditionedQuadratic	26	1.6285714285714286	0.41796875	0.08203125	0	conditioned-high-v1	0	44.957999999999998	0	0	0	156.833
heldout	ConditionedQuadratic	26	1.6285714285714286	0.41796875	0.08203125	0	conditioned-high-v1	2	118.751	0	0	0	156.833
heldout	ConditionedQuadratic	26	1.6285714285714286	0.41796875	0.08203125	0	conditioned-high-v1	3	154.542	1	0	0	156.833
heldout	ConditionedQuadratic	26	1.6285714285714286	0.41796875	0.08203125	0	conditioned-high-v1	4	154.458	1	0	0	156.833
heldout	ConditionedQuadratic	27	1.7595238095238095	0.43359375	0.06640625	0	conditioned-low-v1	0	41.832999999999998	0	0	0	158.333
heldout	ConditionedQuadratic	27	1.7595238095238095	0.43359375	0.06640625	0	conditioned-low-v1	2	117.75	0	0	0	158.333
heldout	ConditionedQuadratic	27	1.7595238095238095	0.43359375	0.06640625	0	conditioned-low-v1	3	154.667	1	0	0	158.333
heldout	ConditionedQuadratic	27	1.7595238095238095	0.43359375	0.06640625	0	conditioned-low-v1	4	152.375	1	0	0	158.333
heldout	ConditionedQuadratic	27	1.7595238095238095	0.43359375	0.06640625	0	conditioned-middle-v1	0	39.25	0	0	0	158.333
heldout	ConditionedQuadratic	27	1.7595238095238095	0.43359375	0.06640625	0	conditioned-middle-v1	2	111.375	1	0	0	158.333
heldout	ConditionedQuadratic	27	1.7595238095238095	0.43359375	0.06640625	0	conditioned-middle-v1	3	111.208	1	0	0	158.333
heldout	ConditionedQuadratic	27	1.7595238095238095	0.43359375	0.06640625	0	conditioned-middle-v1	4	111.292	1	0	0	158.333
heldout	ConditionedQuadratic	27	1.7595238095238095	0.43359375	0.06640625	0	conditioned-high-v1	0	44.876000000000005	0	0	0	158.333
heldout	ConditionedQuadratic	27	1.7595238095238095	0.43359375	0.06640625	0	conditioned-high-v1	2	119.875	0	0	0	158.333
heldout	ConditionedQuadratic	27	1.7595238095238095	0.43359375	0.06640625	0	conditioned-high-v1	3	157.375	1	0	0	158.333
heldout	ConditionedQuadratic	27	1.7595238095238095	0.43359375	0.06640625	0	conditioned-high-v1	4	154.833	1	0	0	158.333
heldout	ConditionedQuadratic	28	1.8904761904761904	0.44921875	0.05078125	0	conditioned-low-v1	0	42.332999999999998	0	0	0	196.125
heldout	ConditionedQuadratic	28	1.8904761904761904	0.44921875	0.05078125	0	conditioned-low-v1	2	119.70800000000003	0	0	0	196.125
heldout	ConditionedQuadratic	28	1.8904761904761904	0.44921875	0.05078125	0	conditioned-low-v1	3	152.791	1	0	0	196.125
heldout	ConditionedQuadratic	28	1.8904761904761904	0.44921875	0.05078125	0	conditioned-low-v1	4	152.708	1	0	0	196.125
heldout	ConditionedQuadratic	28	1.8904761904761904	0.44921875	0.05078125	0	conditioned-middle-v1	0	38.207999999999998	0	0	0	196.125
heldout	ConditionedQuadratic	28	1.8904761904761904	0.44921875	0.05078125	0	conditioned-middle-v1	2	110.209	1	0	0	196.125
heldout	ConditionedQuadratic	28	1.8904761904761904	0.44921875	0.05078125	0	conditioned-middle-v1	3	111.125	1	0	0	196.125
heldout	ConditionedQuadratic	28	1.8904761904761904	0.44921875	0.05078125	0	conditioned-middle-v1	4	110.584	1	0	0	196.125
heldout	ConditionedQuadratic	28	1.8904761904761904	0.44921875	0.05078125	0	conditioned-high-v1	0	44.459000000000003	0	0	0	196.125
heldout	ConditionedQuadratic	28	1.8904761904761904	0.44921875	0.05078125	0	conditioned-high-v1	2	118.91699999999997	0	0	0	196.125
heldout	ConditionedQuadratic	28	1.8904761904761904	0.44921875	0.05078125	0	conditioned-high-v1	3	156.583	1	0	0	196.125
heldout	ConditionedQuadratic	28	1.8904761904761904	0.44921875	0.05078125	0	conditioned-high-v1	4	154.875	1	0	0	196.125
heldout	ConditionedQuadratic	29	1.2595238095238095	0.46484375	0.03515625	0	conditioned-low-v1	0	42.625	0	0	0	159.583
heldout	ConditionedQuadratic	29	1.2595238095238095	0.46484375	0.03515625	0	conditioned-low-v1	2	117.167	0	0	0	159.583
heldout	ConditionedQuadratic	29	1.2595238095238095	0.46484375	0.03515625	0	conditioned-low-v1	3	155.875	1	0	0	159.583
heldout	ConditionedQuadratic	29	1.2595238095238095	0.46484375	0.03515625	0	conditioned-low-v1	4	153.25	1	0	0	159.583
heldout	ConditionedQuadratic	29	1.2595238095238095	0.46484375	0.03515625	0	conditioned-middle-v1	0	35.584000000000003	1	0	0	159.583
heldout	ConditionedQuadratic	29	1.2595238095238095	0.46484375	0.03515625	0	conditioned-middle-v1	2	35.334000000000003	1	0	0	159.583
heldout	ConditionedQuadratic	29	1.2595238095238095	0.46484375	0.03515625	0	conditioned-middle-v1	3	35.290999999999997	1	0	0	159.583
heldout	ConditionedQuadratic	29	1.2595238095238095	0.46484375	0.03515625	0	conditioned-middle-v1	4	35.290999999999997	1	0	0	159.583
heldout	ConditionedQuadratic	29	1.2595238095238095	0.46484375	0.03515625	0	conditioned-high-v1	0	44.042000000000002	0	0	0	159.583
heldout	ConditionedQuadratic	29	1.2595238095238095	0.46484375	0.03515625	0	conditioned-high-v1	2	118.916	0	0	0	159.583
heldout	ConditionedQuadratic	29	1.2595238095238095	0.46484375	0.03515625	0	conditioned-high-v1	3	155.292	1	0	0	159.583
heldout	ConditionedQuadratic	29	1.2595238095238095	0.46484375	0.03515625	0	conditioned-high-v1	4	154.625	1	0	0	159.583
heldout	ConditionedQuadratic	30	1.3904761904761904	0.48046875	0.01953125	0	conditioned-low-v1	0	43.040999999999997	0	0	0	156
heldout	ConditionedQuadratic	30	1.3904761904761904	0.48046875	0.01953125	0	conditioned-low-v1	2	116	0	0	0	156
heldout	ConditionedQuadratic	30	1.3904761904761904	0.48046875	0.01953125	0	conditioned-low-v1	3	152.334	1	0	0	156
heldout	ConditionedQuadratic	30	1.3904761904761904	0.48046875	0.01953125	0	conditioned-low-v1	4	151.541	1	0	0	156
heldout	ConditionedQuadratic	30	1.3904761904761904	0.48046875	0.01953125	0	conditioned-middle-v1	0	34.832999999999998	1	0	0	156
heldout	ConditionedQuadratic	30	1.3904761904761904	0.48046875	0.01953125	0	conditioned-middle-v1	2	34.75	1	0	0	156
heldout	ConditionedQuadratic	30	1.3904761904761904	0.48046875	0.01953125	0	conditioned-middle-v1	3	34.625	1	0	0	156
heldout	ConditionedQuadratic	30	1.3904761904761904	0.48046875	0.01953125	0	conditioned-middle-v1	4	34.665999999999997	1	0	0	156
heldout	ConditionedQuadratic	30	1.3904761904761904	0.48046875	0.01953125	0	conditioned-high-v1	0	43.417000000000002	0	0	0	156
heldout	ConditionedQuadratic	30	1.3904761904761904	0.48046875	0.01953125	0	conditioned-high-v1	2	118.04100000000003	0	0	0	156
heldout	ConditionedQuadratic	30	1.3904761904761904	0.48046875	0.01953125	0	conditioned-high-v1	3	152.625	1	0	0	156
heldout	ConditionedQuadratic	30	1.3904761904761904	0.48046875	0.01953125	0	conditioned-high-v1	4	152.584	1	0	0	156
heldout	ConditionedQuadratic	31	1.5214285714285714	0.49609375	0.00390625	0	conditioned-low-v1	0	43.332999999999998	0	0	0	155.959
heldout	ConditionedQuadratic	31	1.5214285714285714	0.49609375	0.00390625	0	conditioned-low-v1	2	117.99900000000002	0	0	0	155.959
heldout	ConditionedQuadratic	31	1.5214285714285714	0.49609375	0.00390625	0	conditioned-low-v1	3	151.583	1	0	0	155.959
heldout	ConditionedQuadratic	31	1.5214285714285714	0.49609375	0.00390625	0	conditioned-low-v1	4	150.75	1	0	0	155.959
heldout	ConditionedQuadratic	31	1.5214285714285714	0.49609375	0.00390625	0	conditioned-middle-v1	0	34.375	1	0	0	155.959
heldout	ConditionedQuadratic	31	1.5214285714285714	0.49609375	0.00390625	0	conditioned-middle-v1	2	34.167000000000002	1	0	0	155.959
heldout	ConditionedQuadratic	31	1.5214285714285714	0.49609375	0.00390625	0	conditioned-middle-v1	3	34.084000000000003	1	0	0	155.959
heldout	ConditionedQuadratic	31	1.5214285714285714	0.49609375	0.00390625	0	conditioned-middle-v1	4	33.957999999999998	1	0	0	155.959
heldout	ConditionedQuadratic	31	1.5214285714285714	0.49609375	0.00390625	0	conditioned-high-v1	0	43.167000000000002	0	0	0	155.959
heldout	ConditionedQuadratic	31	1.5214285714285714	0.49609375	0.00390625	0	conditioned-high-v1	2	116.91800000000001	0	0	0	155.959
heldout	ConditionedQuadratic	31	1.5214285714285714	0.49609375	0.00390625	0	conditioned-high-v1	3	152.583	1	0	0	155.959
heldout	ConditionedQuadratic	31	1.5214285714285714	0.49609375	0.00390625	0	conditioned-high-v1	4	151.166	1	0	0	155.959
heldout	ConditionedQuadratic	32	1.6523809523809523	0.51171875	0.01171875	0	conditioned-low-v1	0	43.415999999999997	0	0	0	156.25
heldout	ConditionedQuadratic	32	1.6523809523809523	0.51171875	0.01171875	0	conditioned-low-v1	2	117.416	0	0	0	156.25
heldout	ConditionedQuadratic	32	1.6523809523809523	0.51171875	0.01171875	0	conditioned-low-v1	3	152.416	1	0	0	156.25
heldout	ConditionedQuadratic	32	1.6523809523809523	0.51171875	0.01171875	0	conditioned-low-v1	4	152.208	1	0	0	156.25
heldout	ConditionedQuadratic	32	1.6523809523809523	0.51171875	0.01171875	0	conditioned-middle-v1	0	34.5	1	0	0	156.25
heldout	ConditionedQuadratic	32	1.6523809523809523	0.51171875	0.01171875	0	conditioned-middle-v1	2	34.5	1	0	0	156.25
heldout	ConditionedQuadratic	32	1.6523809523809523	0.51171875	0.01171875	0	conditioned-middle-v1	3	34.290999999999997	1	0	0	156.25
heldout	ConditionedQuadratic	32	1.6523809523809523	0.51171875	0.01171875	0	conditioned-middle-v1	4	34.375	1	0	0	156.25
heldout	ConditionedQuadratic	32	1.6523809523809523	0.51171875	0.01171875	0	conditioned-high-v1	0	42.790999999999997	0	0	0	156.25
heldout	ConditionedQuadratic	32	1.6523809523809523	0.51171875	0.01171875	0	conditioned-high-v1	2	116.91700000000003	0	0	0	156.25
heldout	ConditionedQuadratic	32	1.6523809523809523	0.51171875	0.01171875	0	conditioned-high-v1	3	152.375	1	0	0	156.25
heldout	ConditionedQuadratic	32	1.6523809523809523	0.51171875	0.01171875	0	conditioned-high-v1	4	152.542	1	0	0	156.25
heldout	ConditionedQuadratic	33	1.7833333333333332	0.52734375	0.02734375	0	conditioned-low-v1	0	43.832999999999998	0	0	0	193.25
heldout	ConditionedQuadratic	33	1.7833333333333332	0.52734375	0.02734375	0	conditioned-low-v1	2	117.583	0	0	0	193.25
heldout	ConditionedQuadratic	33	1.7833333333333332	0.52734375	0.02734375	0	conditioned-low-v1	3	152.709	1	0	0	193.25
heldout	ConditionedQuadratic	33	1.7833333333333332	0.52734375	0.02734375	0	conditioned-low-v1	4	152.542	1	0	0	193.25
heldout	ConditionedQuadratic	33	1.7833333333333332	0.52734375	0.02734375	0	conditioned-middle-v1	0	35.042000000000002	1	0	0	193.25
heldout	ConditionedQuadratic	33	1.7833333333333332	0.52734375	0.02734375	0	conditioned-middle-v1	2	35	1	0	0	193.25
heldout	ConditionedQuadratic	33	1.7833333333333332	0.52734375	0.02734375	0	conditioned-middle-v1	3	34.875	1	0	0	193.25
heldout	ConditionedQuadratic	33	1.7833333333333332	0.52734375	0.02734375	0	conditioned-middle-v1	4	34.875	1	0	0	193.25
heldout	ConditionedQuadratic	33	1.7833333333333332	0.52734375	0.02734375	0	conditioned-high-v1	0	42.415999999999997	0	0	0	193.25
heldout	ConditionedQuadratic	33	1.7833333333333332	0.52734375	0.02734375	0	conditioned-high-v1	2	116.501	0	0	0	193.25
heldout	ConditionedQuadratic	33	1.7833333333333332	0.52734375	0.02734375	0	conditioned-high-v1	3	151.666	1	0	0	193.25
heldout	ConditionedQuadratic	33	1.7833333333333332	0.52734375	0.02734375	0	conditioned-high-v1	4	150.75	1	0	0	193.25
heldout	ConditionedQuadratic	34	1.9142857142857141	0.54296875	0.04296875	0	conditioned-low-v1	0	44.040999999999997	0	0	0	197.917
heldout	ConditionedQuadratic	34	1.9142857142857141	0.54296875	0.04296875	0	conditioned-low-v1	2	116.708	0	0	0	197.917
heldout	ConditionedQuadratic	34	1.9142857142857141	0.54296875	0.04296875	0	conditioned-low-v1	3	153.5	1	0	0	197.917
heldout	ConditionedQuadratic	34	1.9142857142857141	0.54296875	0.04296875	0	conditioned-low-v1	4	153.084	1	0	0	197.917
heldout	ConditionedQuadratic	34	1.9142857142857141	0.54296875	0.04296875	0	conditioned-middle-v1	0	35.582999999999998	1	0	0	197.917
heldout	ConditionedQuadratic	34	1.9142857142857141	0.54296875	0.04296875	0	conditioned-middle-v1	2	35.540999999999997	1	0	0	197.917
heldout	ConditionedQuadratic	34	1.9142857142857141	0.54296875	0.04296875	0	conditioned-middle-v1	3	35.540999999999997	1	0	0	197.917
heldout	ConditionedQuadratic	34	1.9142857142857141	0.54296875	0.04296875	0	conditioned-middle-v1	4	35.457999999999998	1	0	0	197.917
heldout	ConditionedQuadratic	34	1.9142857142857141	0.54296875	0.04296875	0	conditioned-high-v1	0	42.042000000000002	0	0	0	197.917
heldout	ConditionedQuadratic	34	1.9142857142857141	0.54296875	0.04296875	0	conditioned-high-v1	2	116.24900000000002	0	0	0	197.917
heldout	ConditionedQuadratic	34	1.9142857142857141	0.54296875	0.04296875	0	conditioned-high-v1	3	150.958	1	0	0	197.917
heldout	ConditionedQuadratic	34	1.9142857142857141	0.54296875	0.04296875	0	conditioned-high-v1	4	152.959	1	0	0	197.917
heldout	ConditionedQuadratic	35	1.2833333333333332	0.55859375	0.05859375	0	conditioned-low-v1	0	44.25	0	0	0	156.5
heldout	ConditionedQuadratic	35	1.2833333333333332	0.55859375	0.05859375	0	conditioned-low-v1	2	118.5	0	0	0	156.5
heldout	ConditionedQuadratic	35	1.2833333333333332	0.55859375	0.05859375	0	conditioned-low-v1	3	153.375	1	0	0	156.5
heldout	ConditionedQuadratic	35	1.2833333333333332	0.55859375	0.05859375	0	conditioned-low-v1	4	154.042	1	0	0	156.5
heldout	ConditionedQuadratic	35	1.2833333333333332	0.55859375	0.05859375	0	conditioned-middle-v1	0	38.707999999999998	0	0	0	156.5
heldout	ConditionedQuadratic	35	1.2833333333333332	0.55859375	0.05859375	0	conditioned-middle-v1	2	110.5	1	0	0	156.5
heldout	ConditionedQuadratic	35	1.2833333333333332	0.55859375	0.05859375	0	conditioned-middle-v1	3	110.583	1	0	0	156.5
heldout	ConditionedQuadratic	35	1.2833333333333332	0.55859375	0.05859375	0	conditioned-middle-v1	4	110.334	1	0	0	156.5
heldout	ConditionedQuadratic	35	1.2833333333333332	0.55859375	0.05859375	0	conditioned-high-v1	0	41.751000000000005	0	0	0	156.5
heldout	ConditionedQuadratic	35	1.2833333333333332	0.55859375	0.05859375	0	conditioned-high-v1	2	116.125	0	0	0	156.5
heldout	ConditionedQuadratic	35	1.2833333333333332	0.55859375	0.05859375	0	conditioned-high-v1	3	151.75	1	0	0	156.5
heldout	ConditionedQuadratic	35	1.2833333333333332	0.55859375	0.05859375	0	conditioned-high-v1	4	151.625	1	0	0	156.5
heldout	ConditionedQuadratic	36	1.4142857142857141	0.57421875	0.07421875	0	conditioned-low-v1	0	44.792000000000002	0	0	0	157.417
heldout	ConditionedQuadratic	36	1.4142857142857141	0.57421875	0.07421875	0	conditioned-low-v1	2	119.167	0	0	0	157.417
heldout	ConditionedQuadratic	36	1.4142857142857141	0.57421875	0.07421875	0	conditioned-low-v1	3	154.667	1	0	0	157.417
heldout	ConditionedQuadratic	36	1.4142857142857141	0.57421875	0.07421875	0	conditioned-low-v1	4	154.125	1	0	0	157.417
heldout	ConditionedQuadratic	36	1.4142857142857141	0.57421875	0.07421875	0	conditioned-middle-v1	0	39.167000000000002	0	0	0	157.417
heldout	ConditionedQuadratic	36	1.4142857142857141	0.57421875	0.07421875	0	conditioned-middle-v1	2	113.45799999999997	0	0	0	157.417
heldout	ConditionedQuadratic	36	1.4142857142857141	0.57421875	0.07421875	0	conditioned-middle-v1	3	149.791	1	0	0	157.417
heldout	ConditionedQuadratic	36	1.4142857142857141	0.57421875	0.07421875	0	conditioned-middle-v1	4	148.791	1	0	0	157.417
heldout	ConditionedQuadratic	36	1.4142857142857141	0.57421875	0.07421875	0	conditioned-high-v1	0	41.625	0	0	0	157.417
heldout	ConditionedQuadratic	36	1.4142857142857141	0.57421875	0.07421875	0	conditioned-high-v1	2	115.83300000000003	0	0	0	157.417
heldout	ConditionedQuadratic	36	1.4142857142857141	0.57421875	0.07421875	0	conditioned-high-v1	3	151.792	1	0	0	157.417
heldout	ConditionedQuadratic	36	1.4142857142857141	0.57421875	0.07421875	0	conditioned-high-v1	4	152.041	1	0	0	157.417
heldout	ConditionedQuadratic	37	1.5452380952380951	0.58984375	0.08984375	0	conditioned-low-v1	0	45.375	0	0	0	156.209
heldout	ConditionedQuadratic	37	1.5452380952380951	0.58984375	0.08984375	0	conditioned-low-v1	2	120.20800000000003	0	0	0	156.209
heldout	ConditionedQuadratic	37	1.5452380952380951	0.58984375	0.08984375	0	conditioned-low-v1	3	155.625	1	0	0	156.209
heldout	ConditionedQuadratic	37	1.5452380952380951	0.58984375	0.08984375	0	conditioned-low-v1	4	156.125	1	0	0	156.209
heldout	ConditionedQuadratic	37	1.5452380952380951	0.58984375	0.08984375	0	conditioned-middle-v1	0	40.5	0	0	0	156.209
heldout	ConditionedQuadratic	37	1.5452380952380951	0.58984375	0.08984375	0	conditioned-middle-v1	2	113.874	0	0	0	156.209
heldout	ConditionedQuadratic	37	1.5452380952380951	0.58984375	0.08984375	0	conditioned-middle-v1	3	149.459	1	0	0	156.209
heldout	ConditionedQuadratic	37	1.5452380952380951	0.58984375	0.08984375	0	conditioned-middle-v1	4	149.542	1	0	0	156.209
heldout	ConditionedQuadratic	37	1.5452380952380951	0.58984375	0.08984375	0	conditioned-high-v1	0	41.167000000000002	0	0	0	156.209
heldout	ConditionedQuadratic	37	1.5452380952380951	0.58984375	0.08984375	0	conditioned-high-v1	2	115.29199999999997	0	0	0	156.209
heldout	ConditionedQuadratic	37	1.5452380952380951	0.58984375	0.08984375	0	conditioned-high-v1	3	150.25	1	0	0	156.209
heldout	ConditionedQuadratic	37	1.5452380952380951	0.58984375	0.08984375	0	conditioned-high-v1	4	148.375	1	0	0	156.209
heldout	ConditionedQuadratic	38	1.676190476190476	0.60546875	0.10546875	0	conditioned-low-v1	0	45.625	0	0	0	155.708
heldout	ConditionedQuadratic	38	1.676190476190476	0.60546875	0.10546875	0	conditioned-low-v1	2	118.042	0	0	0	155.708
heldout	ConditionedQuadratic	38	1.676190476190476	0.60546875	0.10546875	0	conditioned-low-v1	3	153.417	1	0	0	155.708
heldout	ConditionedQuadratic	38	1.676190476190476	0.60546875	0.10546875	0	conditioned-low-v1	4	154.5	1	0	0	155.708
heldout	ConditionedQuadratic	38	1.676190476190476	0.60546875	0.10546875	0	conditioned-middle-v1	0	40.125	0	0	0	155.708
heldout	ConditionedQuadratic	38	1.676190476190476	0.60546875	0.10546875	0	conditioned-middle-v1	2	113.75	0	0	0	155.708
heldout	ConditionedQuadratic	38	1.676190476190476	0.60546875	0.10546875	0	conditioned-middle-v1	3	149.917	1	0	0	155.708
heldout	ConditionedQuadratic	38	1.676190476190476	0.60546875	0.10546875	0	conditioned-middle-v1	4	148.917	1	0	0	155.708
heldout	ConditionedQuadratic	38	1.676190476190476	0.60546875	0.10546875	0	conditioned-high-v1	0	40.75	0	0	0	155.708
heldout	ConditionedQuadratic	38	1.676190476190476	0.60546875	0.10546875	0	conditioned-high-v1	2	114.25000000000003	0	0	0	155.708
heldout	ConditionedQuadratic	38	1.676190476190476	0.60546875	0.10546875	0	conditioned-high-v1	3	149.833	1	0	0	155.708
heldout	ConditionedQuadratic	38	1.676190476190476	0.60546875	0.10546875	0	conditioned-high-v1	4	150.041	1	0	0	155.708
heldout	ConditionedQuadratic	39	1.8071428571428569	0.62109375	0.12109375	0	conditioned-low-v1	0	45.876000000000005	0	0	0	191.833
heldout	ConditionedQuadratic	39	1.8071428571428569	0.62109375	0.12109375	0	conditioned-low-v1	2	119.91800000000001	0	0	0	191.833
heldout	ConditionedQuadratic	39	1.8071428571428569	0.62109375	0.12109375	0	conditioned-low-v1	3	154.958	1	0	0	191.833
heldout	ConditionedQuadratic	39	1.8071428571428569	0.62109375	0.12109375	0	conditioned-low-v1	4	155.917	1	0	0	191.833
heldout	ConditionedQuadratic	39	1.8071428571428569	0.62109375	0.12109375	0	conditioned-middle-v1	0	40.917000000000002	0	0	0	191.833
heldout	ConditionedQuadratic	39	1.8071428571428569	0.62109375	0.12109375	0	conditioned-middle-v1	2	115.375	0	0	0	191.833
heldout	ConditionedQuadratic	39	1.8071428571428569	0.62109375	0.12109375	0	conditioned-middle-v1	3	150.042	1	0	0	191.833
heldout	ConditionedQuadratic	39	1.8071428571428569	0.62109375	0.12109375	0	conditioned-middle-v1	4	149.75	1	0	0	191.833
heldout	ConditionedQuadratic	39	1.8071428571428569	0.62109375	0.12109375	0	conditioned-high-v1	0	40.542000000000002	0	0	0	191.833
heldout	ConditionedQuadratic	39	1.8071428571428569	0.62109375	0.12109375	0	conditioned-high-v1	2	114.37599999999998	0	0	0	191.833
heldout	ConditionedQuadratic	39	1.8071428571428569	0.62109375	0.12109375	0	conditioned-high-v1	3	149.292	1	0	0	191.833
heldout	ConditionedQuadratic	39	1.8071428571428569	0.62109375	0.12109375	0	conditioned-high-v1	4	149.625	1	0	0	191.833
heldout	ConditionedQuadratic	40	1.9380952380952381	0.63671875	0.13671875	0	conditioned-low-v1	0	46.456999999999994	0	0	0	193.333
heldout	ConditionedQuadratic	40	1.9380952380952381	0.63671875	0.13671875	0	conditioned-low-v1	2	119.79100000000003	0	0	0	193.333
heldout	ConditionedQuadratic	40	1.9380952380952381	0.63671875	0.13671875	0	conditioned-low-v1	3	154.167	1	0	0	193.333
heldout	ConditionedQuadratic	40	1.9380952380952381	0.63671875	0.13671875	0	conditioned-low-v1	4	154.875	1	0	0	193.333
heldout	ConditionedQuadratic	40	1.9380952380952381	0.63671875	0.13671875	0	conditioned-middle-v1	0	41.665999999999997	0	0	0	193.333
heldout	ConditionedQuadratic	40	1.9380952380952381	0.63671875	0.13671875	0	conditioned-middle-v1	2	115.333	0	0	0	193.333
heldout	ConditionedQuadratic	40	1.9380952380952381	0.63671875	0.13671875	0	conditioned-middle-v1	3	150.334	1	0	0	193.333
heldout	ConditionedQuadratic	40	1.9380952380952381	0.63671875	0.13671875	0	conditioned-middle-v1	4	149.625	1	0	0	193.333
heldout	ConditionedQuadratic	40	1.9380952380952381	0.63671875	0.13671875	0	conditioned-high-v1	0	40.165999999999997	0	0	0	193.333
heldout	ConditionedQuadratic	40	1.9380952380952381	0.63671875	0.13671875	0	conditioned-high-v1	2	114.37500000000003	0	0	0	193.333
heldout	ConditionedQuadratic	40	1.9380952380952381	0.63671875	0.13671875	0	conditioned-high-v1	3	148.208	1	0	0	193.333
heldout	ConditionedQuadratic	40	1.9380952380952381	0.63671875	0.13671875	0	conditioned-high-v1	4	150.042	1	0	0	193.333
heldout	ConditionedQuadratic	41	1.3071428571428572	0.65234375	0.15234375	0	conditioned-low-v1	0	46.792000000000002	0	0	0	156.209
heldout	ConditionedQuadratic	41	1.3071428571428572	0.65234375	0.15234375	0	conditioned-low-v1	2	119.20800000000003	0	0	0	156.209
heldout	ConditionedQuadratic	41	1.3071428571428572	0.65234375	0.15234375	0	conditioned-low-v1	3	156.125	1	0	0	156.209
heldout	ConditionedQuadratic	41	1.3071428571428572	0.65234375	0.15234375	0	conditioned-low-v1	4	155	1	0	0	156.209
heldout	ConditionedQuadratic	41	1.3071428571428572	0.65234375	0.15234375	0	conditioned-middle-v1	0	42.332999999999998	0	0	0	156.209
heldout	ConditionedQuadratic	41	1.3071428571428572	0.65234375	0.15234375	0	conditioned-middle-v1	2	116.58300000000003	0	0	0	156.209
heldout	ConditionedQuadratic	41	1.3071428571428572	0.65234375	0.15234375	0	conditioned-middle-v1	3	151	1	0	0	156.209
heldout	ConditionedQuadratic	41	1.3071428571428572	0.65234375	0.15234375	0	conditioned-middle-v1	4	151.459	1	0	0	156.209
heldout	ConditionedQuadratic	41	1.3071428571428572	0.65234375	0.15234375	0	conditioned-high-v1	0	39.790999999999997	0	0	0	156.209
heldout	ConditionedQuadratic	41	1.3071428571428572	0.65234375	0.15234375	0	conditioned-high-v1	2	113.959	0	0	0	156.209
heldout	ConditionedQuadratic	41	1.3071428571428572	0.65234375	0.15234375	0	conditioned-high-v1	3	149.042	1	0	0	156.209
heldout	ConditionedQuadratic	41	1.3071428571428572	0.65234375	0.15234375	0	conditioned-high-v1	4	148.917	1	0	0	156.209
heldout	ConditionedQuadratic	42	1.4380952380952381	0.66796875	0.16796875	0	conditioned-low-v1	0	47.292000000000002	0	0	0	156.042
heldout	ConditionedQuadratic	42	1.4380952380952381	0.66796875	0.16796875	0	conditioned-low-v1	2	121.084	0	0	0	156.042
heldout	ConditionedQuadratic	42	1.4380952380952381	0.66796875	0.16796875	0	conditioned-low-v1	3	157.084	1	0	0	156.042
heldout	ConditionedQuadratic	42	1.4380952380952381	0.66796875	0.16796875	0	conditioned-low-v1	4	155.708	1	0	0	156.042
heldout	ConditionedQuadratic	42	1.4380952380952381	0.66796875	0.16796875	0	conditioned-middle-v1	0	43.001000000000005	0	0	0	156.042
heldout	ConditionedQuadratic	42	1.4380952380952381	0.66796875	0.16796875	0	conditioned-middle-v1	2	116.87500000000003	0	0	0	156.042
heldout	ConditionedQuadratic	42	1.4380952380952381	0.66796875	0.16796875	0	conditioned-middle-v1	3	150.458	1	0	0	156.042
heldout	ConditionedQuadratic	42	1.4380952380952381	0.66796875	0.16796875	0	conditioned-middle-v1	4	151.875	1	0	0	156.042
heldout	ConditionedQuadratic	42	1.4380952380952381	0.66796875	0.16796875	0	conditioned-high-v1	0	40.042000000000002	0	0	0	156.042
heldout	ConditionedQuadratic	42	1.4380952380952381	0.66796875	0.16796875	0	conditioned-high-v1	2	113.041	0	0	0	156.042
heldout	ConditionedQuadratic	42	1.4380952380952381	0.66796875	0.16796875	0	conditioned-high-v1	3	148.75	1	0	0	156.042
heldout	ConditionedQuadratic	42	1.4380952380952381	0.66796875	0.16796875	0	conditioned-high-v1	4	147.209	1	0	0	156.042
heldout	ConditionedQuadratic	43	1.569047619047619	0.68359375	0.18359375	0	conditioned-low-v1	0	47.625	0	0	0	156.792
heldout	ConditionedQuadratic	43	1.569047619047619	0.68359375	0.18359375	0	conditioned-low-v1	2	121.666	0	0	0	156.792
heldout	ConditionedQuadratic	43	1.569047619047619	0.68359375	0.18359375	0	conditioned-low-v1	3	156.625	1	0	0	156.792
heldout	ConditionedQuadratic	43	1.569047619047619	0.68359375	0.18359375	0	conditioned-low-v1	4	158.875	1	0	0	156.792
heldout	ConditionedQuadratic	43	1.569047619047619	0.68359375	0.18359375	0	conditioned-middle-v1	0	43.873999999999995	0	0	0	156.792
heldout	ConditionedQuadratic	43	1.569047619047619	0.68359375	0.18359375	0	conditioned-middle-v1	2	118.16699999999997	0	0	0	156.792
heldout	ConditionedQuadratic	43	1.569047619047619	0.68359375	0.18359375	0	conditioned-middle-v1	3	153.041	1	0	0	156.792
heldout	ConditionedQuadratic	43	1.569047619047619	0.68359375	0.18359375	0	conditioned-middle-v1	4	153.084	1	0	0	156.792
heldout	ConditionedQuadratic	43	1.569047619047619	0.68359375	0.18359375	0	conditioned-high-v1	0	41.790999999999997	0	0	0	156.792
heldout	ConditionedQuadratic	43	1.569047619047619	0.68359375	0.18359375	0	conditioned-high-v1	2	113.41600000000003	0	0	0	156.792
heldout	ConditionedQuadratic	43	1.569047619047619	0.68359375	0.18359375	0	conditioned-high-v1	3	149.75	1	0	0	156.792
heldout	ConditionedQuadratic	43	1.569047619047619	0.68359375	0.18359375	0	conditioned-high-v1	4	149.708	1	0	0	156.792
heldout	ConditionedQuadratic	44	1.7	0.69921875	0.19921875	0	conditioned-low-v1	0	47.957999999999998	0	0	0	157.25
heldout	ConditionedQuadratic	44	1.7	0.69921875	0.19921875	0	conditioned-low-v1	2	120.875	0	0	0	157.25
heldout	ConditionedQuadratic	44	1.7	0.69921875	0.19921875	0	conditioned-low-v1	3	158.583	1	0	0	157.25
heldout	ConditionedQuadratic	44	1.7	0.69921875	0.19921875	0	conditioned-low-v1	4	157.208	1	0	0	157.25
heldout	ConditionedQuadratic	44	1.7	0.69921875	0.19921875	0	conditioned-middle-v1	0	44.542000000000002	0	0	0	157.25
heldout	ConditionedQuadratic	44	1.7	0.69921875	0.19921875	0	conditioned-middle-v1	2	118.916	0	0	0	157.25
heldout	ConditionedQuadratic	44	1.7	0.69921875	0.19921875	0	conditioned-middle-v1	3	154.708	1	0	0	157.25
heldout	ConditionedQuadratic	44	1.7	0.69921875	0.19921875	0	conditioned-middle-v1	4	155	1	0	0	157.25
heldout	ConditionedQuadratic	44	1.7	0.69921875	0.19921875	0	conditioned-high-v1	0	38.957999999999998	0	0	0	157.25
heldout	ConditionedQuadratic	44	1.7	0.69921875	0.19921875	0	conditioned-high-v1	2	112.667	0	0	0	157.25
heldout	ConditionedQuadratic	44	1.7	0.69921875	0.19921875	0	conditioned-high-v1	3	150.833	1	0	0	157.25
heldout	ConditionedQuadratic	44	1.7	0.69921875	0.19921875	0	conditioned-high-v1	4	148.25	1	0	0	157.25
heldout	ConditionedQuadratic	45	1.8309523809523809	0.71484375	0.21484375	0	conditioned-low-v1	0	48.540999999999997	0	0	0	195.125
heldout	ConditionedQuadratic	45	1.8309523809523809	0.71484375	0.21484375	0	conditioned-low-v1	2	122.58399999999997	0	0	0	195.125
heldout	ConditionedQuadratic	45	1.8309523809523809	0.71484375	0.21484375	0	conditioned-low-v1	3	157.666	1	0	0	195.125
heldout	ConditionedQuadratic	45	1.8309523809523809	0.71484375	0.21484375	0	conditioned-low-v1	4	157.666	1	0	0	195.125
heldout	ConditionedQuadratic	45	1.8309523809523809	0.71484375	0.21484375	0	conditioned-middle-v1	0	45.167000000000002	0	0	0	195.125
heldout	ConditionedQuadratic	45	1.8309523809523809	0.71484375	0.21484375	0	conditioned-middle-v1	2	119.917	0	0	0	195.125
heldout	ConditionedQuadratic	45	1.8309523809523809	0.71484375	0.21484375	0	conditioned-middle-v1	3	155.5	1	0	0	195.125
heldout	ConditionedQuadratic	45	1.8309523809523809	0.71484375	0.21484375	0	conditioned-middle-v1	4	155.125	1	0	0	195.125
heldout	ConditionedQuadratic	45	1.8309523809523809	0.71484375	0.21484375	0	conditioned-high-v1	0	38.623999999999995	0	0	0	195.125
heldout	ConditionedQuadratic	45	1.8309523809523809	0.71484375	0.21484375	0	conditioned-high-v1	2	113.49900000000002	0	0	0	195.125
heldout	ConditionedQuadratic	45	1.8309523809523809	0.71484375	0.21484375	0	conditioned-high-v1	3	148.834	1	0	0	195.125
heldout	ConditionedQuadratic	45	1.8309523809523809	0.71484375	0.21484375	0	conditioned-high-v1	4	149.042	1	0	0	195.125
heldout	ConditionedQuadratic	46	1.2	0.73046875	0.23046875	0	conditioned-low-v1	0	49.167000000000002	0	0	0	158.75
heldout	ConditionedQuadratic	46	1.2	0.73046875	0.23046875	0	conditioned-low-v1	2	123.45799999999997	0	0	0	158.75
heldout	ConditionedQuadratic	46	1.2	0.73046875	0.23046875	0	conditioned-low-v1	3	159.292	1	0	0	158.75
heldout	ConditionedQuadratic	46	1.2	0.73046875	0.23046875	0	conditioned-low-v1	4	157.667	1	0	0	158.75
heldout	ConditionedQuadratic	46	1.2	0.73046875	0.23046875	0	conditioned-middle-v1	0	45.959000000000003	0	0	0	158.75
heldout	ConditionedQuadratic	46	1.2	0.73046875	0.23046875	0	conditioned-middle-v1	2	120.75	0	0	0	158.75
heldout	ConditionedQuadratic	46	1.2	0.73046875	0.23046875	0	conditioned-middle-v1	3	156.334	1	0	0	158.75
heldout	ConditionedQuadratic	46	1.2	0.73046875	0.23046875	0	conditioned-middle-v1	4	155.959	1	0	0	158.75
heldout	ConditionedQuadratic	46	1.2	0.73046875	0.23046875	0	conditioned-high-v1	0	38.5	0	0	0	158.75
heldout	ConditionedQuadratic	46	1.2	0.73046875	0.23046875	0	conditioned-high-v1	2	113.37500000000003	0	0	0	158.75
heldout	ConditionedQuadratic	46	1.2	0.73046875	0.23046875	0	conditioned-high-v1	3	149.291	1	0	0	158.75
heldout	ConditionedQuadratic	46	1.2	0.73046875	0.23046875	0	conditioned-high-v1	4	148.292	1	0	0	158.75
heldout	ConditionedQuadratic	47	1.3309523809523809	0.74609375	0.24609375	0	conditioned-low-v1	0	48.832999999999998	0	0	0	157.625
heldout	ConditionedQuadratic	47	1.3309523809523809	0.74609375	0.24609375	0	conditioned-low-v1	2	123.625	0	0	0	157.625
heldout	ConditionedQuadratic	47	1.3309523809523809	0.74609375	0.24609375	0	conditioned-low-v1	3	158.375	1	0	0	157.625
heldout	ConditionedQuadratic	47	1.3309523809523809	0.74609375	0.24609375	0	conditioned-low-v1	4	159.417	1	0	0	157.625
heldout	ConditionedQuadratic	47	1.3309523809523809	0.74609375	0.24609375	0	conditioned-middle-v1	0	48.5	0	0	0	157.625
heldout	ConditionedQuadratic	47	1.3309523809523809	0.74609375	0.24609375	0	conditioned-middle-v1	2	121.20899999999997	0	0	0	157.625
heldout	ConditionedQuadratic	47	1.3309523809523809	0.74609375	0.24609375	0	conditioned-middle-v1	3	156.708	1	0	0	157.625
heldout	ConditionedQuadratic	47	1.3309523809523809	0.74609375	0.24609375	0	conditioned-middle-v1	4	157.042	1	0	0	157.625
heldout	ConditionedQuadratic	47	1.3309523809523809	0.74609375	0.24609375	0	conditioned-high-v1	0	38.207999999999998	0	0	0	157.625
heldout	ConditionedQuadratic	47	1.3309523809523809	0.74609375	0.24609375	0	conditioned-high-v1	2	113.08399999999997	0	0	0	157.625
heldout	ConditionedQuadratic	47	1.3309523809523809	0.74609375	0.24609375	0	conditioned-high-v1	3	148.5	1	0	0	157.625
heldout	ConditionedQuadratic	47	1.3309523809523809	0.74609375	0.24609375	0	conditioned-high-v1	4	147.75	1	0	0	157.625
heldout	ConditionedQuadratic	48	1.4619047619047618	0.76171875	0.26171875	0	conditioned-low-v1	0	49.915999999999997	0	0	0	157.25
heldout	ConditionedQuadratic	48	1.4619047619047618	0.76171875	0.26171875	0	conditioned-low-v1	2	125.5	0	0	0	157.25
heldout	ConditionedQuadratic	48	1.4619047619047618	0.76171875	0.26171875	0	conditioned-low-v1	3	159.917	1	0	0	157.25
heldout	ConditionedQuadratic	48	1.4619047619047618	0.76171875	0.26171875	0	conditioned-low-v1	4	159.709	1	0	0	157.25
heldout	ConditionedQuadratic	48	1.4619047619047618	0.76171875	0.26171875	0	conditioned-middle-v1	0	47.832999999999998	0	0	0	157.25
heldout	ConditionedQuadratic	48	1.4619047619047618	0.76171875	0.26171875	0	conditioned-middle-v1	2	120.70699999999999	0	0	0	157.25
heldout	ConditionedQuadratic	48	1.4619047619047618	0.76171875	0.26171875	0	conditioned-middle-v1	3	157.75	1	0	0	157.25
heldout	ConditionedQuadratic	48	1.4619047619047618	0.76171875	0.26171875	0	conditioned-middle-v1	4	156.958	1	0	0	157.25
heldout	ConditionedQuadratic	48	1.4619047619047618	0.76171875	0.26171875	0	conditioned-high-v1	0	37.959000000000003	0	0	0	157.25
heldout	ConditionedQuadratic	48	1.4619047619047618	0.76171875	0.26171875	0	conditioned-high-v1	2	112.167	0	0	0	157.25
heldout	ConditionedQuadratic	48	1.4619047619047618	0.76171875	0.26171875	0	conditioned-high-v1	3	148.917	1	0	0	157.25
heldout	ConditionedQuadratic	48	1.4619047619047618	0.76171875	0.26171875	0	conditioned-high-v1	4	147.959	1	0	0	157.25
heldout	ConditionedQuadratic	49	1.5928571428571427	0.77734375	0.27734375	0	conditioned-low-v1	0	49.917000000000002	0	0	0	157.666
heldout	ConditionedQuadratic	49	1.5928571428571427	0.77734375	0.27734375	0	conditioned-low-v1	2	125.208	0	0	0	157.666
heldout	ConditionedQuadratic	49	1.5928571428571427	0.77734375	0.27734375	0	conditioned-low-v1	3	160.458	1	0	0	157.666
heldout	ConditionedQuadratic	49	1.5928571428571427	0.77734375	0.27734375	0	conditioned-low-v1	4	160.291	1	0	0	157.666
heldout	ConditionedQuadratic	49	1.5928571428571427	0.77734375	0.27734375	0	conditioned-middle-v1	0	48.376000000000005	0	0	0	157.666
heldout	ConditionedQuadratic	49	1.5928571428571427	0.77734375	0.27734375	0	conditioned-middle-v1	2	122.87400000000002	0	0	0	157.666
heldout	ConditionedQuadratic	49	1.5928571428571427	0.77734375	0.27734375	0	conditioned-middle-v1	3	159	1	0	0	157.666
heldout	ConditionedQuadratic	49	1.5928571428571427	0.77734375	0.27734375	0	conditioned-middle-v1	4	158.875	1	0	0	157.666
heldout	ConditionedQuadratic	49	1.5928571428571427	0.77734375	0.27734375	0	conditioned-high-v1	0	37.5	0	0	0	157.666
heldout	ConditionedQuadratic	49	1.5928571428571427	0.77734375	0.27734375	0	conditioned-high-v1	2	112.12400000000002	0	0	0	157.666
heldout	ConditionedQuadratic	49	1.5928571428571427	0.77734375	0.27734375	0	conditioned-high-v1	3	147.917	1	0	0	157.666
heldout	ConditionedQuadratic	49	1.5928571428571427	0.77734375	0.27734375	0	conditioned-high-v1	4	147.791	1	0	0	157.666
heldout	ConditionedQuadratic	50	1.7238095238095239	0.79296875	0.29296875	0	conditioned-low-v1	0	50.751000000000005	0	0	0	160.75
heldout	ConditionedQuadratic	50	1.7238095238095239	0.79296875	0.29296875	0	conditioned-low-v1	2	125.45899999999997	0	0	0	160.75
heldout	ConditionedQuadratic	50	1.7238095238095239	0.79296875	0.29296875	0	conditioned-low-v1	3	160.833	1	0	0	160.75
heldout	ConditionedQuadratic	50	1.7238095238095239	0.79296875	0.29296875	0	conditioned-low-v1	4	160	1	0	0	160.75
heldout	ConditionedQuadratic	50	1.7238095238095239	0.79296875	0.29296875	0	conditioned-middle-v1	0	49.292000000000002	0	0	0	160.75
heldout	ConditionedQuadratic	50	1.7238095238095239	0.79296875	0.29296875	0	conditioned-middle-v1	2	123.876	0	0	0	160.75
heldout	ConditionedQuadratic	50	1.7238095238095239	0.79296875	0.29296875	0	conditioned-middle-v1	3	159.666	1	0	0	160.75
heldout	ConditionedQuadratic	50	1.7238095238095239	0.79296875	0.29296875	0	conditioned-middle-v1	4	157.375	1	0	0	160.75
heldout	ConditionedQuadratic	50	1.7238095238095239	0.79296875	0.29296875	0	conditioned-high-v1	0	37.251000000000005	0	0	0	160.75
heldout	ConditionedQuadratic	50	1.7238095238095239	0.79296875	0.29296875	0	conditioned-high-v1	2	112.125	0	0	0	160.75
heldout	ConditionedQuadratic	50	1.7238095238095239	0.79296875	0.29296875	0	conditioned-high-v1	3	147.958	1	0	0	160.75
heldout	ConditionedQuadratic	50	1.7238095238095239	0.79296875	0.29296875	0	conditioned-high-v1	4	147.5	1	0	0	160.75
heldout	ConditionedQuadratic	51	1.8547619047619048	0.80859375	0.30859375	0	conditioned-low-v1	0	52.917000000000002	0	0	0	193.584
heldout	ConditionedQuadratic	51	1.8547619047619048	0.80859375	0.30859375	0	conditioned-low-v1	2	126.54199999999997	0	0	0	193.584
heldout	ConditionedQuadratic	51	1.8547619047619048	0.80859375	0.30859375	0	conditioned-low-v1	3	161.541	1	0	0	193.584
heldout	ConditionedQuadratic	51	1.8547619047619048	0.80859375	0.30859375	0	conditioned-low-v1	4	160.083	1	0	0	193.584
heldout	ConditionedQuadratic	51	1.8547619047619048	0.80859375	0.30859375	0	conditioned-middle-v1	0	50.415999999999997	0	0	0	193.584
heldout	ConditionedQuadratic	51	1.8547619047619048	0.80859375	0.30859375	0	conditioned-middle-v1	2	127.126	0	0	0	193.584
heldout	ConditionedQuadratic	51	1.8547619047619048	0.80859375	0.30859375	0	conditioned-middle-v1	3	160	1	0	0	193.584
heldout	ConditionedQuadratic	51	1.8547619047619048	0.80859375	0.30859375	0	conditioned-middle-v1	4	161.917	1	0	0	193.584
heldout	ConditionedQuadratic	51	1.8547619047619048	0.80859375	0.30859375	0	conditioned-high-v1	0	37.332999999999998	0	0	0	193.584
heldout	ConditionedQuadratic	51	1.8547619047619048	0.80859375	0.30859375	0	conditioned-high-v1	2	109.292	1	0	0	193.584
heldout	ConditionedQuadratic	51	1.8547619047619048	0.80859375	0.30859375	0	conditioned-high-v1	3	109.458	1	0	0	193.584
heldout	ConditionedQuadratic	51	1.8547619047619048	0.80859375	0.30859375	0	conditioned-high-v1	4	109.083	1	0	0	193.584
heldout	ConditionedQuadratic	52	1.2238095238095237	0.82421875	0.32421875	0	conditioned-low-v1	0	51.792000000000002	0	0	0	157.916
heldout	ConditionedQuadratic	52	1.2238095238095237	0.82421875	0.32421875	0	conditioned-low-v1	2	124.874	0	0	0	157.916
heldout	ConditionedQuadratic	52	1.2238095238095237	0.82421875	0.32421875	0	conditioned-low-v1	3	161.25	1	0	0	157.916
heldout	ConditionedQuadratic	52	1.2238095238095237	0.82421875	0.32421875	0	conditioned-low-v1	4	161.584	1	0	0	157.916
heldout	ConditionedQuadratic	52	1.2238095238095237	0.82421875	0.32421875	0	conditioned-middle-v1	0	51.25	0	0	0	157.916
heldout	ConditionedQuadratic	52	1.2238095238095237	0.82421875	0.32421875	0	conditioned-middle-v1	2	125.54100000000003	0	0	0	157.916
heldout	ConditionedQuadratic	52	1.2238095238095237	0.82421875	0.32421875	0	conditioned-middle-v1	3	161.125	1	0	0	157.916
heldout	ConditionedQuadratic	52	1.2238095238095237	0.82421875	0.32421875	0	conditioned-middle-v1	4	160.459	1	0	0	157.916
heldout	ConditionedQuadratic	52	1.2238095238095237	0.82421875	0.32421875	0	conditioned-high-v1	0	37.040999999999997	0	0	0	157.916
heldout	ConditionedQuadratic	52	1.2238095238095237	0.82421875	0.32421875	0	conditioned-high-v1	2	111.167	0	0	0	157.916
heldout	ConditionedQuadratic	52	1.2238095238095237	0.82421875	0.32421875	0	conditioned-high-v1	3	145.041	1	0	0	157.916
heldout	ConditionedQuadratic	52	1.2238095238095237	0.82421875	0.32421875	0	conditioned-high-v1	4	146.166	1	0	0	157.916
heldout	ConditionedQuadratic	53	1.3547619047619048	0.83984375	0.33984375	0	conditioned-low-v1	0	52.207999999999998	0	0	0	157.583
heldout	ConditionedQuadratic	53	1.3547619047619048	0.83984375	0.33984375	0	conditioned-low-v1	2	126.66700000000003	0	0	0	157.583
heldout	ConditionedQuadratic	53	1.3547619047619048	0.83984375	0.33984375	0	conditioned-low-v1	3	160.958	1	0	0	157.583
heldout	ConditionedQuadratic	53	1.3547619047619048	0.83984375	0.33984375	0	conditioned-low-v1	4	161.25	1	0	0	157.583
heldout	ConditionedQuadratic	53	1.3547619047619048	0.83984375	0.33984375	0	conditioned-middle-v1	0	52.042000000000002	0	0	0	157.583
heldout	ConditionedQuadratic	53	1.3547619047619048	0.83984375	0.33984375	0	conditioned-middle-v1	2	126.25000000000003	0	0	0	157.583
heldout	ConditionedQuadratic	53	1.3547619047619048	0.83984375	0.33984375	0	conditioned-middle-v1	3	161.083	1	0	0	157.583
heldout	ConditionedQuadratic	53	1.3547619047619048	0.83984375	0.33984375	0	conditioned-middle-v1	4	162.375	1	0	0	157.583
heldout	ConditionedQuadratic	53	1.3547619047619048	0.83984375	0.33984375	0	conditioned-high-v1	0	36.667000000000002	0	0	0	157.583
heldout	ConditionedQuadratic	53	1.3547619047619048	0.83984375	0.33984375	0	conditioned-high-v1	2	110.75	0	0	0	157.583
heldout	ConditionedQuadratic	53	1.3547619047619048	0.83984375	0.33984375	0	conditioned-high-v1	3	145.75	1	0	0	157.583
heldout	ConditionedQuadratic	53	1.3547619047619048	0.83984375	0.33984375	0	conditioned-high-v1	4	146.375	1	0	0	157.583
heldout	ConditionedQuadratic	54	1.4857142857142858	0.85546875	0.35546875	0	conditioned-low-v1	0	52.209000000000003	0	0	0	158.083
heldout	ConditionedQuadratic	54	1.4857142857142858	0.85546875	0.35546875	0	conditioned-low-v1	2	127.125	0	0	0	158.083
heldout	ConditionedQuadratic	54	1.4857142857142858	0.85546875	0.35546875	0	conditioned-low-v1	3	162.083	1	0	0	158.083
heldout	ConditionedQuadratic	54	1.4857142857142858	0.85546875	0.35546875	0	conditioned-low-v1	4	161.709	1	0	0	158.083
heldout	ConditionedQuadratic	54	1.4857142857142858	0.85546875	0.35546875	0	conditioned-middle-v1	0	53.040999999999997	0	0	0	158.083
heldout	ConditionedQuadratic	54	1.4857142857142858	0.85546875	0.35546875	0	conditioned-middle-v1	2	127.541	0	0	0	158.083
heldout	ConditionedQuadratic	54	1.4857142857142858	0.85546875	0.35546875	0	conditioned-middle-v1	3	162.042	1	0	0	158.083
heldout	ConditionedQuadratic	54	1.4857142857142858	0.85546875	0.35546875	0	conditioned-middle-v1	4	162.5	1	0	0	158.083
heldout	ConditionedQuadratic	54	1.4857142857142858	0.85546875	0.35546875	0	conditioned-high-v1	0	36.332999999999998	0	0	0	158.083
heldout	ConditionedQuadratic	54	1.4857142857142858	0.85546875	0.35546875	0	conditioned-high-v1	2	108.292	1	0	0	158.083
heldout	ConditionedQuadratic	54	1.4857142857142858	0.85546875	0.35546875	0	conditioned-high-v1	3	108.542	1	0	0	158.083
heldout	ConditionedQuadratic	54	1.4857142857142858	0.85546875	0.35546875	0	conditioned-high-v1	4	110.541	1	0	0	158.083
heldout	ConditionedQuadratic	55	1.6166666666666667	0.87109375	0.37109375	0	conditioned-low-v1	0	53.167000000000002	0	0	0	157.458
heldout	ConditionedQuadratic	55	1.6166666666666667	0.87109375	0.37109375	0	conditioned-low-v1	2	127.291	0	0	0	157.458
heldout	ConditionedQuadratic	55	1.6166666666666667	0.87109375	0.37109375	0	conditioned-low-v1	3	163	1	0	0	157.458
heldout	ConditionedQuadratic	55	1.6166666666666667	0.87109375	0.37109375	0	conditioned-low-v1	4	162.167	1	0	0	157.458
heldout	ConditionedQuadratic	55	1.6166666666666667	0.87109375	0.37109375	0	conditioned-middle-v1	0	54.042000000000002	0	0	0	157.458
heldout	ConditionedQuadratic	55	1.6166666666666667	0.87109375	0.37109375	0	conditioned-middle-v1	2	128.41700000000003	0	0	0	157.458
heldout	ConditionedQuadratic	55	1.6166666666666667	0.87109375	0.37109375	0	conditioned-middle-v1	3	164.458	1	0	0	157.458
heldout	ConditionedQuadratic	55	1.6166666666666667	0.87109375	0.37109375	0	conditioned-middle-v1	4	163.125	1	0	0	157.458
heldout	ConditionedQuadratic	55	1.6166666666666667	0.87109375	0.37109375	0	conditioned-high-v1	0	36.290999999999997	0	0	0	157.458
heldout	ConditionedQuadratic	55	1.6166666666666667	0.87109375	0.37109375	0	conditioned-high-v1	2	108.25	1	0	0	157.458
heldout	ConditionedQuadratic	55	1.6166666666666667	0.87109375	0.37109375	0	conditioned-high-v1	3	108.333	1	0	0	157.458
heldout	ConditionedQuadratic	55	1.6166666666666667	0.87109375	0.37109375	0	conditioned-high-v1	4	108.084	1	0	0	157.458
heldout	ConditionedQuadratic	56	1.7476190476190476	0.88671875	0.38671875	0	conditioned-low-v1	0	53.665999999999997	0	0	0	157.875
heldout	ConditionedQuadratic	56	1.7476190476190476	0.88671875	0.38671875	0	conditioned-low-v1	2	127.959	0	0	0	157.875
heldout	ConditionedQuadratic	56	1.7476190476190476	0.88671875	0.38671875	0	conditioned-low-v1	3	163	1	0	0	157.875
heldout	ConditionedQuadratic	56	1.7476190476190476	0.88671875	0.38671875	0	conditioned-low-v1	4	162.25	1	0	0	157.875
heldout	ConditionedQuadratic	56	1.7476190476190476	0.88671875	0.38671875	0	conditioned-middle-v1	0	54.959000000000003	0	0	0	157.875
heldout	ConditionedQuadratic	56	1.7476190476190476	0.88671875	0.38671875	0	conditioned-middle-v1	2	129.417	0	0	0	157.875
heldout	ConditionedQuadratic	56	1.7476190476190476	0.88671875	0.38671875	0	conditioned-middle-v1	3	164.584	1	0	0	157.875
heldout	ConditionedQuadratic	56	1.7476190476190476	0.88671875	0.38671875	0	conditioned-middle-v1	4	164.375	1	0	0	157.875
heldout	ConditionedQuadratic	56	1.7476190476190476	0.88671875	0.38671875	0	conditioned-high-v1	0	36	0	0	0	157.875
heldout	ConditionedQuadratic	56	1.7476190476190476	0.88671875	0.38671875	0	conditioned-high-v1	2	107.792	1	0	0	157.875
heldout	ConditionedQuadratic	56	1.7476190476190476	0.88671875	0.38671875	0	conditioned-high-v1	3	107.916	1	0	0	157.875
heldout	ConditionedQuadratic	56	1.7476190476190476	0.88671875	0.38671875	0	conditioned-high-v1	4	107.792	1	0	0	157.875
heldout	ConditionedQuadratic	57	1.8785714285714286	0.90234375	0.40234375	0	conditioned-low-v1	0	53.626000000000005	0	0	0	194.75
heldout	ConditionedQuadratic	57	1.8785714285714286	0.90234375	0.40234375	0	conditioned-low-v1	2	128.79100000000003	0	0	0	194.75
heldout	ConditionedQuadratic	57	1.8785714285714286	0.90234375	0.40234375	0	conditioned-low-v1	3	163.333	1	0	0	194.75
heldout	ConditionedQuadratic	57	1.8785714285714286	0.90234375	0.40234375	0	conditioned-low-v1	4	163.125	1	0	0	194.75
heldout	ConditionedQuadratic	57	1.8785714285714286	0.90234375	0.40234375	0	conditioned-middle-v1	0	55.667000000000002	0	0	0	194.75
heldout	ConditionedQuadratic	57	1.8785714285714286	0.90234375	0.40234375	0	conditioned-middle-v1	2	128.54100000000003	0	0	0	194.75
heldout	ConditionedQuadratic	57	1.8785714285714286	0.90234375	0.40234375	0	conditioned-middle-v1	3	164.958	1	0	0	194.75
heldout	ConditionedQuadratic	57	1.8785714285714286	0.90234375	0.40234375	0	conditioned-middle-v1	4	164.667	1	0	0	194.75
heldout	ConditionedQuadratic	57	1.8785714285714286	0.90234375	0.40234375	0	conditioned-high-v1	0	35.5	0	0	0	194.75
heldout	ConditionedQuadratic	57	1.8785714285714286	0.90234375	0.40234375	0	conditioned-high-v1	2	107.625	1	0	0	194.75
heldout	ConditionedQuadratic	57	1.8785714285714286	0.90234375	0.40234375	0	conditioned-high-v1	3	107.541	1	0	0	194.75
heldout	ConditionedQuadratic	57	1.8785714285714286	0.90234375	0.40234375	0	conditioned-high-v1	4	107.5	1	0	0	194.75
heldout	ConditionedQuadratic	58	1.2476190476190476	0.91796875	0.41796875	0	conditioned-low-v1	0	54.625	0	0	0	157.458
heldout	ConditionedQuadratic	58	1.2476190476190476	0.91796875	0.41796875	0	conditioned-low-v1	2	128.16600000000003	0	0	0	157.458
heldout	ConditionedQuadratic	58	1.2476190476190476	0.91796875	0.41796875	0	conditioned-low-v1	3	163.291	1	0	0	157.458
heldout	ConditionedQuadratic	58	1.2476190476190476	0.91796875	0.41796875	0	conditioned-low-v1	4	163.458	1	0	0	157.458
heldout	ConditionedQuadratic	58	1.2476190476190476	0.91796875	0.41796875	0	conditioned-middle-v1	0	56.25	0	0	0	157.458
heldout	ConditionedQuadratic	58	1.2476190476190476	0.91796875	0.41796875	0	conditioned-middle-v1	2	131.37499999999997	0	0	0	157.458
heldout	ConditionedQuadratic	58	1.2476190476190476	0.91796875	0.41796875	0	conditioned-middle-v1	3	166.25	1	0	0	157.458
heldout	ConditionedQuadratic	58	1.2476190476190476	0.91796875	0.41796875	0	conditioned-middle-v1	4	165.625	1	0	0	157.458
heldout	ConditionedQuadratic	58	1.2476190476190476	0.91796875	0.41796875	0	conditioned-high-v1	0	32.832999999999998	1	0	0	157.458
heldout	ConditionedQuadratic	58	1.2476190476190476	0.91796875	0.41796875	0	conditioned-high-v1	2	32.832999999999998	1	0	0	157.458
heldout	ConditionedQuadratic	58	1.2476190476190476	0.91796875	0.41796875	0	conditioned-high-v1	3	32.75	1	0	0	157.458
heldout	ConditionedQuadratic	58	1.2476190476190476	0.91796875	0.41796875	0	conditioned-high-v1	4	32.667000000000002	1	0	0	157.458
heldout	ConditionedQuadratic	59	1.3785714285714286	0.93359375	0.43359375	0	conditioned-low-v1	0	54.959000000000003	0	0	0	157.542
heldout	ConditionedQuadratic	59	1.3785714285714286	0.93359375	0.43359375	0	conditioned-low-v1	2	129.37499999999997	0	0	0	157.542
heldout	ConditionedQuadratic	59	1.3785714285714286	0.93359375	0.43359375	0	conditioned-low-v1	3	163.666	1	0	0	157.542
heldout	ConditionedQuadratic	59	1.3785714285714286	0.93359375	0.43359375	0	conditioned-low-v1	4	164.292	1	0	0	157.542
heldout	ConditionedQuadratic	59	1.3785714285714286	0.93359375	0.43359375	0	conditioned-middle-v1	0	57.917000000000002	0	0	0	157.542
heldout	ConditionedQuadratic	59	1.3785714285714286	0.93359375	0.43359375	0	conditioned-middle-v1	2	132.25	0	0	0	157.542
heldout	ConditionedQuadratic	59	1.3785714285714286	0.93359375	0.43359375	0	conditioned-middle-v1	3	167.583	1	0	0	157.542
heldout	ConditionedQuadratic	59	1.3785714285714286	0.93359375	0.43359375	0	conditioned-middle-v1	4	169.042	1	0	0	157.542
heldout	ConditionedQuadratic	59	1.3785714285714286	0.93359375	0.43359375	0	conditioned-high-v1	0	32.375	1	0	0	157.542
heldout	ConditionedQuadratic	59	1.3785714285714286	0.93359375	0.43359375	0	conditioned-high-v1	2	32.707999999999998	1	0	0	157.542
heldout	ConditionedQuadratic	59	1.3785714285714286	0.93359375	0.43359375	0	conditioned-high-v1	3	32.832999999999998	1	0	0	157.542
heldout	ConditionedQuadratic	59	1.3785714285714286	0.93359375	0.43359375	0	conditioned-high-v1	4	32.584000000000003	1	0	0	157.542
heldout	ConditionedQuadratic	60	1.5095238095238095	0.94921875	0.44921875	0	conditioned-low-v1	0	55.209000000000003	0	0	0	157.083
heldout	ConditionedQuadratic	60	1.5095238095238095	0.94921875	0.44921875	0	conditioned-low-v1	2	129.5	0	0	0	157.083
heldout	ConditionedQuadratic	60	1.5095238095238095	0.94921875	0.44921875	0	conditioned-low-v1	3	164.875	1	0	0	157.083
heldout	ConditionedQuadratic	60	1.5095238095238095	0.94921875	0.44921875	0	conditioned-low-v1	4	164.083	1	0	0	157.083
heldout	ConditionedQuadratic	60	1.5095238095238095	0.94921875	0.44921875	0	conditioned-middle-v1	0	58.834000000000003	0	0	0	157.083
heldout	ConditionedQuadratic	60	1.5095238095238095	0.94921875	0.44921875	0	conditioned-middle-v1	2	134.166	0	0	0	157.083
heldout	ConditionedQuadratic	60	1.5095238095238095	0.94921875	0.44921875	0	conditioned-middle-v1	3	168.125	1	0	0	157.083
heldout	ConditionedQuadratic	60	1.5095238095238095	0.94921875	0.44921875	0	conditioned-middle-v1	4	167.959	1	0	0	157.083
heldout	ConditionedQuadratic	60	1.5095238095238095	0.94921875	0.44921875	0	conditioned-high-v1	0	32.332999999999998	1	0	0	157.083
heldout	ConditionedQuadratic	60	1.5095238095238095	0.94921875	0.44921875	0	conditioned-high-v1	2	32.290999999999997	1	0	0	157.083
heldout	ConditionedQuadratic	60	1.5095238095238095	0.94921875	0.44921875	0	conditioned-high-v1	3	32.25	1	0	0	157.083
heldout	ConditionedQuadratic	60	1.5095238095238095	0.94921875	0.44921875	0	conditioned-high-v1	4	32.415999999999997	1	0	0	157.083
heldout	ConditionedQuadratic	61	1.6404761904761904	0.96484375	0.46484375	0	conditioned-low-v1	0	55.875	0	0	0	157.917
heldout	ConditionedQuadratic	61	1.6404761904761904	0.96484375	0.46484375	0	conditioned-low-v1	2	130.291	0	0	0	157.917
heldout	ConditionedQuadratic	61	1.6404761904761904	0.96484375	0.46484375	0	conditioned-low-v1	3	165.041	1	0	0	157.917
heldout	ConditionedQuadratic	61	1.6404761904761904	0.96484375	0.46484375	0	conditioned-low-v1	4	164.791	1	0	0	157.917
heldout	ConditionedQuadratic	61	1.6404761904761904	0.96484375	0.46484375	0	conditioned-middle-v1	0	60	0	0	0	157.917
heldout	ConditionedQuadratic	61	1.6404761904761904	0.96484375	0.46484375	0	conditioned-middle-v1	2	134.5	0	0	0	157.917
heldout	ConditionedQuadratic	61	1.6404761904761904	0.96484375	0.46484375	0	conditioned-middle-v1	3	169.417	1	0	0	157.917
heldout	ConditionedQuadratic	61	1.6404761904761904	0.96484375	0.46484375	0	conditioned-middle-v1	4	169.417	1	0	0	157.917
heldout	ConditionedQuadratic	61	1.6404761904761904	0.96484375	0.46484375	0	conditioned-high-v1	0	31.792000000000002	1	0	0	157.917
heldout	ConditionedQuadratic	61	1.6404761904761904	0.96484375	0.46484375	0	conditioned-high-v1	2	32.167000000000002	1	0	0	157.917
heldout	ConditionedQuadratic	61	1.6404761904761904	0.96484375	0.46484375	0	conditioned-high-v1	3	32.082999999999998	1	0	0	157.917
heldout	ConditionedQuadratic	61	1.6404761904761904	0.96484375	0.46484375	0	conditioned-high-v1	4	32.040999999999997	1	0	0	157.917
heldout	ConditionedQuadratic	62	1.7714285714285714	0.98046875	0.48046875	0	conditioned-low-v1	0	56.540999999999997	0	0	0	159.083
heldout	ConditionedQuadratic	62	1.7714285714285714	0.98046875	0.48046875	0	conditioned-low-v1	2	130.708	0	0	0	159.083
heldout	ConditionedQuadratic	62	1.7714285714285714	0.98046875	0.48046875	0	conditioned-low-v1	3	166.042	1	0	0	159.083
heldout	ConditionedQuadratic	62	1.7714285714285714	0.98046875	0.48046875	0	conditioned-low-v1	4	167.083	1	0	0	159.083
heldout	ConditionedQuadratic	62	1.7714285714285714	0.98046875	0.48046875	0	conditioned-middle-v1	0	60.959000000000003	0	0	0	159.083
heldout	ConditionedQuadratic	62	1.7714285714285714	0.98046875	0.48046875	0	conditioned-middle-v1	2	135.917	0	0	0	159.083
heldout	ConditionedQuadratic	62	1.7714285714285714	0.98046875	0.48046875	0	conditioned-middle-v1	3	171.75	1	0	0	159.083
heldout	ConditionedQuadratic	62	1.7714285714285714	0.98046875	0.48046875	0	conditioned-middle-v1	4	171.167	1	0	0	159.083
heldout	ConditionedQuadratic	62	1.7714285714285714	0.98046875	0.48046875	0	conditioned-high-v1	0	31.582999999999998	1	0	0	159.083
heldout	ConditionedQuadratic	62	1.7714285714285714	0.98046875	0.48046875	0	conditioned-high-v1	2	31.917000000000002	1	0	0	159.083
heldout	ConditionedQuadratic	62	1.7714285714285714	0.98046875	0.48046875	0	conditioned-high-v1	3	31.791	1	0	0	159.083
heldout	ConditionedQuadratic	62	1.7714285714285714	0.98046875	0.48046875	0	conditioned-high-v1	4	31.832999999999998	1	0	0	159.083
heldout	ConditionedQuadratic	63	1.9023809523809523	0.99609375	0.49609375	0	conditioned-low-v1	0	56.834000000000003	0	0	0	219.292
heldout	ConditionedQuadratic	63	1.9023809523809523	0.99609375	0.49609375	0	conditioned-low-v1	2	131.292	0	0	0	219.292
heldout	ConditionedQuadratic	63	1.9023809523809523	0.99609375	0.49609375	0	conditioned-low-v1	3	167.084	1	0	0	219.292
heldout	ConditionedQuadratic	63	1.9023809523809523	0.99609375	0.49609375	0	conditioned-low-v1	4	167.25	1	0	0	219.292
heldout	ConditionedQuadratic	63	1.9023809523809523	0.99609375	0.49609375	0	conditioned-middle-v1	0	62.165999999999997	0	0	0	219.292
heldout	ConditionedQuadratic	63	1.9023809523809523	0.99609375	0.49609375	0	conditioned-middle-v1	2	136.999	0	0	0	219.292
heldout	ConditionedQuadratic	63	1.9023809523809523	0.99609375	0.49609375	0	conditioned-middle-v1	3	172.75	1	0	0	219.292
heldout	ConditionedQuadratic	63	1.9023809523809523	0.99609375	0.49609375	0	conditioned-middle-v1	4	176.541	1	0	0	219.292
heldout	ConditionedQuadratic	63	1.9023809523809523	0.99609375	0.49609375	0	conditioned-high-v1	0	32.582999999999998	1	0	0	219.292
heldout	ConditionedQuadratic	63	1.9023809523809523	0.99609375	0.49609375	0	conditioned-high-v1	2	35	1	0	0	219.292
heldout	ConditionedQuadratic	63	1.9023809523809523	0.99609375	0.49609375	0	conditioned-high-v1	3	32.457999999999998	1	0	0	219.292
heldout	ConditionedQuadratic	63	1.9023809523809523	0.99609375	0.49609375	0	conditioned-high-v1	4	32	1	0	0	219.292
heldout	ConditionedCubic	0	1.3071428571428572	0.01171875	0.48828125	0.5	conditioned-low-v1	0	41.667000000000002	1	0	0	191.75
heldout	ConditionedCubic	0	1.3071428571428572	0.01171875	0.48828125	0.5	conditioned-low-v1	2	36.667000000000002	1	0	0	191.75
heldout	ConditionedCubic	0	1.3071428571428572	0.01171875	0.48828125	0.5	conditioned-low-v1	3	34.417000000000002	1	0	0	191.75
heldout	ConditionedCubic	0	1.3071428571428572	0.01171875	0.48828125	0.5	conditioned-low-v1	4	34.042000000000002	1	0	0	191.75
heldout	ConditionedCubic	0	1.3071428571428572	0.01171875	0.48828125	0.5	conditioned-middle-v1	0	66.957999999999998	0	0	0	191.75
heldout	ConditionedCubic	0	1.3071428571428572	0.01171875	0.48828125	0.5	conditioned-middle-v1	2	152.16600000000003	0	0	0	191.75
heldout	ConditionedCubic	0	1.3071428571428572	0.01171875	0.48828125	0.5	conditioned-middle-v1	3	195.167	1	0	0	191.75
heldout	ConditionedCubic	0	1.3071428571428572	0.01171875	0.48828125	0.5	conditioned-middle-v1	4	224.625	1	0	0	191.75
heldout	ConditionedCubic	0	1.3071428571428572	0.01171875	0.48828125	0.5	conditioned-high-v1	0	62.998999999999995	0	0	0	191.75
heldout	ConditionedCubic	0	1.3071428571428572	0.01171875	0.48828125	0.5	conditioned-high-v1	2	299.584	0	0	0	191.75
heldout	ConditionedCubic	0	1.3071428571428572	0.01171875	0.48828125	0.5	conditioned-high-v1	3	190.208	1	0	0	191.75
heldout	ConditionedCubic	0	1.3071428571428572	0.01171875	0.48828125	0.5	conditioned-high-v1	4	188.791	1	0	0	191.75
heldout	ConditionedCubic	1	1.4380952380952381	0.02734375	0.47265625	0.5	conditioned-low-v1	0	35.375	1	0	0	226.333
heldout	ConditionedCubic	1	1.4380952380952381	0.02734375	0.47265625	0.5	conditioned-low-v1	2	34.25	1	0	0	226.333
heldout	ConditionedCubic	1	1.4380952380952381	0.02734375	0.47265625	0.5	conditioned-low-v1	3	33.959000000000003	1	0	0	226.333
heldout	ConditionedCubic	1	1.4380952380952381	0.02734375	0.47265625	0.5	conditioned-low-v1	4	34.042000000000002	1	0	0	226.333
heldout	ConditionedCubic	1	1.4380952380952381	0.02734375	0.47265625	0.5	conditioned-middle-v1	0	65.333000000000027	0	0	0	226.333
heldout	ConditionedCubic	1	1.4380952380952381	0.02734375	0.47265625	0.5	conditioned-middle-v1	2	151.62500000000003	0	0	0	226.333
heldout	ConditionedCubic	1	1.4380952380952381	0.02734375	0.47265625	0.5	conditioned-middle-v1	3	192.708	1	0	0	226.333
heldout	ConditionedCubic	1	1.4380952380952381	0.02734375	0.47265625	0.5	conditioned-middle-v1	4	192.209	1	0	0	226.333
heldout	ConditionedCubic	1	1.4380952380952381	0.02734375	0.47265625	0.5	conditioned-high-v1	0	60.292000000000002	0	0	0	226.333
heldout	ConditionedCubic	1	1.4380952380952381	0.02734375	0.47265625	0.5	conditioned-high-v1	2	146.66600000000003	0	0	0	226.333
heldout	ConditionedCubic	1	1.4380952380952381	0.02734375	0.47265625	0.5	conditioned-high-v1	3	187.583	1	0	0	226.333
heldout	ConditionedCubic	1	1.4380952380952381	0.02734375	0.47265625	0.5	conditioned-high-v1	4	187.583	1	0	0	226.333
heldout	ConditionedCubic	2	1.569047619047619	0.04296875	0.45703125	0.5	conditioned-low-v1	0	34.625	1	0	0	188.708
heldout	ConditionedCubic	2	1.569047619047619	0.04296875	0.45703125	0.5	conditioned-low-v1	2	34.457999999999998	1	0	0	188.708
heldout	ConditionedCubic	2	1.569047619047619	0.04296875	0.45703125	0.5	conditioned-low-v1	3	34.290999999999997	1	0	0	188.708
heldout	ConditionedCubic	2	1.569047619047619	0.04296875	0.45703125	0.5	conditioned-low-v1	4	34.75	1	0	0	188.708
heldout	ConditionedCubic	2	1.569047619047619	0.04296875	0.45703125	0.5	conditioned-middle-v1	0	68.916999999999973	0	0	0	188.708
heldout	ConditionedCubic	2	1.569047619047619	0.04296875	0.45703125	0.5	conditioned-middle-v1	2	153.49999999999997	0	0	0	188.708
heldout	ConditionedCubic	2	1.569047619047619	0.04296875	0.45703125	0.5	conditioned-middle-v1	3	196.917	1	0	0	188.708
heldout	ConditionedCubic	2	1.569047619047619	0.04296875	0.45703125	0.5	conditioned-middle-v1	4	199.208	1	0	0	188.708
heldout	ConditionedCubic	2	1.569047619047619	0.04296875	0.45703125	0.5	conditioned-high-v1	0	60.167000000000002	0	0	0	188.708
heldout	ConditionedCubic	2	1.569047619047619	0.04296875	0.45703125	0.5	conditioned-high-v1	2	148.333	0	0	0	188.708
heldout	ConditionedCubic	2	1.569047619047619	0.04296875	0.45703125	0.5	conditioned-high-v1	3	190.167	1	0	0	188.708
heldout	ConditionedCubic	2	1.569047619047619	0.04296875	0.45703125	0.5	conditioned-high-v1	4	191.166	1	0	0	188.708
heldout	ConditionedCubic	3	1.7	0.05859375	0.44140625	0.5	conditioned-low-v1	0	35.290999999999997	1	0	0	188.333
heldout	ConditionedCubic	3	1.7	0.05859375	0.44140625	0.5	conditioned-low-v1	2	34.875	1	0	0	188.333
heldout	ConditionedCubic	3	1.7	0.05859375	0.44140625	0.5	conditioned-low-v1	3	34.875	1	0	0	188.333
heldout	ConditionedCubic	3	1.7	0.05859375	0.44140625	0.5	conditioned-low-v1	4	34.625	1	0	0	188.333
heldout	ConditionedCubic	3	1.7	0.05859375	0.44140625	0.5	conditioned-middle-v1	0	62.751000000000005	0	0	0	188.333
heldout	ConditionedCubic	3	1.7	0.05859375	0.44140625	0.5	conditioned-middle-v1	2	152.62499999999997	0	0	0	188.333
heldout	ConditionedCubic	3	1.7	0.05859375	0.44140625	0.5	conditioned-middle-v1	3	193.875	1	0	0	188.333
heldout	ConditionedCubic	3	1.7	0.05859375	0.44140625	0.5	conditioned-middle-v1	4	192.833	1	0	0	188.333
heldout	ConditionedCubic	3	1.7	0.05859375	0.44140625	0.5	conditioned-high-v1	0	59.209000000000003	0	0	0	188.333
heldout	ConditionedCubic	3	1.7	0.05859375	0.44140625	0.5	conditioned-high-v1	2	147.54199999999997	0	0	0	188.333
heldout	ConditionedCubic	3	1.7	0.05859375	0.44140625	0.5	conditioned-high-v1	3	192.416	1	0	0	188.333
heldout	ConditionedCubic	3	1.7	0.05859375	0.44140625	0.5	conditioned-high-v1	4	189.25	1	0	0	188.333
heldout	ConditionedCubic	4	1.8309523809523809	0.07421875	0.42578125	0.5	conditioned-low-v1	0	37.834000000000003	1	0	0	188
heldout	ConditionedCubic	4	1.8309523809523809	0.07421875	0.42578125	0.5	conditioned-low-v1	2	35.082999999999998	1	0	0	188
heldout	ConditionedCubic	4	1.8309523809523809	0.07421875	0.42578125	0.5	conditioned-low-v1	3	35.042000000000002	1	0	0	188
heldout	ConditionedCubic	4	1.8309523809523809	0.07421875	0.42578125	0.5	conditioned-low-v1	4	35.082999999999998	1	0	0	188
heldout	ConditionedCubic	4	1.8309523809523809	0.07421875	0.42578125	0.5	conditioned-middle-v1	0	61.540999999999997	0	0	0	188
heldout	ConditionedCubic	4	1.8309523809523809	0.07421875	0.42578125	0.5	conditioned-middle-v1	2	149.833	0	0	0	188
heldout	ConditionedCubic	4	1.8309523809523809	0.07421875	0.42578125	0.5	conditioned-middle-v1	3	194.625	1	0	0	188
heldout	ConditionedCubic	4	1.8309523809523809	0.07421875	0.42578125	0.5	conditioned-middle-v1	4	193.292	1	0	0	188
heldout	ConditionedCubic	4	1.8309523809523809	0.07421875	0.42578125	0.5	conditioned-high-v1	0	60.834000000000003	0	0	0	188
heldout	ConditionedCubic	4	1.8309523809523809	0.07421875	0.42578125	0.5	conditioned-high-v1	2	146.33299999999997	0	0	0	188
heldout	ConditionedCubic	4	1.8309523809523809	0.07421875	0.42578125	0.5	conditioned-high-v1	3	191.125	1	0	0	188
heldout	ConditionedCubic	4	1.8309523809523809	0.07421875	0.42578125	0.5	conditioned-high-v1	4	188.125	1	0	0	188
heldout	ConditionedCubic	5	1.2	0.08984375	0.41015625	0.5	conditioned-low-v1	0	35.792000000000002	1	0	0	184.209
heldout	ConditionedCubic	5	1.2	0.08984375	0.41015625	0.5	conditioned-low-v1	2	35.459000000000003	1	0	0	184.209
heldout	ConditionedCubic	5	1.2	0.08984375	0.41015625	0.5	conditioned-low-v1	3	35.25	1	0	0	184.209
heldout	ConditionedCubic	5	1.2	0.08984375	0.41015625	0.5	conditioned-low-v1	4	37.707999999999998	1	0	0	184.209
heldout	ConditionedCubic	5	1.2	0.08984375	0.41015625	0.5	conditioned-middle-v1	0	60.623999999999995	0	0	0	184.209
heldout	ConditionedCubic	5	1.2	0.08984375	0.41015625	0.5	conditioned-middle-v1	2	148.25	0	0	0	184.209
heldout	ConditionedCubic	5	1.2	0.08984375	0.41015625	0.5	conditioned-middle-v1	3	191.458	1	0	0	184.209
heldout	ConditionedCubic	5	1.2	0.08984375	0.41015625	0.5	conditioned-middle-v1	4	190.625	1	0	0	184.209
heldout	ConditionedCubic	5	1.2	0.08984375	0.41015625	0.5	conditioned-high-v1	0	58.084000000000003	0	0	0	184.209
heldout	ConditionedCubic	5	1.2	0.08984375	0.41015625	0.5	conditioned-high-v1	2	145.375	0	0	0	184.209
heldout	ConditionedCubic	5	1.2	0.08984375	0.41015625	0.5	conditioned-high-v1	3	187.833	1	0	0	184.209
heldout	ConditionedCubic	5	1.2	0.08984375	0.41015625	0.5	conditioned-high-v1	4	187.666	1	0	0	184.209
heldout	ConditionedCubic	6	1.3309523809523809	0.10546875	0.39453125	0.5	conditioned-low-v1	0	38.666000000000025	0	0	0	227.833
heldout	ConditionedCubic	6	1.3309523809523809	0.10546875	0.39453125	0.5	conditioned-low-v1	2	126.62400000000002	0	0	0	227.833
heldout	ConditionedCubic	6	1.3309523809523809	0.10546875	0.39453125	0.5	conditioned-low-v1	3	169.084	1	0	0	227.833
heldout	ConditionedCubic	6	1.3309523809523809	0.10546875	0.39453125	0.5	conditioned-low-v1	4	167.458	1	0	0	227.833
heldout	ConditionedCubic	6	1.3309523809523809	0.10546875	0.39453125	0.5	conditioned-middle-v1	0	59.376000000000005	0	0	0	227.833
heldout	ConditionedCubic	6	1.3309523809523809	0.10546875	0.39453125	0.5	conditioned-middle-v1	2	146.083	0	0	0	227.833
heldout	ConditionedCubic	6	1.3309523809523809	0.10546875	0.39453125	0.5	conditioned-middle-v1	3	189.75	1	0	0	227.833
heldout	ConditionedCubic	6	1.3309523809523809	0.10546875	0.39453125	0.5	conditioned-middle-v1	4	188.583	1	0	0	227.833
heldout	ConditionedCubic	6	1.3309523809523809	0.10546875	0.39453125	0.5	conditioned-high-v1	0	57.624000000000024	0	0	0	227.833
heldout	ConditionedCubic	6	1.3309523809523809	0.10546875	0.39453125	0.5	conditioned-high-v1	2	146.00099999999998	0	0	0	227.833
heldout	ConditionedCubic	6	1.3309523809523809	0.10546875	0.39453125	0.5	conditioned-high-v1	3	186.542	1	0	0	227.833
heldout	ConditionedCubic	6	1.3309523809523809	0.10546875	0.39453125	0.5	conditioned-high-v1	4	186.209	1	0	0	227.833
heldout	ConditionedCubic	7	1.4619047619047618	0.12109375	0.37890625	0.5	conditioned-low-v1	0	40.958999999999975	0	0	0	228.25
heldout	ConditionedCubic	7	1.4619047619047618	0.12109375	0.37890625	0.5	conditioned-low-v1	2	125.16600000000003	0	0	0	228.25
heldout	ConditionedCubic	7	1.4619047619047618	0.12109375	0.37890625	0.5	conditioned-low-v1	3	166.292	1	0	0	228.25
heldout	ConditionedCubic	7	1.4619047619047618	0.12109375	0.37890625	0.5	conditioned-low-v1	4	169.541	1	0	0	228.25
heldout	ConditionedCubic	7	1.4619047619047618	0.12109375	0.37890625	0.5	conditioned-middle-v1	0	58.374999999999972	0	0	0	228.25
heldout	ConditionedCubic	7	1.4619047619047618	0.12109375	0.37890625	0.5	conditioned-middle-v1	2	145.58300000000003	0	0	0	228.25
heldout	ConditionedCubic	7	1.4619047619047618	0.12109375	0.37890625	0.5	conditioned-middle-v1	3	187.458	1	0	0	228.25
heldout	ConditionedCubic	7	1.4619047619047618	0.12109375	0.37890625	0.5	conditioned-middle-v1	4	189.583	1	0	0	228.25
heldout	ConditionedCubic	7	1.4619047619047618	0.12109375	0.37890625	0.5	conditioned-high-v1	0	57.043000000000006	0	0	0	228.25
heldout	ConditionedCubic	7	1.4619047619047618	0.12109375	0.37890625	0.5	conditioned-high-v1	2	144.16699999999997	0	0	0	228.25
heldout	ConditionedCubic	7	1.4619047619047618	0.12109375	0.37890625	0.5	conditioned-high-v1	3	186.333	1	0	0	228.25
heldout	ConditionedCubic	7	1.4619047619047618	0.12109375	0.37890625	0.5	conditioned-high-v1	4	186.333	1	0	0	228.25
heldout	ConditionedCubic	8	1.5928571428571427	0.13671875	0.36328125	0.5	conditioned-low-v1	0	39.25	0	0	0	185.666
heldout	ConditionedCubic	8	1.5928571428571427	0.13671875	0.36328125	0.5	conditioned-low-v1	2	127.95800000000003	0	0	0	185.666
heldout	ConditionedCubic	8	1.5928571428571427	0.13671875	0.36328125	0.5	conditioned-low-v1	3	168	1	0	0	185.666
heldout	ConditionedCubic	8	1.5928571428571427	0.13671875	0.36328125	0.5	conditioned-low-v1	4	167.25	1	0	0	185.666
heldout	ConditionedCubic	8	1.5928571428571427	0.13671875	0.36328125	0.5	conditioned-middle-v1	0	57.459000000000003	0	0	0	185.666
heldout	ConditionedCubic	8	1.5928571428571427	0.13671875	0.36328125	0.5	conditioned-middle-v1	2	144.45800000000003	0	0	0	185.666
heldout	ConditionedCubic	8	1.5928571428571427	0.13671875	0.36328125	0.5	conditioned-middle-v1	3	188.25	1	0	0	185.666
heldout	ConditionedCubic	8	1.5928571428571427	0.13671875	0.36328125	0.5	conditioned-middle-v1	4	186.083	1	0	0	185.666
heldout	ConditionedCubic	8	1.5928571428571427	0.13671875	0.36328125	0.5	conditioned-high-v1	0	59.207999999999998	0	0	0	185.666
heldout	ConditionedCubic	8	1.5928571428571427	0.13671875	0.36328125	0.5	conditioned-high-v1	2	143.29200000000003	0	0	0	185.666
heldout	ConditionedCubic	8	1.5928571428571427	0.13671875	0.36328125	0.5	conditioned-high-v1	3	185.833	1	0	0	185.666
heldout	ConditionedCubic	8	1.5928571428571427	0.13671875	0.36328125	0.5	conditioned-high-v1	4	184.959	1	0	0	185.666
heldout	ConditionedCubic	9	1.7238095238095239	0.15234375	0.34765625	0.5	conditioned-low-v1	0	39.376000000000005	0	0	0	186.417
heldout	ConditionedCubic	9	1.7238095238095239	0.15234375	0.34765625	0.5	conditioned-low-v1	2	126.417	0	0	0	186.417
heldout	ConditionedCubic	9	1.7238095238095239	0.15234375	0.34765625	0.5	conditioned-low-v1	3	167.291	1	0	0	186.417
heldout	ConditionedCubic	9	1.7238095238095239	0.15234375	0.34765625	0.5	conditioned-low-v1	4	169.125	1	0	0	186.417
heldout	ConditionedCubic	9	1.7238095238095239	0.15234375	0.34765625	0.5	conditioned-middle-v1	0	56.376000000000005	0	0	0	186.417
heldout	ConditionedCubic	9	1.7238095238095239	0.15234375	0.34765625	0.5	conditioned-middle-v1	2	145.79100000000003	0	0	0	186.417
heldout	ConditionedCubic	9	1.7238095238095239	0.15234375	0.34765625	0.5	conditioned-middle-v1	3	185.584	1	0	0	186.417
heldout	ConditionedCubic	9	1.7238095238095239	0.15234375	0.34765625	0.5	conditioned-middle-v1	4	187.209	1	0	0	186.417
heldout	ConditionedCubic	9	1.7238095238095239	0.15234375	0.34765625	0.5	conditioned-high-v1	0	56.082999999999998	0	0	0	186.417
heldout	ConditionedCubic	9	1.7238095238095239	0.15234375	0.34765625	0.5	conditioned-high-v1	2	143.29199999999997	0	0	0	186.417
heldout	ConditionedCubic	9	1.7238095238095239	0.15234375	0.34765625	0.5	conditioned-high-v1	3	185.208	1	0	0	186.417
heldout	ConditionedCubic	9	1.7238095238095239	0.15234375	0.34765625	0.5	conditioned-high-v1	4	185.292	1	0	0	186.417
heldout	ConditionedCubic	10	1.8547619047619048	0.16796875	0.33203125	0.5	conditioned-low-v1	0	39.707999999999998	0	0	0	183.583
heldout	ConditionedCubic	10	1.8547619047619048	0.16796875	0.33203125	0.5	conditioned-low-v1	2	129.33300000000003	0	0	0	183.583
heldout	ConditionedCubic	10	1.8547619047619048	0.16796875	0.33203125	0.5	conditioned-low-v1	3	168.167	1	0	0	183.583
heldout	ConditionedCubic	10	1.8547619047619048	0.16796875	0.33203125	0.5	conditioned-low-v1	4	167.833	1	0	0	183.583
heldout	ConditionedCubic	10	1.8547619047619048	0.16796875	0.33203125	0.5	conditioned-middle-v1	0	55.457999999999998	0	0	0	183.583
heldout	ConditionedCubic	10	1.8547619047619048	0.16796875	0.33203125	0.5	conditioned-middle-v1	2	141.58299999999997	0	0	0	183.583
heldout	ConditionedCubic	10	1.8547619047619048	0.16796875	0.33203125	0.5	conditioned-middle-v1	3	183.708	1	0	0	183.583
heldout	ConditionedCubic	10	1.8547619047619048	0.16796875	0.33203125	0.5	conditioned-middle-v1	4	183.791	1	0	0	183.583
heldout	ConditionedCubic	10	1.8547619047619048	0.16796875	0.33203125	0.5	conditioned-high-v1	0	57.959000000000003	0	0	0	183.583
heldout	ConditionedCubic	10	1.8547619047619048	0.16796875	0.33203125	0.5	conditioned-high-v1	2	141.99999999999997	0	0	0	183.583
heldout	ConditionedCubic	10	1.8547619047619048	0.16796875	0.33203125	0.5	conditioned-high-v1	3	183.709	1	0	0	183.583
heldout	ConditionedCubic	10	1.8547619047619048	0.16796875	0.33203125	0.5	conditioned-high-v1	4	182.625	1	0	0	183.583
heldout	ConditionedCubic	11	1.2238095238095237	0.18359375	0.31640625	0.5	conditioned-low-v1	0	39.875	0	0	0	183.875
heldout	ConditionedCubic	11	1.2238095238095237	0.18359375	0.31640625	0.5	conditioned-low-v1	2	128.41600000000003	0	0	0	183.875
heldout	ConditionedCubic	11	1.2238095238095237	0.18359375	0.31640625	0.5	conditioned-low-v1	3	167.708	1	0	0	183.875
heldout	ConditionedCubic	11	1.2238095238095237	0.18359375	0.31640625	0.5	conditioned-low-v1	4	169.917	1	0	0	183.875
heldout	ConditionedCubic	11	1.2238095238095237	0.18359375	0.31640625	0.5	conditioned-middle-v1	0	54.582999999999998	0	0	0	183.875
heldout	ConditionedCubic	11	1.2238095238095237	0.18359375	0.31640625	0.5	conditioned-middle-v1	2	140.37500000000003	0	0	0	183.875
heldout	ConditionedCubic	11	1.2238095238095237	0.18359375	0.31640625	0.5	conditioned-middle-v1	3	182.417	1	0	0	183.875
heldout	ConditionedCubic	11	1.2238095238095237	0.18359375	0.31640625	0.5	conditioned-middle-v1	4	182.042	1	0	0	183.875
heldout	ConditionedCubic	11	1.2238095238095237	0.18359375	0.31640625	0.5	conditioned-high-v1	0	55.25	0	0	0	183.875
heldout	ConditionedCubic	11	1.2238095238095237	0.18359375	0.31640625	0.5	conditioned-high-v1	2	142.666	0	0	0	183.875
heldout	ConditionedCubic	11	1.2238095238095237	0.18359375	0.31640625	0.5	conditioned-high-v1	3	184.541	1	0	0	183.875
heldout	ConditionedCubic	11	1.2238095238095237	0.18359375	0.31640625	0.5	conditioned-high-v1	4	184.875	1	0	0	183.875
heldout	ConditionedCubic	12	1.3547619047619048	0.19921875	0.30078125	0.5	conditioned-low-v1	0	40.374999999999972	0	0	0	230.292
heldout	ConditionedCubic	12	1.3547619047619048	0.19921875	0.30078125	0.5	conditioned-low-v1	2	130.83300000000003	0	0	0	230.292
heldout	ConditionedCubic	12	1.3547619047619048	0.19921875	0.30078125	0.5	conditioned-low-v1	3	171.25	1	0	0	230.292
heldout	ConditionedCubic	12	1.3547619047619048	0.19921875	0.30078125	0.5	conditioned-low-v1	4	168.75	1	0	0	230.292
heldout	ConditionedCubic	12	1.3547619047619048	0.19921875	0.30078125	0.5	conditioned-middle-v1	0	56.45799999999997	0	0	0	230.292
heldout	ConditionedCubic	12	1.3547619047619048	0.19921875	0.30078125	0.5	conditioned-middle-v1	2	139.66600000000003	0	0	0	230.292
heldout	ConditionedCubic	12	1.3547619047619048	0.19921875	0.30078125	0.5	conditioned-middle-v1	3	181.167	1	0	0	230.292
heldout	ConditionedCubic	12	1.3547619047619048	0.19921875	0.30078125	0.5	conditioned-middle-v1	4	180.709	1	0	0	230.292
heldout	ConditionedCubic	12	1.3547619047619048	0.19921875	0.30078125	0.5	conditioned-high-v1	0	55.707999999999998	0	0	0	230.292
heldout	ConditionedCubic	12	1.3547619047619048	0.19921875	0.30078125	0.5	conditioned-high-v1	2	149.95899999999997	0	0	0	230.292
heldout	ConditionedCubic	12	1.3547619047619048	0.19921875	0.30078125	0.5	conditioned-high-v1	3	189.5	1	0	0	230.292
heldout	ConditionedCubic	12	1.3547619047619048	0.19921875	0.30078125	0.5	conditioned-high-v1	4	186.958	1	0	0	230.292
heldout	ConditionedCubic	13	1.4857142857142858	0.21484375	0.28515625	0.5	conditioned-low-v1	0	41.124000000000024	0	0	0	225.042
heldout	ConditionedCubic	13	1.4857142857142858	0.21484375	0.28515625	0.5	conditioned-low-v1	2	127.834	0	0	0	225.042
heldout	ConditionedCubic	13	1.4857142857142858	0.21484375	0.28515625	0.5	conditioned-low-v1	3	169.625	1	0	0	225.042
heldout	ConditionedCubic	13	1.4857142857142858	0.21484375	0.28515625	0.5	conditioned-low-v1	4	169.334	1	0	0	225.042
heldout	ConditionedCubic	13	1.4857142857142858	0.21484375	0.28515625	0.5	conditioned-middle-v1	0	52.750999999999976	0	0	0	225.042
heldout	ConditionedCubic	13	1.4857142857142858	0.21484375	0.28515625	0.5	conditioned-middle-v1	2	138.375	0	0	0	225.042
heldout	ConditionedCubic	13	1.4857142857142858	0.21484375	0.28515625	0.5	conditioned-middle-v1	3	179.875	1	0	0	225.042
heldout	ConditionedCubic	13	1.4857142857142858	0.21484375	0.28515625	0.5	conditioned-middle-v1	4	182.291	1	0	0	225.042
heldout	ConditionedCubic	13	1.4857142857142858	0.21484375	0.28515625	0.5	conditioned-high-v1	0	54.499999999999972	0	0	0	225.042
heldout	ConditionedCubic	13	1.4857142857142858	0.21484375	0.28515625	0.5	conditioned-high-v1	2	141.08300000000003	0	0	0	225.042
heldout	ConditionedCubic	13	1.4857142857142858	0.21484375	0.28515625	0.5	conditioned-high-v1	3	183.5	1	0	0	225.042
heldout	ConditionedCubic	13	1.4857142857142858	0.21484375	0.28515625	0.5	conditioned-high-v1	4	182.708	1	0	0	225.042
heldout	ConditionedCubic	14	1.6166666666666667	0.23046875	0.26953125	0.5	conditioned-low-v1	0	41.625	0	0	0	185.333
heldout	ConditionedCubic	14	1.6166666666666667	0.23046875	0.26953125	0.5	conditioned-low-v1	2	127.291	0	0	0	185.333
heldout	ConditionedCubic	14	1.6166666666666667	0.23046875	0.26953125	0.5	conditioned-low-v1	3	170.666	1	0	0	185.333
heldout	ConditionedCubic	14	1.6166666666666667	0.23046875	0.26953125	0.5	conditioned-low-v1	4	167.625	1	0	0	185.333
heldout	ConditionedCubic	14	1.6166666666666667	0.23046875	0.26953125	0.5	conditioned-middle-v1	0	51.790999999999997	0	0	0	185.333
heldout	ConditionedCubic	14	1.6166666666666667	0.23046875	0.26953125	0.5	conditioned-middle-v1	2	137.29200000000003	0	0	0	185.333
heldout	ConditionedCubic	14	1.6166666666666667	0.23046875	0.26953125	0.5	conditioned-middle-v1	3	179.667	1	0	0	185.333
heldout	ConditionedCubic	14	1.6166666666666667	0.23046875	0.26953125	0.5	conditioned-middle-v1	4	178.834	1	0	0	185.333
heldout	ConditionedCubic	14	1.6166666666666667	0.23046875	0.26953125	0.5	conditioned-high-v1	0	53.623999999999995	0	0	0	185.333
heldout	ConditionedCubic	14	1.6166666666666667	0.23046875	0.26953125	0.5	conditioned-high-v1	2	141.58199999999999	0	0	0	185.333
heldout	ConditionedCubic	14	1.6166666666666667	0.23046875	0.26953125	0.5	conditioned-high-v1	3	183	1	0	0	185.333
heldout	ConditionedCubic	14	1.6166666666666667	0.23046875	0.26953125	0.5	conditioned-high-v1	4	181.875	1	0	0	185.333
heldout	ConditionedCubic	15	1.7476190476190476	0.24609375	0.25390625	0.5	conditioned-low-v1	0	41.084000000000003	0	0	0	183.5
heldout	ConditionedCubic	15	1.7476190476190476	0.24609375	0.25390625	0.5	conditioned-low-v1	2	127.708	0	0	0	183.5
heldout	ConditionedCubic	15	1.7476190476190476	0.24609375	0.25390625	0.5	conditioned-low-v1	3	168.834	1	0	0	183.5
heldout	ConditionedCubic	15	1.7476190476190476	0.24609375	0.25390625	0.5	conditioned-low-v1	4	168.958	1	0	0	183.5
heldout	ConditionedCubic	15	1.7476190476190476	0.24609375	0.25390625	0.5	conditioned-middle-v1	0	51.917000000000002	0	0	0	183.5
heldout	ConditionedCubic	15	1.7476190476190476	0.24609375	0.25390625	0.5	conditioned-middle-v1	2	137.41700000000003	0	0	0	183.5
heldout	ConditionedCubic	15	1.7476190476190476	0.24609375	0.25390625	0.5	conditioned-middle-v1	3	178.5	1	0	0	183.5
heldout	ConditionedCubic	15	1.7476190476190476	0.24609375	0.25390625	0.5	conditioned-middle-v1	4	178.833	1	0	0	183.5
heldout	ConditionedCubic	15	1.7476190476190476	0.24609375	0.25390625	0.5	conditioned-high-v1	0	53.332999999999998	0	0	0	183.5
heldout	ConditionedCubic	15	1.7476190476190476	0.24609375	0.25390625	0.5	conditioned-high-v1	2	139.791	0	0	0	183.5
heldout	ConditionedCubic	15	1.7476190476190476	0.24609375	0.25390625	0.5	conditioned-high-v1	3	180.583	1	0	0	183.5
heldout	ConditionedCubic	15	1.7476190476190476	0.24609375	0.25390625	0.5	conditioned-high-v1	4	180.625	1	0	0	183.5
heldout	ConditionedCubic	16	1.8785714285714286	0.26171875	0.23828125	0.5	conditioned-low-v1	0	41.918000000000006	0	0	0	184.833
heldout	ConditionedCubic	16	1.8785714285714286	0.26171875	0.23828125	0.5	conditioned-low-v1	2	127.75000000000003	0	0	0	184.833
heldout	ConditionedCubic	16	1.8785714285714286	0.26171875	0.23828125	0.5	conditioned-low-v1	3	168.833	1	0	0	184.833
heldout	ConditionedCubic	16	1.8785714285714286	0.26171875	0.23828125	0.5	conditioned-low-v1	4	168.542	1	0	0	184.833
heldout	ConditionedCubic	16	1.8785714285714286	0.26171875	0.23828125	0.5	conditioned-middle-v1	0	50.084000000000003	0	0	0	184.833
heldout	ConditionedCubic	16	1.8785714285714286	0.26171875	0.23828125	0.5	conditioned-middle-v1	2	136.29100000000003	0	0	0	184.833
heldout	ConditionedCubic	16	1.8785714285714286	0.26171875	0.23828125	0.5	conditioned-middle-v1	3	177.834	1	0	0	184.833
heldout	ConditionedCubic	16	1.8785714285714286	0.26171875	0.23828125	0.5	conditioned-middle-v1	4	177.208	1	0	0	184.833
heldout	ConditionedCubic	16	1.8785714285714286	0.26171875	0.23828125	0.5	conditioned-high-v1	0	52.707999999999998	0	0	0	184.833
heldout	ConditionedCubic	16	1.8785714285714286	0.26171875	0.23828125	0.5	conditioned-high-v1	2	138.79100000000003	0	0	0	184.833
heldout	ConditionedCubic	16	1.8785714285714286	0.26171875	0.23828125	0.5	conditioned-high-v1	3	180.667	1	0	0	184.833
heldout	ConditionedCubic	16	1.8785714285714286	0.26171875	0.23828125	0.5	conditioned-high-v1	4	180.334	1	0	0	184.833
heldout	ConditionedCubic	17	1.2476190476190476	0.27734375	0.22265625	0.5	conditioned-low-v1	0	44.417000000000002	0	0	0	183.667
heldout	ConditionedCubic	17	1.2476190476190476	0.27734375	0.22265625	0.5	conditioned-low-v1	2	130.24999999999997	0	0	0	183.667
heldout	ConditionedCubic	17	1.2476190476190476	0.27734375	0.22265625	0.5	conditioned-low-v1	3	169.25	1	0	0	183.667
heldout	ConditionedCubic	17	1.2476190476190476	0.27734375	0.22265625	0.5	conditioned-low-v1	4	169.084	1	0	0	183.667
heldout	ConditionedCubic	17	1.2476190476190476	0.27734375	0.22265625	0.5	conditioned-middle-v1	0	49.167000000000002	0	0	0	183.667
heldout	ConditionedCubic	17	1.2476190476190476	0.27734375	0.22265625	0.5	conditioned-middle-v1	2	135.667	0	0	0	183.667
heldout	ConditionedCubic	17	1.2476190476190476	0.27734375	0.22265625	0.5	conditioned-middle-v1	3	176.583	1	0	0	183.667
heldout	ConditionedCubic	17	1.2476190476190476	0.27734375	0.22265625	0.5	conditioned-middle-v1	4	177.041	1	0	0	183.667
heldout	ConditionedCubic	17	1.2476190476190476	0.27734375	0.22265625	0.5	conditioned-high-v1	0	52.251000000000005	0	0	0	183.667
heldout	ConditionedCubic	17	1.2476190476190476	0.27734375	0.22265625	0.5	conditioned-high-v1	2	138.91600000000003	0	0	0	183.667
heldout	ConditionedCubic	17	1.2476190476190476	0.27734375	0.22265625	0.5	conditioned-high-v1	3	181.917	1	0	0	183.667
heldout	ConditionedCubic	17	1.2476190476190476	0.27734375	0.22265625	0.5	conditioned-high-v1	4	180.166	1	0	0	183.667
heldout	ConditionedCubic	18	1.3785714285714286	0.29296875	0.20703125	0.5	conditioned-low-v1	0	42.540999999999997	0	0	0	231.208
heldout	ConditionedCubic	18	1.3785714285714286	0.29296875	0.20703125	0.5	conditioned-low-v1	2	128.25	0	0	0	231.208
heldout	ConditionedCubic	18	1.3785714285714286	0.29296875	0.20703125	0.5	conditioned-low-v1	3	170.416	1	0	0	231.208
heldout	ConditionedCubic	18	1.3785714285714286	0.29296875	0.20703125	0.5	conditioned-low-v1	4	172.958	1	0	0	231.208
heldout	ConditionedCubic	18	1.3785714285714286	0.29296875	0.20703125	0.5	conditioned-middle-v1	0	48.499999999999972	0	0	0	231.208
heldout	ConditionedCubic	18	1.3785714285714286	0.29296875	0.20703125	0.5	conditioned-middle-v1	2	165.04199999999997	0	0	0	231.208
heldout	ConditionedCubic	18	1.3785714285714286	0.29296875	0.20703125	0.5	conditioned-middle-v1	3	195.375	1	0	0	231.208
heldout	ConditionedCubic	18	1.3785714285714286	0.29296875	0.20703125	0.5	conditioned-middle-v1	4	223.042	1	0	0	231.208
heldout	ConditionedCubic	18	1.3785714285714286	0.29296875	0.20703125	0.5	conditioned-high-v1	0	165.20799999999997	0	0	0	231.208
heldout	ConditionedCubic	18	1.3785714285714286	0.29296875	0.20703125	0.5	conditioned-high-v1	2	148.416	0	0	0	231.208
heldout	ConditionedCubic	18	1.3785714285714286	0.29296875	0.20703125	0.5	conditioned-high-v1	3	185.083	1	0	0	231.208
heldout	ConditionedCubic	18	1.3785714285714286	0.29296875	0.20703125	0.5	conditioned-high-v1	4	182.667	1	0	0	231.208
heldout	ConditionedCubic	19	1.5095238095238095	0.30859375	0.19140625	0.5	conditioned-low-v1	0	43.917000000000002	0	0	0	185.291
heldout	ConditionedCubic	19	1.5095238095238095	0.30859375	0.19140625	0.5	conditioned-low-v1	2	127.54199999999997	0	0	0	185.291
heldout	ConditionedCubic	19	1.5095238095238095	0.30859375	0.19140625	0.5	conditioned-low-v1	3	442.33300000000003	1	0	0	185.291
heldout	ConditionedCubic	19	1.5095238095238095	0.30859375	0.19140625	0.5	conditioned-low-v1	4	167.833	1	0	0	185.291
heldout	ConditionedCubic	19	1.5095238095238095	0.30859375	0.19140625	0.5	conditioned-middle-v1	0	48	0	0	0	185.291
heldout	ConditionedCubic	19	1.5095238095238095	0.30859375	0.19140625	0.5	conditioned-middle-v1	2	132.70800000000003	0	0	0	185.291
heldout	ConditionedCubic	19	1.5095238095238095	0.30859375	0.19140625	0.5	conditioned-middle-v1	3	194.209	1	0	0	185.291
heldout	ConditionedCubic	19	1.5095238095238095	0.30859375	0.19140625	0.5	conditioned-middle-v1	4	186.084	1	0	0	185.291
heldout	ConditionedCubic	19	1.5095238095238095	0.30859375	0.19140625	0.5	conditioned-high-v1	0	52.75	0	0	0	185.291
heldout	ConditionedCubic	19	1.5095238095238095	0.30859375	0.19140625	0.5	conditioned-high-v1	2	139.708	0	0	0	185.291
heldout	ConditionedCubic	19	1.5095238095238095	0.30859375	0.19140625	0.5	conditioned-high-v1	3	182.667	1	0	0	185.291
heldout	ConditionedCubic	19	1.5095238095238095	0.30859375	0.19140625	0.5	conditioned-high-v1	4	336.33300000000003	1	0	0	185.291
heldout	ConditionedCubic	20	1.6404761904761904	0.32421875	0.17578125	0.5	conditioned-low-v1	0	46.666999999999973	0	0	0	191.125
heldout	ConditionedCubic	20	1.6404761904761904	0.32421875	0.17578125	0.5	conditioned-low-v1	2	132.499	0	0	0	191.125
heldout	ConditionedCubic	20	1.6404761904761904	0.32421875	0.17578125	0.5	conditioned-low-v1	3	176.333	1	0	0	191.125
heldout	ConditionedCubic	20	1.6404761904761904	0.32421875	0.17578125	0.5	conditioned-low-v1	4	176.209	1	0	0	191.125
heldout	ConditionedCubic	20	1.6404761904761904	0.32421875	0.17578125	0.5	conditioned-middle-v1	0	47.25	0	0	0	191.125
heldout	ConditionedCubic	20	1.6404761904761904	0.32421875	0.17578125	0.5	conditioned-middle-v1	2	136.00000000000003	0	0	0	191.125
heldout	ConditionedCubic	20	1.6404761904761904	0.32421875	0.17578125	0.5	conditioned-middle-v1	3	179	1	0	0	191.125
heldout	ConditionedCubic	20	1.6404761904761904	0.32421875	0.17578125	0.5	conditioned-middle-v1	4	179.083	1	0	0	191.125
heldout	ConditionedCubic	20	1.6404761904761904	0.32421875	0.17578125	0.5	conditioned-high-v1	0	51.292000000000002	0	0	0	191.125
heldout	ConditionedCubic	20	1.6404761904761904	0.32421875	0.17578125	0.5	conditioned-high-v1	2	140.833	0	0	0	191.125
heldout	ConditionedCubic	20	1.6404761904761904	0.32421875	0.17578125	0.5	conditioned-high-v1	3	183.625	1	0	0	191.125
heldout	ConditionedCubic	20	1.6404761904761904	0.32421875	0.17578125	0.5	conditioned-high-v1	4	183.125	1	0	0	191.125
heldout	ConditionedCubic	21	1.7714285714285714	0.33984375	0.16015625	0.5	conditioned-low-v1	0	43.540999999999997	0	0	0	184.542
heldout	ConditionedCubic	21	1.7714285714285714	0.33984375	0.16015625	0.5	conditioned-low-v1	2	132.833	0	0	0	184.542
heldout	ConditionedCubic	21	1.7714285714285714	0.33984375	0.16015625	0.5	conditioned-low-v1	3	175.208	1	0	0	184.542
heldout	ConditionedCubic	21	1.7714285714285714	0.33984375	0.16015625	0.5	conditioned-low-v1	4	173.166	1	0	0	184.542
heldout	ConditionedCubic	21	1.7714285714285714	0.33984375	0.16015625	0.5	conditioned-middle-v1	0	47.125	0	0	0	184.542
heldout	ConditionedCubic	21	1.7714285714285714	0.33984375	0.16015625	0.5	conditioned-middle-v1	2	133.5	0	0	0	184.542
heldout	ConditionedCubic	21	1.7714285714285714	0.33984375	0.16015625	0.5	conditioned-middle-v1	3	174	1	0	0	184.542
heldout	ConditionedCubic	21	1.7714285714285714	0.33984375	0.16015625	0.5	conditioned-middle-v1	4	174.291	1	0	0	184.542
heldout	ConditionedCubic	21	1.7714285714285714	0.33984375	0.16015625	0.5	conditioned-high-v1	0	50.792000000000002	0	0	0	184.542
heldout	ConditionedCubic	21	1.7714285714285714	0.33984375	0.16015625	0.5	conditioned-high-v1	2	137.04200000000003	0	0	0	184.542
heldout	ConditionedCubic	21	1.7714285714285714	0.33984375	0.16015625	0.5	conditioned-high-v1	3	179.792	1	0	0	184.542
heldout	ConditionedCubic	21	1.7714285714285714	0.33984375	0.16015625	0.5	conditioned-high-v1	4	178.708	1	0	0	184.542
heldout	ConditionedCubic	22	1.9023809523809523	0.35546875	0.14453125	0.5	conditioned-low-v1	0	43.667000000000002	0	0	0	185.583
heldout	ConditionedCubic	22	1.9023809523809523	0.35546875	0.14453125	0.5	conditioned-low-v1	2	131.62400000000002	0	0	0	185.583
heldout	ConditionedCubic	22	1.9023809523809523	0.35546875	0.14453125	0.5	conditioned-low-v1	3	172.083	1	0	0	185.583
heldout	ConditionedCubic	22	1.9023809523809523	0.35546875	0.14453125	0.5	conditioned-low-v1	4	175.375	1	0	0	185.583
heldout	ConditionedCubic	22	1.9023809523809523	0.35546875	0.14453125	0.5	conditioned-middle-v1	0	45.415999999999997	0	0	0	185.583
heldout	ConditionedCubic	22	1.9023809523809523	0.35546875	0.14453125	0.5	conditioned-middle-v1	2	131.83300000000003	0	0	0	185.583
heldout	ConditionedCubic	22	1.9023809523809523	0.35546875	0.14453125	0.5	conditioned-middle-v1	3	173.584	1	0	0	185.583
heldout	ConditionedCubic	22	1.9023809523809523	0.35546875	0.14453125	0.5	conditioned-middle-v1	4	173.041	1	0	0	185.583
heldout	ConditionedCubic	22	1.9023809523809523	0.35546875	0.14453125	0.5	conditioned-high-v1	0	50.165999999999997	0	0	0	185.583
heldout	ConditionedCubic	22	1.9023809523809523	0.35546875	0.14453125	0.5	conditioned-high-v1	2	136.459	0	0	0	185.583
heldout	ConditionedCubic	22	1.9023809523809523	0.35546875	0.14453125	0.5	conditioned-high-v1	3	178.167	1	0	0	185.583
heldout	ConditionedCubic	22	1.9023809523809523	0.35546875	0.14453125	0.5	conditioned-high-v1	4	178.333	1	0	0	185.583
heldout	ConditionedCubic	23	1.2714285714285714	0.37109375	0.12890625	0.5	conditioned-low-v1	0	43.834000000000003	0	0	0	183.083
heldout	ConditionedCubic	23	1.2714285714285714	0.37109375	0.12890625	0.5	conditioned-low-v1	2	132.166	0	0	0	183.083
heldout	ConditionedCubic	23	1.2714285714285714	0.37109375	0.12890625	0.5	conditioned-low-v1	3	174.083	1	0	0	183.083
heldout	ConditionedCubic	23	1.2714285714285714	0.37109375	0.12890625	0.5	conditioned-low-v1	4	171.375	1	0	0	183.083
heldout	ConditionedCubic	23	1.2714285714285714	0.37109375	0.12890625	0.5	conditioned-middle-v1	0	44.709000000000003	0	0	0	183.083
heldout	ConditionedCubic	23	1.2714285714285714	0.37109375	0.12890625	0.5	conditioned-middle-v1	2	131.33199999999999	0	0	0	183.083
heldout	ConditionedCubic	23	1.2714285714285714	0.37109375	0.12890625	0.5	conditioned-middle-v1	3	172.917	1	0	0	183.083
heldout	ConditionedCubic	23	1.2714285714285714	0.37109375	0.12890625	0.5	conditioned-middle-v1	4	172.792	1	0	0	183.083
heldout	ConditionedCubic	23	1.2714285714285714	0.37109375	0.12890625	0.5	conditioned-high-v1	0	49.709000000000003	0	0	0	183.083
heldout	ConditionedCubic	23	1.2714285714285714	0.37109375	0.12890625	0.5	conditioned-high-v1	2	136.458	0	0	0	183.083
heldout	ConditionedCubic	23	1.2714285714285714	0.37109375	0.12890625	0.5	conditioned-high-v1	3	179.041	1	0	0	183.083
heldout	ConditionedCubic	23	1.2714285714285714	0.37109375	0.12890625	0.5	conditioned-high-v1	4	177.5	1	0	0	183.083
heldout	ConditionedCubic	24	1.4023809523809523	0.38671875	0.11328125	0.5	conditioned-low-v1	0	44.249999999999972	0	0	0	227.375
heldout	ConditionedCubic	24	1.4023809523809523	0.38671875	0.11328125	0.5	conditioned-low-v1	2	129.874	0	0	0	227.375
heldout	ConditionedCubic	24	1.4023809523809523	0.38671875	0.11328125	0.5	conditioned-low-v1	3	172.667	1	0	0	227.375
heldout	ConditionedCubic	24	1.4023809523809523	0.38671875	0.11328125	0.5	conditioned-low-v1	4	171.542	1	0	0	227.375
heldout	ConditionedCubic	24	1.4023809523809523	0.38671875	0.11328125	0.5	conditioned-middle-v1	0	43.959000000000003	0	0	0	227.375
heldout	ConditionedCubic	24	1.4023809523809523	0.38671875	0.11328125	0.5	conditioned-middle-v1	2	132.333	0	0	0	227.375
heldout	ConditionedCubic	24	1.4023809523809523	0.38671875	0.11328125	0.5	conditioned-middle-v1	3	171.875	1	0	0	227.375
heldout	ConditionedCubic	24	1.4023809523809523	0.38671875	0.11328125	0.5	conditioned-middle-v1	4	172.125	1	0	0	227.375
heldout	ConditionedCubic	24	1.4023809523809523	0.38671875	0.11328125	0.5	conditioned-high-v1	0	49.167000000000002	0	0	0	227.375
heldout	ConditionedCubic	24	1.4023809523809523	0.38671875	0.11328125	0.5	conditioned-high-v1	2	136.08300000000003	0	0	0	227.375
heldout	ConditionedCubic	24	1.4023809523809523	0.38671875	0.11328125	0.5	conditioned-high-v1	3	177.792	1	0	0	227.375
heldout	ConditionedCubic	24	1.4023809523809523	0.38671875	0.11328125	0.5	conditioned-high-v1	4	177.667	1	0	0	227.375
heldout	ConditionedCubic	25	1.5333333333333332	0.40234375	0.09765625	0.5	conditioned-low-v1	0	44.540999999999997	0	0	0	184.125
heldout	ConditionedCubic	25	1.5333333333333332	0.40234375	0.09765625	0.5	conditioned-low-v1	2	130.75099999999998	0	0	0	184.125
heldout	ConditionedCubic	25	1.5333333333333332	0.40234375	0.09765625	0.5	conditioned-low-v1	3	174.458	1	0	0	184.125
heldout	ConditionedCubic	25	1.5333333333333332	0.40234375	0.09765625	0.5	conditioned-low-v1	4	171.541	1	0	0	184.125
heldout	ConditionedCubic	25	1.5333333333333332	0.40234375	0.09765625	0.5	conditioned-middle-v1	0	43.25	0	0	0	184.125
heldout	ConditionedCubic	25	1.5333333333333332	0.40234375	0.09765625	0.5	conditioned-middle-v1	2	131.542	0	0	0	184.125
heldout	ConditionedCubic	25	1.5333333333333332	0.40234375	0.09765625	0.5	conditioned-middle-v1	3	170.5	1	0	0	184.125
heldout	ConditionedCubic	25	1.5333333333333332	0.40234375	0.09765625	0.5	conditioned-middle-v1	4	170.958	1	0	0	184.125
heldout	ConditionedCubic	25	1.5333333333333332	0.40234375	0.09765625	0.5	conditioned-high-v1	0	48.959000000000003	0	0	0	184.125
heldout	ConditionedCubic	25	1.5333333333333332	0.40234375	0.09765625	0.5	conditioned-high-v1	2	136.04200000000003	0	0	0	184.125
heldout	ConditionedCubic	25	1.5333333333333332	0.40234375	0.09765625	0.5	conditioned-high-v1	3	177.167	1	0	0	184.125
heldout	ConditionedCubic	25	1.5333333333333332	0.40234375	0.09765625	0.5	conditioned-high-v1	4	177	1	0	0	184.125
heldout	ConditionedCubic	26	1.6642857142857141	0.41796875	0.08203125	0.5	conditioned-low-v1	0	46.917000000000002	0	0	0	184.125
heldout	ConditionedCubic	26	1.6642857142857141	0.41796875	0.08203125	0.5	conditioned-low-v1	2	130.83300000000003	0	0	0	184.125
heldout	ConditionedCubic	26	1.6642857142857141	0.41796875	0.08203125	0.5	conditioned-low-v1	3	172.625	1	0	0	184.125
heldout	ConditionedCubic	26	1.6642857142857141	0.41796875	0.08203125	0.5	conditioned-low-v1	4	172.333	1	0	0	184.125
heldout	ConditionedCubic	26	1.6642857142857141	0.41796875	0.08203125	0.5	conditioned-middle-v1	0	42.667000000000002	0	0	0	184.125
heldout	ConditionedCubic	26	1.6642857142857141	0.41796875	0.08203125	0.5	conditioned-middle-v1	2	129.667	0	0	0	184.125
heldout	ConditionedCubic	26	1.6642857142857141	0.41796875	0.08203125	0.5	conditioned-middle-v1	3	170.875	1	0	0	184.125
heldout	ConditionedCubic	26	1.6642857142857141	0.41796875	0.08203125	0.5	conditioned-middle-v1	4	170.458	1	0	0	184.125
heldout	ConditionedCubic	26	1.6642857142857141	0.41796875	0.08203125	0.5	conditioned-high-v1	0	48.751000000000005	0	0	0	184.125
heldout	ConditionedCubic	26	1.6642857142857141	0.41796875	0.08203125	0.5	conditioned-high-v1	2	135.12500000000003	0	0	0	184.125
heldout	ConditionedCubic	26	1.6642857142857141	0.41796875	0.08203125	0.5	conditioned-high-v1	3	177.083	1	0	0	184.125
heldout	ConditionedCubic	26	1.6642857142857141	0.41796875	0.08203125	0.5	conditioned-high-v1	4	176.209	1	0	0	184.125
heldout	ConditionedCubic	27	1.7952380952380951	0.43359375	0.06640625	0.5	conditioned-low-v1	0	45	0	0	0	142
heldout	ConditionedCubic	27	1.7952380952380951	0.43359375	0.06640625	0.5	conditioned-low-v1	2	131.54199999999997	0	0	0	142
heldout	ConditionedCubic	27	1.7952380952380951	0.43359375	0.06640625	0.5	conditioned-low-v1	3	172.709	1	0	0	142
heldout	ConditionedCubic	27	1.7952380952380951	0.43359375	0.06640625	0.5	conditioned-low-v1	4	172.75	1	0	0	142
heldout	ConditionedCubic	27	1.7952380952380951	0.43359375	0.06640625	0.5	conditioned-middle-v1	0	41.875	0	0	0	142
heldout	ConditionedCubic	27	1.7952380952380951	0.43359375	0.06640625	0.5	conditioned-middle-v1	2	128.33399999999997	0	0	0	142
heldout	ConditionedCubic	27	1.7952380952380951	0.43359375	0.06640625	0.5	conditioned-middle-v1	3	168.958	1	0	0	142
heldout	ConditionedCubic	27	1.7952380952380951	0.43359375	0.06640625	0.5	conditioned-middle-v1	4	169	1	0	0	142
heldout	ConditionedCubic	27	1.7952380952380951	0.43359375	0.06640625	0.5	conditioned-high-v1	0	47.998999999999995	0	0	0	142
heldout	ConditionedCubic	27	1.7952380952380951	0.43359375	0.06640625	0.5	conditioned-high-v1	2	134.37400000000002	0	0	0	142
heldout	ConditionedCubic	27	1.7952380952380951	0.43359375	0.06640625	0.5	conditioned-high-v1	3	175.375	1	0	0	142
heldout	ConditionedCubic	27	1.7952380952380951	0.43359375	0.06640625	0.5	conditioned-high-v1	4	175.5	1	0	0	142
heldout	ConditionedCubic	28	1.926190476190476	0.44921875	0.05078125	0.5	conditioned-low-v1	0	45.542000000000002	0	0	0	180.75
heldout	ConditionedCubic	28	1.926190476190476	0.44921875	0.05078125	0.5	conditioned-low-v1	2	134.041	0	0	0	180.75
heldout	ConditionedCubic	28	1.926190476190476	0.44921875	0.05078125	0.5	conditioned-low-v1	3	173.833	1	0	0	180.75
heldout	ConditionedCubic	28	1.926190476190476	0.44921875	0.05078125	0.5	conditioned-low-v1	4	180.292	1	0	0	180.75
heldout	ConditionedCubic	28	1.926190476190476	0.44921875	0.05078125	0.5	conditioned-middle-v1	0	44.542000000000002	0	0	0	180.75
heldout	ConditionedCubic	28	1.926190476190476	0.44921875	0.05078125	0.5	conditioned-middle-v1	2	126.41700000000003	0	0	0	180.75
heldout	ConditionedCubic	28	1.926190476190476	0.44921875	0.05078125	0.5	conditioned-middle-v1	3	168.708	1	0	0	180.75
heldout	ConditionedCubic	28	1.926190476190476	0.44921875	0.05078125	0.5	conditioned-middle-v1	4	165.875	1	0	0	180.75
heldout	ConditionedCubic	28	1.926190476190476	0.44921875	0.05078125	0.5	conditioned-high-v1	0	47.917000000000002	0	0	0	180.75
heldout	ConditionedCubic	28	1.926190476190476	0.44921875	0.05078125	0.5	conditioned-high-v1	2	133.209	0	0	0	180.75
heldout	ConditionedCubic	28	1.926190476190476	0.44921875	0.05078125	0.5	conditioned-high-v1	3	172.916	1	0	0	180.75
heldout	ConditionedCubic	28	1.926190476190476	0.44921875	0.05078125	0.5	conditioned-high-v1	4	172.375	1	0	0	180.75
heldout	ConditionedCubic	29	1.2952380952380951	0.46484375	0.03515625	0.5	conditioned-low-v1	0	46.040999999999997	0	0	0	181.459
heldout	ConditionedCubic	29	1.2952380952380951	0.46484375	0.03515625	0.5	conditioned-low-v1	2	130.62500000000003	0	0	0	181.459
heldout	ConditionedCubic	29	1.2952380952380951	0.46484375	0.03515625	0.5	conditioned-low-v1	3	173	1	0	0	181.459
heldout	ConditionedCubic	29	1.2952380952380951	0.46484375	0.03515625	0.5	conditioned-low-v1	4	171.583	1	0	0	181.459
heldout	ConditionedCubic	29	1.2952380952380951	0.46484375	0.03515625	0.5	conditioned-middle-v1	0	38.040999999999997	1	0	0	181.459
heldout	ConditionedCubic	29	1.2952380952380951	0.46484375	0.03515625	0.5	conditioned-middle-v1	2	37.75	1	0	0	181.459
heldout	ConditionedCubic	29	1.2952380952380951	0.46484375	0.03515625	0.5	conditioned-middle-v1	3	37.667000000000002	1	0	0	181.459
heldout	ConditionedCubic	29	1.2952380952380951	0.46484375	0.03515625	0.5	conditioned-middle-v1	4	37.792000000000002	1	0	0	181.459
heldout	ConditionedCubic	29	1.2952380952380951	0.46484375	0.03515625	0.5	conditioned-high-v1	0	47.126000000000005	0	0	0	181.459
heldout	ConditionedCubic	29	1.2952380952380951	0.46484375	0.03515625	0.5	conditioned-high-v1	2	133.25099999999998	0	0	0	181.459
heldout	ConditionedCubic	29	1.2952380952380951	0.46484375	0.03515625	0.5	conditioned-high-v1	3	173.625	1	0	0	181.459
heldout	ConditionedCubic	29	1.2952380952380951	0.46484375	0.03515625	0.5	conditioned-high-v1	4	175.334	1	0	0	181.459
heldout	ConditionedCubic	30	1.4261904761904762	0.48046875	0.01953125	0.5	conditioned-low-v1	0	46.124999999999972	0	0	0	225.917
heldout	ConditionedCubic	30	1.4261904761904762	0.48046875	0.01953125	0.5	conditioned-low-v1	2	131.25000000000003	0	0	0	225.917
heldout	ConditionedCubic	30	1.4261904761904762	0.48046875	0.01953125	0.5	conditioned-low-v1	3	173.583	1	0	0	225.917
heldout	ConditionedCubic	30	1.4261904761904762	0.48046875	0.01953125	0.5	conditioned-low-v1	4	174.333	1	0	0	225.917
heldout	ConditionedCubic	30	1.4261904761904762	0.48046875	0.01953125	0.5	conditioned-middle-v1	0	37.457999999999998	1	0	0	225.917
heldout	ConditionedCubic	30	1.4261904761904762	0.48046875	0.01953125	0.5	conditioned-middle-v1	2	37.332999999999998	1	0	0	225.917
heldout	ConditionedCubic	30	1.4261904761904762	0.48046875	0.01953125	0.5	conditioned-middle-v1	3	37.125	1	0	0	225.917
heldout	ConditionedCubic	30	1.4261904761904762	0.48046875	0.01953125	0.5	conditioned-middle-v1	4	39.542000000000002	1	0	0	225.917
heldout	ConditionedCubic	30	1.4261904761904762	0.48046875	0.01953125	0.5	conditioned-high-v1	0	49.042000000000002	0	0	0	225.917
heldout	ConditionedCubic	30	1.4261904761904762	0.48046875	0.01953125	0.5	conditioned-high-v1	2	136.959	0	0	0	225.917
heldout	ConditionedCubic	30	1.4261904761904762	0.48046875	0.01953125	0.5	conditioned-high-v1	3	177.833	1	0	0	225.917
heldout	ConditionedCubic	30	1.4261904761904762	0.48046875	0.01953125	0.5	conditioned-high-v1	4	173.875	1	0	0	225.917
heldout	ConditionedCubic	31	1.5571428571428572	0.49609375	0.00390625	0.5	conditioned-low-v1	0	47.207999999999998	0	0	0	182.292
heldout	ConditionedCubic	31	1.5571428571428572	0.49609375	0.00390625	0.5	conditioned-low-v1	2	132.417	0	0	0	182.292
heldout	ConditionedCubic	31	1.5571428571428572	0.49609375	0.00390625	0.5	conditioned-low-v1	3	201.333	1	0	0	182.292
heldout	ConditionedCubic	31	1.5571428571428572	0.49609375	0.00390625	0.5	conditioned-low-v1	4	215.917	1	0	0	182.292
heldout	ConditionedCubic	31	1.5571428571428572	0.49609375	0.00390625	0.5	conditioned-middle-v1	0	37	1	0	0	182.292
heldout	ConditionedCubic	31	1.5571428571428572	0.49609375	0.00390625	0.5	conditioned-middle-v1	2	38.457999999999998	1	0	0	182.292
heldout	ConditionedCubic	31	1.5571428571428572	0.49609375	0.00390625	0.5	conditioned-middle-v1	3	36.542000000000002	1	0	0	182.292
heldout	ConditionedCubic	31	1.5571428571428572	0.49609375	0.00390625	0.5	conditioned-middle-v1	4	36.457999999999998	1	0	0	182.292
heldout	ConditionedCubic	31	1.5571428571428572	0.49609375	0.00390625	0.5	conditioned-high-v1	0	46.459000000000003	0	0	0	182.292
heldout	ConditionedCubic	31	1.5571428571428572	0.49609375	0.00390625	0.5	conditioned-high-v1	2	131.75	0	0	0	182.292
heldout	ConditionedCubic	31	1.5571428571428572	0.49609375	0.00390625	0.5	conditioned-high-v1	3	173.458	1	0	0	182.292
heldout	ConditionedCubic	31	1.5571428571428572	0.49609375	0.00390625	0.5	conditioned-high-v1	4	174.333	1	0	0	182.292
heldout	ConditionedCubic	32	1.6880952380952381	0.51171875	0.01171875	0.5	conditioned-low-v1	0	49.251000000000005	0	0	0	182.667
heldout	ConditionedCubic	32	1.6880952380952381	0.51171875	0.01171875	0.5	conditioned-low-v1	2	131.917	0	0	0	182.667
heldout	ConditionedCubic	32	1.6880952380952381	0.51171875	0.01171875	0.5	conditioned-low-v1	3	173.167	1	0	0	182.667
heldout	ConditionedCubic	32	1.6880952380952381	0.51171875	0.01171875	0.5	conditioned-low-v1	4	172.417	1	0	0	182.667
heldout	ConditionedCubic	32	1.6880952380952381	0.51171875	0.01171875	0.5	conditioned-middle-v1	0	37.167000000000002	1	0	0	182.667
heldout	ConditionedCubic	32	1.6880952380952381	0.51171875	0.01171875	0.5	conditioned-middle-v1	2	36.832999999999998	1	0	0	182.667
heldout	ConditionedCubic	32	1.6880952380952381	0.51171875	0.01171875	0.5	conditioned-middle-v1	3	36.75	1	0	0	182.667
heldout	ConditionedCubic	32	1.6880952380952381	0.51171875	0.01171875	0.5	conditioned-middle-v1	4	36.792000000000002	1	0	0	182.667
heldout	ConditionedCubic	32	1.6880952380952381	0.51171875	0.01171875	0.5	conditioned-high-v1	0	46.165999999999997	0	0	0	182.667
heldout	ConditionedCubic	32	1.6880952380952381	0.51171875	0.01171875	0.5	conditioned-high-v1	2	133.37599999999998	0	0	0	182.667
heldout	ConditionedCubic	32	1.6880952380952381	0.51171875	0.01171875	0.5	conditioned-high-v1	3	173.041	1	0	0	182.667
heldout	ConditionedCubic	32	1.6880952380952381	0.51171875	0.01171875	0.5	conditioned-high-v1	4	172.958	1	0	0	182.667
heldout	ConditionedCubic	33	1.819047619047619	0.52734375	0.02734375	0.5	conditioned-low-v1	0	47.251000000000005	0	0	0	182.792
heldout	ConditionedCubic	33	1.819047619047619	0.52734375	0.02734375	0.5	conditioned-low-v1	2	132.833	0	0	0	182.792
heldout	ConditionedCubic	33	1.819047619047619	0.52734375	0.02734375	0.5	conditioned-low-v1	3	174.125	1	0	0	182.792
heldout	ConditionedCubic	33	1.819047619047619	0.52734375	0.02734375	0.5	conditioned-low-v1	4	173.791	1	0	0	182.792
heldout	ConditionedCubic	33	1.819047619047619	0.52734375	0.02734375	0.5	conditioned-middle-v1	0	37.582999999999998	1	0	0	182.792
heldout	ConditionedCubic	33	1.819047619047619	0.52734375	0.02734375	0.5	conditioned-middle-v1	2	37.459000000000003	1	0	0	182.792
heldout	ConditionedCubic	33	1.819047619047619	0.52734375	0.02734375	0.5	conditioned-middle-v1	3	37.459000000000003	1	0	0	182.792
heldout	ConditionedCubic	33	1.819047619047619	0.52734375	0.02734375	0.5	conditioned-middle-v1	4	37.417000000000002	1	0	0	182.792
heldout	ConditionedCubic	33	1.819047619047619	0.52734375	0.02734375	0.5	conditioned-high-v1	0	45.792000000000002	0	0	0	182.792
heldout	ConditionedCubic	33	1.819047619047619	0.52734375	0.02734375	0.5	conditioned-high-v1	2	132.083	0	0	0	182.792
heldout	ConditionedCubic	33	1.819047619047619	0.52734375	0.02734375	0.5	conditioned-high-v1	3	172.375	1	0	0	182.792
heldout	ConditionedCubic	33	1.819047619047619	0.52734375	0.02734375	0.5	conditioned-high-v1	4	172.125	1	0	0	182.792
heldout	ConditionedCubic	34	1.95	0.54296875	0.04296875	0.5	conditioned-low-v1	0	48.25	0	0	0	182.709
heldout	ConditionedCubic	34	1.95	0.54296875	0.04296875	0.5	conditioned-low-v1	2	133.166	0	0	0	182.709
heldout	ConditionedCubic	34	1.95	0.54296875	0.04296875	0.5	conditioned-low-v1	3	175.042	1	0	0	182.709
heldout	ConditionedCubic	34	1.95	0.54296875	0.04296875	0.5	conditioned-low-v1	4	173.667	1	0	0	182.709
heldout	ConditionedCubic	34	1.95	0.54296875	0.04296875	0.5	conditioned-middle-v1	0	38.25	1	0	0	182.709
heldout	ConditionedCubic	34	1.95	0.54296875	0.04296875	0.5	conditioned-middle-v1	2	38.167000000000002	1	0	0	182.709
heldout	ConditionedCubic	34	1.95	0.54296875	0.04296875	0.5	conditioned-middle-v1	3	37.834000000000003	1	0	0	182.709
heldout	ConditionedCubic	34	1.95	0.54296875	0.04296875	0.5	conditioned-middle-v1	4	38.040999999999997	1	0	0	182.709
heldout	ConditionedCubic	34	1.95	0.54296875	0.04296875	0.5	conditioned-high-v1	0	45.417000000000002	0	0	0	182.709
heldout	ConditionedCubic	34	1.95	0.54296875	0.04296875	0.5	conditioned-high-v1	2	131.74999999999997	0	0	0	182.709
heldout	ConditionedCubic	34	1.95	0.54296875	0.04296875	0.5	conditioned-high-v1	3	174.209	1	0	0	182.709
heldout	ConditionedCubic	34	1.95	0.54296875	0.04296875	0.5	conditioned-high-v1	4	172.083	1	0	0	182.709
heldout	ConditionedCubic	35	1.319047619047619	0.55859375	0.05859375	0.5	conditioned-low-v1	0	48.292000000000002	0	0	0	182
heldout	ConditionedCubic	35	1.319047619047619	0.55859375	0.05859375	0.5	conditioned-low-v1	2	133.70800000000003	0	0	0	182
heldout	ConditionedCubic	35	1.319047619047619	0.55859375	0.05859375	0.5	conditioned-low-v1	3	174.5	1	0	0	182
heldout	ConditionedCubic	35	1.319047619047619	0.55859375	0.05859375	0.5	conditioned-low-v1	4	174.667	1	0	0	182
heldout	ConditionedCubic	35	1.319047619047619	0.55859375	0.05859375	0.5	conditioned-middle-v1	0	41.584000000000003	0	0	0	182
heldout	ConditionedCubic	35	1.319047619047619	0.55859375	0.05859375	0.5	conditioned-middle-v1	2	129.583	0	0	0	182
heldout	ConditionedCubic	35	1.319047619047619	0.55859375	0.05859375	0.5	conditioned-middle-v1	3	167.625	1	0	0	182
heldout	ConditionedCubic	35	1.319047619047619	0.55859375	0.05859375	0.5	conditioned-middle-v1	4	167.625	1	0	0	182
heldout	ConditionedCubic	35	1.319047619047619	0.55859375	0.05859375	0.5	conditioned-high-v1	0	45.5	0	0	0	182
heldout	ConditionedCubic	35	1.319047619047619	0.55859375	0.05859375	0.5	conditioned-high-v1	2	133.084	0	0	0	182
heldout	ConditionedCubic	35	1.319047619047619	0.55859375	0.05859375	0.5	conditioned-high-v1	3	173.458	1	0	0	182
heldout	ConditionedCubic	35	1.319047619047619	0.55859375	0.05859375	0.5	conditioned-high-v1	4	171.292	1	0	0	182
heldout	ConditionedCubic	36	1.45	0.57421875	0.07421875	0.5	conditioned-low-v1	0	48.583999999999975	0	0	0	226.417
heldout	ConditionedCubic	36	1.45	0.57421875	0.07421875	0.5	conditioned-low-v1	2	134.66700000000003	0	0	0	226.417
heldout	ConditionedCubic	36	1.45	0.57421875	0.07421875	0.5	conditioned-low-v1	3	175.25	1	0	0	226.417
heldout	ConditionedCubic	36	1.45	0.57421875	0.07421875	0.5	conditioned-low-v1	4	174.833	1	0	0	226.417
heldout	ConditionedCubic	36	1.45	0.57421875	0.07421875	0.5	conditioned-middle-v1	0	42.125	0	0	0	226.417
heldout	ConditionedCubic	36	1.45	0.57421875	0.07421875	0.5	conditioned-middle-v1	2	127.54200000000003	0	0	0	226.417
heldout	ConditionedCubic	36	1.45	0.57421875	0.07421875	0.5	conditioned-middle-v1	3	169.542	1	0	0	226.417
heldout	ConditionedCubic	36	1.45	0.57421875	0.07421875	0.5	conditioned-middle-v1	4	168.75	1	0	0	226.417
heldout	ConditionedCubic	36	1.45	0.57421875	0.07421875	0.5	conditioned-high-v1	0	44.666999999999973	0	0	0	226.417
heldout	ConditionedCubic	36	1.45	0.57421875	0.07421875	0.5	conditioned-high-v1	2	130.08399999999997	0	0	0	226.417
heldout	ConditionedCubic	36	1.45	0.57421875	0.07421875	0.5	conditioned-high-v1	3	174.25	1	0	0	226.417
heldout	ConditionedCubic	36	1.45	0.57421875	0.07421875	0.5	conditioned-high-v1	4	171.5	1	0	0	226.417
heldout	ConditionedCubic	37	1.5809523809523809	0.58984375	0.08984375	0.5	conditioned-low-v1	0	49.125	0	0	0	182.166
heldout	ConditionedCubic	37	1.5809523809523809	0.58984375	0.08984375	0.5	conditioned-low-v1	2	134.375	0	0	0	182.166
heldout	ConditionedCubic	37	1.5809523809523809	0.58984375	0.08984375	0.5	conditioned-low-v1	3	175.167	1	0	0	182.166
heldout	ConditionedCubic	37	1.5809523809523809	0.58984375	0.08984375	0.5	conditioned-low-v1	4	177.417	1	0	0	182.166
heldout	ConditionedCubic	37	1.5809523809523809	0.58984375	0.08984375	0.5	conditioned-middle-v1	0	42.834000000000003	0	0	0	182.166
heldout	ConditionedCubic	37	1.5809523809523809	0.58984375	0.08984375	0.5	conditioned-middle-v1	2	128.75000000000003	0	0	0	182.166
heldout	ConditionedCubic	37	1.5809523809523809	0.58984375	0.08984375	0.5	conditioned-middle-v1	3	169.125	1	0	0	182.166
heldout	ConditionedCubic	37	1.5809523809523809	0.58984375	0.08984375	0.5	conditioned-middle-v1	4	168.958	1	0	0	182.166
heldout	ConditionedCubic	37	1.5809523809523809	0.58984375	0.08984375	0.5	conditioned-high-v1	0	44.292000000000002	0	0	0	182.166
heldout	ConditionedCubic	37	1.5809523809523809	0.58984375	0.08984375	0.5	conditioned-high-v1	2	130.70899999999997	0	0	0	182.166
heldout	ConditionedCubic	37	1.5809523809523809	0.58984375	0.08984375	0.5	conditioned-high-v1	3	171.834	1	0	0	182.166
heldout	ConditionedCubic	37	1.5809523809523809	0.58984375	0.08984375	0.5	conditioned-high-v1	4	170.542	1	0	0	182.166
heldout	ConditionedCubic	38	1.7119047619047618	0.60546875	0.10546875	0.5	conditioned-low-v1	0	49.207999999999998	0	0	0	183.042
heldout	ConditionedCubic	38	1.7119047619047618	0.60546875	0.10546875	0.5	conditioned-low-v1	2	134.29200000000003	0	0	0	183.042
heldout	ConditionedCubic	38	1.7119047619047618	0.60546875	0.10546875	0.5	conditioned-low-v1	3	175.959	1	0	0	183.042
heldout	ConditionedCubic	38	1.7119047619047618	0.60546875	0.10546875	0.5	conditioned-low-v1	4	176.959	1	0	0	183.042
heldout	ConditionedCubic	38	1.7119047619047618	0.60546875	0.10546875	0.5	conditioned-middle-v1	0	43.540999999999997	0	0	0	183.042
heldout	ConditionedCubic	38	1.7119047619047618	0.60546875	0.10546875	0.5	conditioned-middle-v1	2	128.626	0	0	0	183.042
heldout	ConditionedCubic	38	1.7119047619047618	0.60546875	0.10546875	0.5	conditioned-middle-v1	3	171.875	1	0	0	183.042
heldout	ConditionedCubic	38	1.7119047619047618	0.60546875	0.10546875	0.5	conditioned-middle-v1	4	170.25	1	0	0	183.042
heldout	ConditionedCubic	38	1.7119047619047618	0.60546875	0.10546875	0.5	conditioned-high-v1	0	45.875	0	0	0	183.042
heldout	ConditionedCubic	38	1.7119047619047618	0.60546875	0.10546875	0.5	conditioned-high-v1	2	129.58399999999997	0	0	0	183.042
heldout	ConditionedCubic	38	1.7119047619047618	0.60546875	0.10546875	0.5	conditioned-high-v1	3	170.958	1	0	0	183.042
heldout	ConditionedCubic	38	1.7119047619047618	0.60546875	0.10546875	0.5	conditioned-high-v1	4	171.708	1	0	0	183.042
heldout	ConditionedCubic	39	1.842857142857143	0.62109375	0.12109375	0.5	conditioned-low-v1	0	49.667000000000002	0	0	0	182.458
heldout	ConditionedCubic	39	1.842857142857143	0.62109375	0.12109375	0.5	conditioned-low-v1	2	135.792	0	0	0	182.458
heldout	ConditionedCubic	39	1.842857142857143	0.62109375	0.12109375	0.5	conditioned-low-v1	3	175.667	1	0	0	182.458
heldout	ConditionedCubic	39	1.842857142857143	0.62109375	0.12109375	0.5	conditioned-low-v1	4	179.458	1	0	0	182.458
heldout	ConditionedCubic	39	1.842857142857143	0.62109375	0.12109375	0.5	conditioned-middle-v1	0	44.125	0	0	0	182.458
heldout	ConditionedCubic	39	1.842857142857143	0.62109375	0.12109375	0.5	conditioned-middle-v1	2	130	0	0	0	182.458
heldout	ConditionedCubic	39	1.842857142857143	0.62109375	0.12109375	0.5	conditioned-middle-v1	3	170.833	1	0	0	182.458
heldout	ConditionedCubic	39	1.842857142857143	0.62109375	0.12109375	0.5	conditioned-middle-v1	4	170.834	1	0	0	182.458
heldout	ConditionedCubic	39	1.842857142857143	0.62109375	0.12109375	0.5	conditioned-high-v1	0	43.501000000000005	0	0	0	182.458
heldout	ConditionedCubic	39	1.842857142857143	0.62109375	0.12109375	0.5	conditioned-high-v1	2	132.083	0	0	0	182.458
heldout	ConditionedCubic	39	1.842857142857143	0.62109375	0.12109375	0.5	conditioned-high-v1	3	171.458	1	0	0	182.458
heldout	ConditionedCubic	39	1.842857142857143	0.62109375	0.12109375	0.5	conditioned-high-v1	4	169.917	1	0	0	182.458
heldout	ConditionedCubic	40	1.2119047619047618	0.63671875	0.13671875	0.5	conditioned-low-v1	0	50.125	0	0	0	181.208
heldout	ConditionedCubic	40	1.2119047619047618	0.63671875	0.13671875	0.5	conditioned-low-v1	2	136.70800000000003	0	0	0	181.208
heldout	ConditionedCubic	40	1.2119047619047618	0.63671875	0.13671875	0.5	conditioned-low-v1	3	178.291	1	0	0	181.208
heldout	ConditionedCubic	40	1.2119047619047618	0.63671875	0.13671875	0.5	conditioned-low-v1	4	187.875	1	0	0	181.208
heldout	ConditionedCubic	40	1.2119047619047618	0.63671875	0.13671875	0.5	conditioned-middle-v1	0	46.251000000000005	0	0	0	181.208
heldout	ConditionedCubic	40	1.2119047619047618	0.63671875	0.13671875	0.5	conditioned-middle-v1	2	131.292	0	0	0	181.208
heldout	ConditionedCubic	40	1.2119047619047618	0.63671875	0.13671875	0.5	conditioned-middle-v1	3	171.5	1	0	0	181.208
heldout	ConditionedCubic	40	1.2119047619047618	0.63671875	0.13671875	0.5	conditioned-middle-v1	4	171.417	1	0	0	181.208
heldout	ConditionedCubic	40	1.2119047619047618	0.63671875	0.13671875	0.5	conditioned-high-v1	0	43.332999999999998	0	0	0	181.208
heldout	ConditionedCubic	40	1.2119047619047618	0.63671875	0.13671875	0.5	conditioned-high-v1	2	128.792	0	0	0	181.208
heldout	ConditionedCubic	40	1.2119047619047618	0.63671875	0.13671875	0.5	conditioned-high-v1	3	170.958	1	0	0	181.208
heldout	ConditionedCubic	40	1.2119047619047618	0.63671875	0.13671875	0.5	conditioned-high-v1	4	169.541	1	0	0	181.208
heldout	ConditionedCubic	41	1.3428571428571427	0.65234375	0.15234375	0.5	conditioned-low-v1	0	50.999999999999972	0	0	0	224.041
heldout	ConditionedCubic	41	1.3428571428571427	0.65234375	0.15234375	0.5	conditioned-low-v1	2	136.66600000000003	0	0	0	224.041
heldout	ConditionedCubic	41	1.3428571428571427	0.65234375	0.15234375	0.5	conditioned-low-v1	3	176.875	1	0	0	224.041
heldout	ConditionedCubic	41	1.3428571428571427	0.65234375	0.15234375	0.5	conditioned-low-v1	4	176.958	1	0	0	224.041
heldout	ConditionedCubic	41	1.3428571428571427	0.65234375	0.15234375	0.5	conditioned-middle-v1	0	45.875	0	0	0	224.041
heldout	ConditionedCubic	41	1.3428571428571427	0.65234375	0.15234375	0.5	conditioned-middle-v1	2	131.124	0	0	0	224.041
heldout	ConditionedCubic	41	1.3428571428571427	0.65234375	0.15234375	0.5	conditioned-middle-v1	3	171.666	1	0	0	224.041
heldout	ConditionedCubic	41	1.3428571428571427	0.65234375	0.15234375	0.5	conditioned-middle-v1	4	172.083	1	0	0	224.041
heldout	ConditionedCubic	41	1.3428571428571427	0.65234375	0.15234375	0.5	conditioned-high-v1	0	42.916999999999973	0	0	0	224.041
heldout	ConditionedCubic	41	1.3428571428571427	0.65234375	0.15234375	0.5	conditioned-high-v1	2	128.58399999999997	0	0	0	224.041
heldout	ConditionedCubic	41	1.3428571428571427	0.65234375	0.15234375	0.5	conditioned-high-v1	3	169.167	1	0	0	224.041
heldout	ConditionedCubic	41	1.3428571428571427	0.65234375	0.15234375	0.5	conditioned-high-v1	4	169.417	1	0	0	224.041
heldout	ConditionedCubic	42	1.4738095238095239	0.66796875	0.16796875	0.5	conditioned-low-v1	0	51.042000000000002	0	0	0	226.25
heldout	ConditionedCubic	42	1.4738095238095239	0.66796875	0.16796875	0.5	conditioned-low-v1	2	135.79199999999997	0	0	0	226.25
heldout	ConditionedCubic	42	1.4738095238095239	0.66796875	0.16796875	0.5	conditioned-low-v1	3	177.75	1	0	0	226.25
heldout	ConditionedCubic	42	1.4738095238095239	0.66796875	0.16796875	0.5	conditioned-low-v1	4	177	1	0	0	226.25
heldout	ConditionedCubic	42	1.4738095238095239	0.66796875	0.16796875	0.5	conditioned-middle-v1	0	46.459000000000003	0	0	0	226.25
heldout	ConditionedCubic	42	1.4738095238095239	0.66796875	0.16796875	0.5	conditioned-middle-v1	2	131.79200000000003	0	0	0	226.25
heldout	ConditionedCubic	42	1.4738095238095239	0.66796875	0.16796875	0.5	conditioned-middle-v1	3	173.25	1	0	0	226.25
heldout	ConditionedCubic	42	1.4738095238095239	0.66796875	0.16796875	0.5	conditioned-middle-v1	4	173.125	1	0	0	226.25
heldout	ConditionedCubic	42	1.4738095238095239	0.66796875	0.16796875	0.5	conditioned-high-v1	0	42.543000000000006	0	0	0	226.25
heldout	ConditionedCubic	42	1.4738095238095239	0.66796875	0.16796875	0.5	conditioned-high-v1	2	127.917	0	0	0	226.25
heldout	ConditionedCubic	42	1.4738095238095239	0.66796875	0.16796875	0.5	conditioned-high-v1	3	171.25	1	0	0	226.25
heldout	ConditionedCubic	42	1.4738095238095239	0.66796875	0.16796875	0.5	conditioned-high-v1	4	170.459	1	0	0	226.25
heldout	ConditionedCubic	43	1.6047619047619048	0.68359375	0.18359375	0.5	conditioned-low-v1	0	53.707999999999998	0	0	0	182.292
heldout	ConditionedCubic	43	1.6047619047619048	0.68359375	0.18359375	0.5	conditioned-low-v1	2	136.62500000000003	0	0	0	182.292
heldout	ConditionedCubic	43	1.6047619047619048	0.68359375	0.18359375	0.5	conditioned-low-v1	3	179.25	1	0	0	182.292
heldout	ConditionedCubic	43	1.6047619047619048	0.68359375	0.18359375	0.5	conditioned-low-v1	4	177.75	1	0	0	182.292
heldout	ConditionedCubic	43	1.6047619047619048	0.68359375	0.18359375	0.5	conditioned-middle-v1	0	47.207999999999998	0	0	0	182.292
heldout	ConditionedCubic	43	1.6047619047619048	0.68359375	0.18359375	0.5	conditioned-middle-v1	2	135	0	0	0	182.292
heldout	ConditionedCubic	43	1.6047619047619048	0.68359375	0.18359375	0.5	conditioned-middle-v1	3	173.25	1	0	0	182.292
heldout	ConditionedCubic	43	1.6047619047619048	0.68359375	0.18359375	0.5	conditioned-middle-v1	4	173.458	1	0	0	182.292
heldout	ConditionedCubic	43	1.6047619047619048	0.68359375	0.18359375	0.5	conditioned-high-v1	0	42.292000000000002	0	0	0	182.292
heldout	ConditionedCubic	43	1.6047619047619048	0.68359375	0.18359375	0.5	conditioned-high-v1	2	128.25	0	0	0	182.292
heldout	ConditionedCubic	43	1.6047619047619048	0.68359375	0.18359375	0.5	conditioned-high-v1	3	168.667	1	0	0	182.292
heldout	ConditionedCubic	43	1.6047619047619048	0.68359375	0.18359375	0.5	conditioned-high-v1	4	168.667	1	0	0	182.292
heldout	ConditionedCubic	44	1.7357142857142858	0.69921875	0.19921875	0.5	conditioned-low-v1	0	52.084000000000003	0	0	0	183.125
heldout	ConditionedCubic	44	1.7357142857142858	0.69921875	0.19921875	0.5	conditioned-low-v1	2	137.041	0	0	0	183.125
heldout	ConditionedCubic	44	1.7357142857142858	0.69921875	0.19921875	0.5	conditioned-low-v1	3	179.75	1	0	0	183.125
heldout	ConditionedCubic	44	1.7357142857142858	0.69921875	0.19921875	0.5	conditioned-low-v1	4	177.833	1	0	0	183.125
heldout	ConditionedCubic	44	1.7357142857142858	0.69921875	0.19921875	0.5	conditioned-middle-v1	0	47.875	0	0	0	183.125
heldout	ConditionedCubic	44	1.7357142857142858	0.69921875	0.19921875	0.5	conditioned-middle-v1	2	133.875	0	0	0	183.125
heldout	ConditionedCubic	44	1.7357142857142858	0.69921875	0.19921875	0.5	conditioned-middle-v1	3	174.417	1	0	0	183.125
heldout	ConditionedCubic	44	1.7357142857142858	0.69921875	0.19921875	0.5	conditioned-middle-v1	4	174.416	1	0	0	183.125
heldout	ConditionedCubic	44	1.7357142857142858	0.69921875	0.19921875	0.5	conditioned-high-v1	0	41.875	0	0	0	183.125
heldout	ConditionedCubic	44	1.7357142857142858	0.69921875	0.19921875	0.5	conditioned-high-v1	2	127.16699999999997	0	0	0	183.125
heldout	ConditionedCubic	44	1.7357142857142858	0.69921875	0.19921875	0.5	conditioned-high-v1	3	168.709	1	0	0	183.125
heldout	ConditionedCubic	44	1.7357142857142858	0.69921875	0.19921875	0.5	conditioned-high-v1	4	167.958	1	0	0	183.125
heldout	ConditionedCubic	45	1.8666666666666667	0.71484375	0.21484375	0.5	conditioned-low-v1	0	52.332999999999998	0	0	0	191.25
heldout	ConditionedCubic	45	1.8666666666666667	0.71484375	0.21484375	0.5	conditioned-low-v1	2	139.499	0	0	0	191.25
heldout	ConditionedCubic	45	1.8666666666666667	0.71484375	0.21484375	0.5	conditioned-low-v1	3	183.791	1	0	0	191.25
heldout	ConditionedCubic	45	1.8666666666666667	0.71484375	0.21484375	0.5	conditioned-low-v1	4	181.375	1	0	0	191.25
heldout	ConditionedCubic	45	1.8666666666666667	0.71484375	0.21484375	0.5	conditioned-middle-v1	0	50.582999999999998	0	0	0	191.25
heldout	ConditionedCubic	45	1.8666666666666667	0.71484375	0.21484375	0.5	conditioned-middle-v1	2	135.66600000000003	0	0	0	191.25
heldout	ConditionedCubic	45	1.8666666666666667	0.71484375	0.21484375	0.5	conditioned-middle-v1	3	177.25	1	0	0	191.25
heldout	ConditionedCubic	45	1.8666666666666667	0.71484375	0.21484375	0.5	conditioned-middle-v1	4	180.542	1	0	0	191.25
heldout	ConditionedCubic	45	1.8666666666666667	0.71484375	0.21484375	0.5	conditioned-high-v1	0	42.457999999999998	0	0	0	191.25
heldout	ConditionedCubic	45	1.8666666666666667	0.71484375	0.21484375	0.5	conditioned-high-v1	2	131.083	0	0	0	191.25
heldout	ConditionedCubic	45	1.8666666666666667	0.71484375	0.21484375	0.5	conditioned-high-v1	3	174	1	0	0	191.25
heldout	ConditionedCubic	45	1.8666666666666667	0.71484375	0.21484375	0.5	conditioned-high-v1	4	172.416	1	0	0	191.25
heldout	ConditionedCubic	46	1.2357142857142858	0.73046875	0.23046875	0.5	conditioned-low-v1	0	52.917000000000002	0	0	0	186.291
heldout	ConditionedCubic	46	1.2357142857142858	0.73046875	0.23046875	0.5	conditioned-low-v1	2	140.79300000000001	0	0	0	186.291
heldout	ConditionedCubic	46	1.2357142857142858	0.73046875	0.23046875	0.5	conditioned-low-v1	3	183.958	1	0	0	186.291
heldout	ConditionedCubic	46	1.2357142857142858	0.73046875	0.23046875	0.5	conditioned-low-v1	4	182.792	1	0	0	186.291
heldout	ConditionedCubic	46	1.2357142857142858	0.73046875	0.23046875	0.5	conditioned-middle-v1	0	49.75	0	0	0	186.291
heldout	ConditionedCubic	46	1.2357142857142858	0.73046875	0.23046875	0.5	conditioned-middle-v1	2	138.29100000000003	0	0	0	186.291
heldout	ConditionedCubic	46	1.2357142857142858	0.73046875	0.23046875	0.5	conditioned-middle-v1	3	180.25	1	0	0	186.291
heldout	ConditionedCubic	46	1.2357142857142858	0.73046875	0.23046875	0.5	conditioned-middle-v1	4	180.167	1	0	0	186.291
heldout	ConditionedCubic	46	1.2357142857142858	0.73046875	0.23046875	0.5	conditioned-high-v1	0	41.5	0	0	0	186.291
heldout	ConditionedCubic	46	1.2357142857142858	0.73046875	0.23046875	0.5	conditioned-high-v1	2	139.167	0	0	0	186.291
heldout	ConditionedCubic	46	1.2357142857142858	0.73046875	0.23046875	0.5	conditioned-high-v1	3	176.959	1	0	0	186.291
heldout	ConditionedCubic	46	1.2357142857142858	0.73046875	0.23046875	0.5	conditioned-high-v1	4	172.875	1	0	0	186.291
heldout	ConditionedCubic	47	1.3666666666666667	0.74609375	0.24609375	0.5	conditioned-low-v1	0	54.083000000000027	0	0	0	229.334
heldout	ConditionedCubic	47	1.3666666666666667	0.74609375	0.24609375	0.5	conditioned-low-v1	2	146.375	0	0	0	229.334
heldout	ConditionedCubic	47	1.3666666666666667	0.74609375	0.24609375	0.5	conditioned-low-v1	3	183.333	1	0	0	229.334
heldout	ConditionedCubic	47	1.3666666666666667	0.74609375	0.24609375	0.5	conditioned-low-v1	4	181.375	1	0	0	229.334
heldout	ConditionedCubic	47	1.3666666666666667	0.74609375	0.24609375	0.5	conditioned-middle-v1	0	50.958999999999975	0	0	0	229.334
heldout	ConditionedCubic	47	1.3666666666666667	0.74609375	0.24609375	0.5	conditioned-middle-v1	2	139.624	0	0	0	229.334
heldout	ConditionedCubic	47	1.3666666666666667	0.74609375	0.24609375	0.5	conditioned-middle-v1	3	182.958	1	0	0	229.334
heldout	ConditionedCubic	47	1.3666666666666667	0.74609375	0.24609375	0.5	conditioned-middle-v1	4	178.833	1	0	0	229.334
heldout	ConditionedCubic	47	1.3666666666666667	0.74609375	0.24609375	0.5	conditioned-high-v1	0	41.332999999999998	0	0	0	229.334
heldout	ConditionedCubic	47	1.3666666666666667	0.74609375	0.24609375	0.5	conditioned-high-v1	2	130.209	0	0	0	229.334
heldout	ConditionedCubic	47	1.3666666666666667	0.74609375	0.24609375	0.5	conditioned-high-v1	3	169.75	1	0	0	229.334
heldout	ConditionedCubic	47	1.3666666666666667	0.74609375	0.24609375	0.5	conditioned-high-v1	4	170.625	1	0	0	229.334
heldout	ConditionedCubic	48	1.4976190476190476	0.76171875	0.26171875	0.5	conditioned-low-v1	0	53.750000000000028	0	0	0	231.417
heldout	ConditionedCubic	48	1.4976190476190476	0.76171875	0.26171875	0.5	conditioned-low-v1	2	140.20800000000003	0	0	0	231.417
heldout	ConditionedCubic	48	1.4976190476190476	0.76171875	0.26171875	0.5	conditioned-low-v1	3	183.041	1	0	0	231.417
heldout	ConditionedCubic	48	1.4976190476190476	0.76171875	0.26171875	0.5	conditioned-low-v1	4	184.833	1	0	0	231.417
heldout	ConditionedCubic	48	1.4976190476190476	0.76171875	0.26171875	0.5	conditioned-middle-v1	0	51.290999999999997	0	0	0	231.417
heldout	ConditionedCubic	48	1.4976190476190476	0.76171875	0.26171875	0.5	conditioned-middle-v1	2	138.709	0	0	0	231.417
heldout	ConditionedCubic	48	1.4976190476190476	0.76171875	0.26171875	0.5	conditioned-middle-v1	3	182.625	1	0	0	231.417
heldout	ConditionedCubic	48	1.4976190476190476	0.76171875	0.26171875	0.5	conditioned-middle-v1	4	181.042	1	0	0	231.417
heldout	ConditionedCubic	48	1.4976190476190476	0.76171875	0.26171875	0.5	conditioned-high-v1	0	40.541999999999973	0	0	0	231.417
heldout	ConditionedCubic	48	1.4976190476190476	0.76171875	0.26171875	0.5	conditioned-high-v1	2	128.042	0	0	0	231.417
heldout	ConditionedCubic	48	1.4976190476190476	0.76171875	0.26171875	0.5	conditioned-high-v1	3	170.584	1	0	0	231.417
heldout	ConditionedCubic	48	1.4976190476190476	0.76171875	0.26171875	0.5	conditioned-high-v1	4	170.666	1	0	0	231.417
heldout	ConditionedCubic	49	1.6285714285714286	0.77734375	0.27734375	0.5	conditioned-low-v1	0	54.543000000000006	0	0	0	186.625
heldout	ConditionedCubic	49	1.6285714285714286	0.77734375	0.27734375	0.5	conditioned-low-v1	2	141.83299999999997	0	0	0	186.625
heldout	ConditionedCubic	49	1.6285714285714286	0.77734375	0.27734375	0.5	conditioned-low-v1	3	183.75	1	0	0	186.625
heldout	ConditionedCubic	49	1.6285714285714286	0.77734375	0.27734375	0.5	conditioned-low-v1	4	183.833	1	0	0	186.625
heldout	ConditionedCubic	49	1.6285714285714286	0.77734375	0.27734375	0.5	conditioned-middle-v1	0	52.125	0	0	0	186.625
heldout	ConditionedCubic	49	1.6285714285714286	0.77734375	0.27734375	0.5	conditioned-middle-v1	2	139.624	0	0	0	186.625
heldout	ConditionedCubic	49	1.6285714285714286	0.77734375	0.27734375	0.5	conditioned-middle-v1	3	182.458	1	0	0	186.625
heldout	ConditionedCubic	49	1.6285714285714286	0.77734375	0.27734375	0.5	conditioned-middle-v1	4	181.916	1	0	0	186.625
heldout	ConditionedCubic	49	1.6285714285714286	0.77734375	0.27734375	0.5	conditioned-high-v1	0	40.665999999999997	0	0	0	186.625
heldout	ConditionedCubic	49	1.6285714285714286	0.77734375	0.27734375	0.5	conditioned-high-v1	2	128.209	0	0	0	186.625
heldout	ConditionedCubic	49	1.6285714285714286	0.77734375	0.27734375	0.5	conditioned-high-v1	3	171.333	1	0	0	186.625
heldout	ConditionedCubic	49	1.6285714285714286	0.77734375	0.27734375	0.5	conditioned-high-v1	4	170.875	1	0	0	186.625
heldout	ConditionedCubic	50	1.7595238095238095	0.79296875	0.29296875	0.5	conditioned-low-v1	0	54.875	0	0	0	188.417
heldout	ConditionedCubic	50	1.7595238095238095	0.79296875	0.29296875	0.5	conditioned-low-v1	2	143.625	0	0	0	188.417
heldout	ConditionedCubic	50	1.7595238095238095	0.79296875	0.29296875	0.5	conditioned-low-v1	3	184.291	1	0	0	188.417
heldout	ConditionedCubic	50	1.7595238095238095	0.79296875	0.29296875	0.5	conditioned-low-v1	4	184.083	1	0	0	188.417
heldout	ConditionedCubic	50	1.7595238095238095	0.79296875	0.29296875	0.5	conditioned-middle-v1	0	55.457999999999998	0	0	0	188.417
heldout	ConditionedCubic	50	1.7595238095238095	0.79296875	0.29296875	0.5	conditioned-middle-v1	2	139.833	0	0	0	188.417
heldout	ConditionedCubic	50	1.7595238095238095	0.79296875	0.29296875	0.5	conditioned-middle-v1	3	180.917	1	0	0	188.417
heldout	ConditionedCubic	50	1.7595238095238095	0.79296875	0.29296875	0.5	conditioned-middle-v1	4	180.958	1	0	0	188.417
heldout	ConditionedCubic	50	1.7595238095238095	0.79296875	0.29296875	0.5	conditioned-high-v1	0	40.167000000000002	0	0	0	188.417
heldout	ConditionedCubic	50	1.7595238095238095	0.79296875	0.29296875	0.5	conditioned-high-v1	2	126.99900000000002	0	0	0	188.417
heldout	ConditionedCubic	50	1.7595238095238095	0.79296875	0.29296875	0.5	conditioned-high-v1	3	168.792	1	0	0	188.417
heldout	ConditionedCubic	50	1.7595238095238095	0.79296875	0.29296875	0.5	conditioned-high-v1	4	168.75	1	0	0	188.417
heldout	ConditionedCubic	51	1.8904761904761904	0.80859375	0.30859375	0.5	conditioned-low-v1	0	55.040999999999997	0	0	0	186.083
heldout	ConditionedCubic	51	1.8904761904761904	0.80859375	0.30859375	0.5	conditioned-low-v1	2	141.95800000000003	0	0	0	186.083
heldout	ConditionedCubic	51	1.8904761904761904	0.80859375	0.30859375	0.5	conditioned-low-v1	3	183.083	1	0	0	186.083
heldout	ConditionedCubic	51	1.8904761904761904	0.80859375	0.30859375	0.5	conditioned-low-v1	4	182.708	1	0	0	186.083
heldout	ConditionedCubic	51	1.8904761904761904	0.80859375	0.30859375	0.5	conditioned-middle-v1	0	54.498999999999995	0	0	0	186.083
heldout	ConditionedCubic	51	1.8904761904761904	0.80859375	0.30859375	0.5	conditioned-middle-v1	2	140.95899999999997	0	0	0	186.083
heldout	ConditionedCubic	51	1.8904761904761904	0.80859375	0.30859375	0.5	conditioned-middle-v1	3	184.667	1	0	0	186.083
heldout	ConditionedCubic	51	1.8904761904761904	0.80859375	0.30859375	0.5	conditioned-middle-v1	4	182.75	1	0	0	186.083
heldout	ConditionedCubic	51	1.8904761904761904	0.80859375	0.30859375	0.5	conditioned-high-v1	0	40.917000000000002	0	0	0	186.083
heldout	ConditionedCubic	51	1.8904761904761904	0.80859375	0.30859375	0.5	conditioned-high-v1	2	129.292	0	0	0	186.083
heldout	ConditionedCubic	51	1.8904761904761904	0.80859375	0.30859375	0.5	conditioned-high-v1	3	168.75	1	0	0	186.083
heldout	ConditionedCubic	51	1.8904761904761904	0.80859375	0.30859375	0.5	conditioned-high-v1	4	168.5	1	0	0	186.083
heldout	ConditionedCubic	52	1.2595238095238095	0.82421875	0.32421875	0.5	conditioned-low-v1	0	55.415999999999997	0	0	0	186.416
heldout	ConditionedCubic	52	1.2595238095238095	0.82421875	0.32421875	0.5	conditioned-low-v1	2	144.542	0	0	0	186.416
heldout	ConditionedCubic	52	1.2595238095238095	0.82421875	0.32421875	0.5	conditioned-low-v1	3	185.625	1	0	0	186.416
heldout	ConditionedCubic	52	1.2595238095238095	0.82421875	0.32421875	0.5	conditioned-low-v1	4	183.5	1	0	0	186.416
heldout	ConditionedCubic	52	1.2595238095238095	0.82421875	0.32421875	0.5	conditioned-middle-v1	0	54.75	0	0	0	186.416
heldout	ConditionedCubic	52	1.2595238095238095	0.82421875	0.32421875	0.5	conditioned-middle-v1	2	142.083	0	0	0	186.416
heldout	ConditionedCubic	52	1.2595238095238095	0.82421875	0.32421875	0.5	conditioned-middle-v1	3	183.833	1	0	0	186.416
heldout	ConditionedCubic	52	1.2595238095238095	0.82421875	0.32421875	0.5	conditioned-middle-v1	4	184.875	1	0	0	186.416
heldout	ConditionedCubic	52	1.2595238095238095	0.82421875	0.32421875	0.5	conditioned-high-v1	0	41.626000000000005	0	0	0	186.416
heldout	ConditionedCubic	52	1.2595238095238095	0.82421875	0.32421875	0.5	conditioned-high-v1	2	129.29200000000003	0	0	0	186.416
heldout	ConditionedCubic	52	1.2595238095238095	0.82421875	0.32421875	0.5	conditioned-high-v1	3	170	1	0	0	186.416
heldout	ConditionedCubic	52	1.2595238095238095	0.82421875	0.32421875	0.5	conditioned-high-v1	4	168.25	1	0	0	186.416
heldout	ConditionedCubic	53	1.3904761904761904	0.83984375	0.33984375	0.5	conditioned-low-v1	0	56.084000000000003	0	0	0	230.25
heldout	ConditionedCubic	53	1.3904761904761904	0.83984375	0.33984375	0.5	conditioned-low-v1	2	142.583	0	0	0	230.25
heldout	ConditionedCubic	53	1.3904761904761904	0.83984375	0.33984375	0.5	conditioned-low-v1	3	184.459	1	0	0	230.25
heldout	ConditionedCubic	53	1.3904761904761904	0.83984375	0.33984375	0.5	conditioned-low-v1	4	185.041	1	0	0	230.25
heldout	ConditionedCubic	53	1.3904761904761904	0.83984375	0.33984375	0.5	conditioned-middle-v1	0	58.375	0	0	0	230.25
heldout	ConditionedCubic	53	1.3904761904761904	0.83984375	0.33984375	0.5	conditioned-middle-v1	2	143.45800000000003	0	0	0	230.25
heldout	ConditionedCubic	53	1.3904761904761904	0.83984375	0.33984375	0.5	conditioned-middle-v1	3	183.666	1	0	0	230.25
heldout	ConditionedCubic	53	1.3904761904761904	0.83984375	0.33984375	0.5	conditioned-middle-v1	4	184.125	1	0	0	230.25
heldout	ConditionedCubic	53	1.3904761904761904	0.83984375	0.33984375	0.5	conditioned-high-v1	0	39.124000000000024	0	0	0	230.25
heldout	ConditionedCubic	53	1.3904761904761904	0.83984375	0.33984375	0.5	conditioned-high-v1	2	126.958	0	0	0	230.25
heldout	ConditionedCubic	53	1.3904761904761904	0.83984375	0.33984375	0.5	conditioned-high-v1	3	169.75	1	0	0	230.25
heldout	ConditionedCubic	53	1.3904761904761904	0.83984375	0.33984375	0.5	conditioned-high-v1	4	168.167	1	0	0	230.25
heldout	ConditionedCubic	54	1.5214285714285714	0.85546875	0.35546875	0.5	conditioned-low-v1	0	57.456999999999994	0	0	0	185.75
heldout	ConditionedCubic	54	1.5214285714285714	0.85546875	0.35546875	0.5	conditioned-low-v1	2	142.833	0	0	0	185.75
heldout	ConditionedCubic	54	1.5214285714285714	0.85546875	0.35546875	0.5	conditioned-low-v1	3	185.042	1	0	0	185.75
heldout	ConditionedCubic	54	1.5214285714285714	0.85546875	0.35546875	0.5	conditioned-low-v1	4	184	1	0	0	185.75
heldout	ConditionedCubic	54	1.5214285714285714	0.85546875	0.35546875	0.5	conditioned-middle-v1	0	56.706999999999994	0	0	0	185.75
heldout	ConditionedCubic	54	1.5214285714285714	0.85546875	0.35546875	0.5	conditioned-middle-v1	2	145.583	0	0	0	185.75
heldout	ConditionedCubic	54	1.5214285714285714	0.85546875	0.35546875	0.5	conditioned-middle-v1	3	185.25	1	0	0	185.75
heldout	ConditionedCubic	54	1.5214285714285714	0.85546875	0.35546875	0.5	conditioned-middle-v1	4	185.208	1	0	0	185.75
heldout	ConditionedCubic	54	1.5214285714285714	0.85546875	0.35546875	0.5	conditioned-high-v1	0	38.790999999999997	0	0	0	185.75
heldout	ConditionedCubic	54	1.5214285714285714	0.85546875	0.35546875	0.5	conditioned-high-v1	2	125.291	0	0	0	185.75
heldout	ConditionedCubic	54	1.5214285714285714	0.85546875	0.35546875	0.5	conditioned-high-v1	3	169.458	1	0	0	185.75
heldout	ConditionedCubic	54	1.5214285714285714	0.85546875	0.35546875	0.5	conditioned-high-v1	4	167.084	1	0	0	185.75
heldout	ConditionedCubic	55	1.6523809523809523	0.87109375	0.37109375	0.5	conditioned-low-v1	0	56.875	0	0	0	184.541
heldout	ConditionedCubic	55	1.6523809523809523	0.87109375	0.37109375	0.5	conditioned-low-v1	2	143.45800000000003	0	0	0	184.541
heldout	ConditionedCubic	55	1.6523809523809523	0.87109375	0.37109375	0.5	conditioned-low-v1	3	187.125	1	0	0	184.541
heldout	ConditionedCubic	55	1.6523809523809523	0.87109375	0.37109375	0.5	conditioned-low-v1	4	184.584	1	0	0	184.541
heldout	ConditionedCubic	55	1.6523809523809523	0.87109375	0.37109375	0.5	conditioned-middle-v1	0	57.75	0	0	0	184.541
heldout	ConditionedCubic	55	1.6523809523809523	0.87109375	0.37109375	0.5	conditioned-middle-v1	2	144.374	0	0	0	184.541
heldout	ConditionedCubic	55	1.6523809523809523	0.87109375	0.37109375	0.5	conditioned-middle-v1	3	186.083	1	0	0	184.541
heldout	ConditionedCubic	55	1.6523809523809523	0.87109375	0.37109375	0.5	conditioned-middle-v1	4	186.709	1	0	0	184.541
heldout	ConditionedCubic	55	1.6523809523809523	0.87109375	0.37109375	0.5	conditioned-high-v1	0	38.625	0	0	0	184.541
heldout	ConditionedCubic	55	1.6523809523809523	0.87109375	0.37109375	0.5	conditioned-high-v1	2	125.33299999999997	0	0	0	184.541
heldout	ConditionedCubic	55	1.6523809523809523	0.87109375	0.37109375	0.5	conditioned-high-v1	3	167.542	1	0	0	184.541
heldout	ConditionedCubic	55	1.6523809523809523	0.87109375	0.37109375	0.5	conditioned-high-v1	4	167.166	1	0	0	184.541
heldout	ConditionedCubic	56	1.7833333333333332	0.88671875	0.38671875	0.5	conditioned-low-v1	0	57.25	0	0	0	143.125
heldout	ConditionedCubic	56	1.7833333333333332	0.88671875	0.38671875	0.5	conditioned-low-v1	2	143.62599999999998	0	0	0	143.125
heldout	ConditionedCubic	56	1.7833333333333332	0.88671875	0.38671875	0.5	conditioned-low-v1	3	187.083	1	0	0	143.125
heldout	ConditionedCubic	56	1.7833333333333332	0.88671875	0.38671875	0.5	conditioned-low-v1	4	184.75	1	0	0	143.125
heldout	ConditionedCubic	56	1.7833333333333332	0.88671875	0.38671875	0.5	conditioned-middle-v1	0	58.667000000000002	0	0	0	143.125
heldout	ConditionedCubic	56	1.7833333333333332	0.88671875	0.38671875	0.5	conditioned-middle-v1	2	148.417	0	0	0	143.125
heldout	ConditionedCubic	56	1.7833333333333332	0.88671875	0.38671875	0.5	conditioned-middle-v1	3	187.25	1	0	0	143.125
heldout	ConditionedCubic	56	1.7833333333333332	0.88671875	0.38671875	0.5	conditioned-middle-v1	4	186.167	1	0	0	143.125
heldout	ConditionedCubic	56	1.7833333333333332	0.88671875	0.38671875	0.5	conditioned-high-v1	0	38.084000000000003	0	0	0	143.125
heldout	ConditionedCubic	56	1.7833333333333332	0.88671875	0.38671875	0.5	conditioned-high-v1	2	124.334	0	0	0	143.125
heldout	ConditionedCubic	56	1.7833333333333332	0.88671875	0.38671875	0.5	conditioned-high-v1	3	166.417	1	0	0	143.125
heldout	ConditionedCubic	56	1.7833333333333332	0.88671875	0.38671875	0.5	conditioned-high-v1	4	165.583	1	0	0	143.125
heldout	ConditionedCubic	57	1.9142857142857141	0.90234375	0.40234375	0.5	conditioned-low-v1	0	58.082999999999998	0	0	0	184.792
heldout	ConditionedCubic	57	1.9142857142857141	0.90234375	0.40234375	0.5	conditioned-low-v1	2	144.875	0	0	0	184.792
heldout	ConditionedCubic	57	1.9142857142857141	0.90234375	0.40234375	0.5	conditioned-low-v1	3	185.625	1	0	0	184.792
heldout	ConditionedCubic	57	1.9142857142857141	0.90234375	0.40234375	0.5	conditioned-low-v1	4	185.334	1	0	0	184.792
heldout	ConditionedCubic	57	1.9142857142857141	0.90234375	0.40234375	0.5	conditioned-middle-v1	0	59.707999999999998	0	0	0	184.792
heldout	ConditionedCubic	57	1.9142857142857141	0.90234375	0.40234375	0.5	conditioned-middle-v1	2	148.25	0	0	0	184.792
heldout	ConditionedCubic	57	1.9142857142857141	0.90234375	0.40234375	0.5	conditioned-middle-v1	3	187.791	1	0	0	184.792
heldout	ConditionedCubic	57	1.9142857142857141	0.90234375	0.40234375	0.5	conditioned-middle-v1	4	188.084	1	0	0	184.792
heldout	ConditionedCubic	57	1.9142857142857141	0.90234375	0.40234375	0.5	conditioned-high-v1	0	37.832999999999998	0	0	0	184.792
heldout	ConditionedCubic	57	1.9142857142857141	0.90234375	0.40234375	0.5	conditioned-high-v1	2	124.79100000000003	0	0	0	184.792
heldout	ConditionedCubic	57	1.9142857142857141	0.90234375	0.40234375	0.5	conditioned-high-v1	3	166.958	1	0	0	184.792
heldout	ConditionedCubic	57	1.9142857142857141	0.90234375	0.40234375	0.5	conditioned-high-v1	4	166.458	1	0	0	184.792
heldout	ConditionedCubic	58	1.2833333333333332	0.91796875	0.41796875	0.5	conditioned-low-v1	0	58.5	0	0	0	183.5
heldout	ConditionedCubic	58	1.2833333333333332	0.91796875	0.41796875	0.5	conditioned-low-v1	2	144.37500000000003	0	0	0	183.5
heldout	ConditionedCubic	58	1.2833333333333332	0.91796875	0.41796875	0.5	conditioned-low-v1	3	191.625	1	0	0	183.5
heldout	ConditionedCubic	58	1.2833333333333332	0.91796875	0.41796875	0.5	conditioned-low-v1	4	187	1	0	0	183.5
heldout	ConditionedCubic	58	1.2833333333333332	0.91796875	0.41796875	0.5	conditioned-middle-v1	0	62.707999999999998	0	0	0	183.5
heldout	ConditionedCubic	58	1.2833333333333332	0.91796875	0.41796875	0.5	conditioned-middle-v1	2	148.458	0	0	0	183.5
heldout	ConditionedCubic	58	1.2833333333333332	0.91796875	0.41796875	0.5	conditioned-middle-v1	3	189.083	1	0	0	183.5
heldout	ConditionedCubic	58	1.2833333333333332	0.91796875	0.41796875	0.5	conditioned-middle-v1	4	189	1	0	0	183.5
heldout	ConditionedCubic	58	1.2833333333333332	0.91796875	0.41796875	0.5	conditioned-high-v1	0	35.167000000000002	1	0	0	183.5
heldout	ConditionedCubic	58	1.2833333333333332	0.91796875	0.41796875	0.5	conditioned-high-v1	2	35.042000000000002	1	0	0	183.5
heldout	ConditionedCubic	58	1.2833333333333332	0.91796875	0.41796875	0.5	conditioned-high-v1	3	35.542000000000002	1	0	0	183.5
heldout	ConditionedCubic	58	1.2833333333333332	0.91796875	0.41796875	0.5	conditioned-high-v1	4	34.959000000000003	1	0	0	183.5
heldout	ConditionedCubic	59	1.4142857142857141	0.93359375	0.43359375	0.5	conditioned-low-v1	0	58.874999999999972	0	0	0	226.25
heldout	ConditionedCubic	59	1.4142857142857141	0.93359375	0.43359375	0.5	conditioned-low-v1	2	145.25000000000003	0	0	0	226.25
heldout	ConditionedCubic	59	1.4142857142857141	0.93359375	0.43359375	0.5	conditioned-low-v1	3	186.25	1	0	0	226.25
heldout	ConditionedCubic	59	1.4142857142857141	0.93359375	0.43359375	0.5	conditioned-low-v1	4	186.084	1	0	0	226.25
heldout	ConditionedCubic	59	1.4142857142857141	0.93359375	0.43359375	0.5	conditioned-middle-v1	0	61.875	0	0	0	226.25
heldout	ConditionedCubic	59	1.4142857142857141	0.93359375	0.43359375	0.5	conditioned-middle-v1	2	148.5	0	0	0	226.25
heldout	ConditionedCubic	59	1.4142857142857141	0.93359375	0.43359375	0.5	conditioned-middle-v1	3	189.458	1	0	0	226.25
heldout	ConditionedCubic	59	1.4142857142857141	0.93359375	0.43359375	0.5	conditioned-middle-v1	4	189.583	1	0	0	226.25
heldout	ConditionedCubic	59	1.4142857142857141	0.93359375	0.43359375	0.5	conditioned-high-v1	0	34.834000000000003	1	0	0	226.25
heldout	ConditionedCubic	59	1.4142857142857141	0.93359375	0.43359375	0.5	conditioned-high-v1	2	34.707999999999998	1	0	0	226.25
heldout	ConditionedCubic	59	1.4142857142857141	0.93359375	0.43359375	0.5	conditioned-high-v1	3	34.625	1	0	0	226.25
heldout	ConditionedCubic	59	1.4142857142857141	0.93359375	0.43359375	0.5	conditioned-high-v1	4	34.75	1	0	0	226.25
heldout	ConditionedCubic	60	1.5452380952380951	0.94921875	0.44921875	0.5	conditioned-low-v1	0	59.332999999999998	0	0	0	186.375
heldout	ConditionedCubic	60	1.5452380952380951	0.94921875	0.44921875	0.5	conditioned-low-v1	2	145.91800000000001	0	0	0	186.375
heldout	ConditionedCubic	60	1.5452380952380951	0.94921875	0.44921875	0.5	conditioned-low-v1	3	188.292	1	0	0	186.375
heldout	ConditionedCubic	60	1.5452380952380951	0.94921875	0.44921875	0.5	conditioned-low-v1	4	187.208	1	0	0	186.375
heldout	ConditionedCubic	60	1.5452380952380951	0.94921875	0.44921875	0.5	conditioned-middle-v1	0	65.250999999999976	0	0	0	186.375
heldout	ConditionedCubic	60	1.5452380952380951	0.94921875	0.44921875	0.5	conditioned-middle-v1	2	154.87499999999997	0	0	0	186.375
heldout	ConditionedCubic	60	1.5452380952380951	0.94921875	0.44921875	0.5	conditioned-middle-v1	3	196.292	1	0	0	186.375
heldout	ConditionedCubic	60	1.5452380952380951	0.94921875	0.44921875	0.5	conditioned-middle-v1	4	192.583	1	0	0	186.375
heldout	ConditionedCubic	60	1.5452380952380951	0.94921875	0.44921875	0.5	conditioned-high-v1	0	35.165999999999997	1	0	0	186.375
heldout	ConditionedCubic	60	1.5452380952380951	0.94921875	0.44921875	0.5	conditioned-high-v1	2	34.832999999999998	1	0	0	186.375
heldout	ConditionedCubic	60	1.5452380952380951	0.94921875	0.44921875	0.5	conditioned-high-v1	3	34.75	1	0	0	186.375
heldout	ConditionedCubic	60	1.5452380952380951	0.94921875	0.44921875	0.5	conditioned-high-v1	4	34.75	1	0	0	186.375
heldout	ConditionedCubic	61	1.676190476190476	0.96484375	0.46484375	0.5	conditioned-low-v1	0	60.707999999999998	0	0	0	186.709
heldout	ConditionedCubic	61	1.676190476190476	0.96484375	0.46484375	0.5	conditioned-low-v1	2	150.20800000000003	0	0	0	186.709
heldout	ConditionedCubic	61	1.676190476190476	0.96484375	0.46484375	0.5	conditioned-low-v1	3	190.875	1	0	0	186.709
heldout	ConditionedCubic	61	1.676190476190476	0.96484375	0.46484375	0.5	conditioned-low-v1	4	191.166	1	0	0	186.709
heldout	ConditionedCubic	61	1.676190476190476	0.96484375	0.46484375	0.5	conditioned-middle-v1	0	67	0	0	0	186.709
heldout	ConditionedCubic	61	1.676190476190476	0.96484375	0.46484375	0.5	conditioned-middle-v1	2	152.292	0	0	0	186.709
heldout	ConditionedCubic	61	1.676190476190476	0.96484375	0.46484375	0.5	conditioned-middle-v1	3	193.417	1	0	0	186.709
heldout	ConditionedCubic	61	1.676190476190476	0.96484375	0.46484375	0.5	conditioned-middle-v1	4	193.25	1	0	0	186.709
heldout	ConditionedCubic	61	1.676190476190476	0.96484375	0.46484375	0.5	conditioned-high-v1	0	34.625	1	0	0	186.709
heldout	ConditionedCubic	61	1.676190476190476	0.96484375	0.46484375	0.5	conditioned-high-v1	2	34.415999999999997	1	0	0	186.709
heldout	ConditionedCubic	61	1.676190476190476	0.96484375	0.46484375	0.5	conditioned-high-v1	3	34.375	1	0	0	186.709
heldout	ConditionedCubic	61	1.676190476190476	0.96484375	0.46484375	0.5	conditioned-high-v1	4	34.292000000000002	1	0	0	186.709
heldout	ConditionedCubic	62	1.8071428571428569	0.98046875	0.48046875	0.5	conditioned-low-v1	0	60.918000000000006	0	0	0	146.208
heldout	ConditionedCubic	62	1.8071428571428569	0.98046875	0.48046875	0.5	conditioned-low-v1	2	148.667	0	0	0	146.208
heldout	ConditionedCubic	62	1.8071428571428569	0.98046875	0.48046875	0.5	conditioned-low-v1	3	190.792	1	0	0	146.208
heldout	ConditionedCubic	62	1.8071428571428569	0.98046875	0.48046875	0.5	conditioned-low-v1	4	189.334	1	0	0	146.208
heldout	ConditionedCubic	62	1.8071428571428569	0.98046875	0.48046875	0.5	conditioned-middle-v1	0	65.667000000000002	0	0	0	146.208
heldout	ConditionedCubic	62	1.8071428571428569	0.98046875	0.48046875	0.5	conditioned-middle-v1	2	152.95800000000003	0	0	0	146.208
heldout	ConditionedCubic	62	1.8071428571428569	0.98046875	0.48046875	0.5	conditioned-middle-v1	3	195	1	0	0	146.208
heldout	ConditionedCubic	62	1.8071428571428569	0.98046875	0.48046875	0.5	conditioned-middle-v1	4	194.667	1	0	0	146.208
heldout	ConditionedCubic	62	1.8071428571428569	0.98046875	0.48046875	0.5	conditioned-high-v1	0	34.25	1	0	0	146.208
heldout	ConditionedCubic	62	1.8071428571428569	0.98046875	0.48046875	0.5	conditioned-high-v1	2	34.25	1	0	0	146.208
heldout	ConditionedCubic	62	1.8071428571428569	0.98046875	0.48046875	0.5	conditioned-high-v1	3	34.082999999999998	1	0	0	146.208
heldout	ConditionedCubic	62	1.8071428571428569	0.98046875	0.48046875	0.5	conditioned-high-v1	4	34.040999999999997	1	0	0	146.208
heldout	ConditionedCubic	63	1.9380952380952381	0.99609375	0.49609375	0.5	conditioned-low-v1	0	61.126000000000005	0	0	0	188
heldout	ConditionedCubic	63	1.9380952380952381	0.99609375	0.49609375	0.5	conditioned-low-v1	2	150.00099999999998	0	0	0	188
heldout	ConditionedCubic	63	1.9380952380952381	0.99609375	0.49609375	0.5	conditioned-low-v1	3	192.5	1	0	0	188
heldout	ConditionedCubic	63	1.9380952380952381	0.99609375	0.49609375	0.5	conditioned-low-v1	4	192.292	1	0	0	188
heldout	ConditionedCubic	63	1.9380952380952381	0.99609375	0.49609375	0.5	conditioned-middle-v1	0	67.001000000000005	0	0	0	188
heldout	ConditionedCubic	63	1.9380952380952381	0.99609375	0.49609375	0.5	conditioned-middle-v1	2	155.209	0	0	0	188
heldout	ConditionedCubic	63	1.9380952380952381	0.99609375	0.49609375	0.5	conditioned-middle-v1	3	196.75	1	0	0	188
heldout	ConditionedCubic	63	1.9380952380952381	0.99609375	0.49609375	0.5	conditioned-middle-v1	4	197.541	1	0	0	188
heldout	ConditionedCubic	63	1.9380952380952381	0.99609375	0.49609375	0.5	conditioned-high-v1	0	33.834000000000003	1	0	0	188
heldout	ConditionedCubic	63	1.9380952380952381	0.99609375	0.49609375	0.5	conditioned-high-v1	2	33.792000000000002	1	0	0	188
heldout	ConditionedCubic	63	1.9380952380952381	0.99609375	0.49609375	0.5	conditioned-high-v1	3	36.292000000000002	1	0	0	188
heldout	ConditionedCubic	63	1.9380952380952381	0.99609375	0.49609375	0.5	conditioned-high-v1	4	33.832999999999998	1	0	0	188
heldout	ConditionedQuartic	0	1.3428571428571427	0.01171875	0.48828125	1	conditioned-low-v1	0	36.875	1	0	0	213
heldout	ConditionedQuartic	0	1.3428571428571427	0.01171875	0.48828125	1	conditioned-low-v1	2	36.332999999999998	1	0	0	213
heldout	ConditionedQuartic	0	1.3428571428571427	0.01171875	0.48828125	1	conditioned-low-v1	3	36.25	1	0	0	213
heldout	ConditionedQuartic	0	1.3428571428571427	0.01171875	0.48828125	1	conditioned-low-v1	4	36.332999999999998	1	0	0	213
heldout	ConditionedQuartic	0	1.3428571428571427	0.01171875	0.48828125	1	conditioned-middle-v1	0	70.95799999999997	0	0	0	213
heldout	ConditionedQuartic	0	1.3428571428571427	0.01171875	0.48828125	1	conditioned-middle-v1	2	171.126	0	0	0	213
heldout	ConditionedQuartic	0	1.3428571428571427	0.01171875	0.48828125	1	conditioned-middle-v1	3	222.501	0	0	0	213
heldout	ConditionedQuartic	0	1.3428571428571427	0.01171875	0.48828125	1	conditioned-middle-v1	4	267.66699999999997	1	0	0	213
heldout	ConditionedQuartic	0	1.3428571428571427	0.01171875	0.48828125	1	conditioned-high-v1	0	65.25	0	0	0	213
heldout	ConditionedQuartic	0	1.3428571428571427	0.01171875	0.48828125	1	conditioned-high-v1	2	164.875	0	0	0	213
heldout	ConditionedQuartic	0	1.3428571428571427	0.01171875	0.48828125	1	conditioned-high-v1	3	216.25	0	0	0	213
heldout	ConditionedQuartic	0	1.3428571428571427	0.01171875	0.48828125	1	conditioned-high-v1	4	262.041	1	0	0	213
heldout	ConditionedQuartic	1	1.4738095238095239	0.02734375	0.47265625	1	conditioned-low-v1	0	36.832999999999998	1	0	0	212.708
heldout	ConditionedQuartic	1	1.4738095238095239	0.02734375	0.47265625	1	conditioned-low-v1	2	36.625	1	0	0	212.708
heldout	ConditionedQuartic	1	1.4738095238095239	0.02734375	0.47265625	1	conditioned-low-v1	3	36.625	1	0	0	212.708
heldout	ConditionedQuartic	1	1.4738095238095239	0.02734375	0.47265625	1	conditioned-low-v1	4	36.417000000000002	1	0	0	212.708
heldout	ConditionedQuartic	1	1.4738095238095239	0.02734375	0.47265625	1	conditioned-middle-v1	0	69.791000000000025	0	0	0	212.708
heldout	ConditionedQuartic	1	1.4738095238095239	0.02734375	0.47265625	1	conditioned-middle-v1	2	169.37599999999998	0	0	0	212.708
heldout	ConditionedQuartic	1	1.4738095238095239	0.02734375	0.47265625	1	conditioned-middle-v1	3	220.375	0	0	0	212.708
heldout	ConditionedQuartic	1	1.4738095238095239	0.02734375	0.47265625	1	conditioned-middle-v1	4	266.25	1	0	0	212.708
heldout	ConditionedQuartic	1	1.4738095238095239	0.02734375	0.47265625	1	conditioned-high-v1	0	64.458000000000027	0	0	0	212.708
heldout	ConditionedQuartic	1	1.4738095238095239	0.02734375	0.47265625	1	conditioned-high-v1	2	164.66699999999997	0	0	0	212.708
heldout	ConditionedQuartic	1	1.4738095238095239	0.02734375	0.47265625	1	conditioned-high-v1	3	217.79199999999997	0	0	0	212.708
heldout	ConditionedQuartic	1	1.4738095238095239	0.02734375	0.47265625	1	conditioned-high-v1	4	262.334	1	0	0	212.708
heldout	ConditionedQuartic	2	1.6047619047619048	0.04296875	0.45703125	1	conditioned-low-v1	0	39.292000000000002	1	0	0	259.33300000000003
heldout	ConditionedQuartic	2	1.6047619047619048	0.04296875	0.45703125	1	conditioned-low-v1	2	36.709000000000003	1	0	0	259.33300000000003
heldout	ConditionedQuartic	2	1.6047619047619048	0.04296875	0.45703125	1	conditioned-low-v1	3	36.792000000000002	1	0	0	259.33300000000003
heldout	ConditionedQuartic	2	1.6047619047619048	0.04296875	0.45703125	1	conditioned-low-v1	4	38.082999999999998	1	0	0	259.33300000000003
heldout	ConditionedQuartic	2	1.6047619047619048	0.04296875	0.45703125	1	conditioned-middle-v1	0	68.95799999999997	0	0	0	259.33300000000003
heldout	ConditionedQuartic	2	1.6047619047619048	0.04296875	0.45703125	1	conditioned-middle-v1	2	166.375	0	0	0	259.33300000000003
heldout	ConditionedQuartic	2	1.6047619047619048	0.04296875	0.45703125	1	conditioned-middle-v1	3	218.792	0	0	0	259.33300000000003
heldout	ConditionedQuartic	2	1.6047619047619048	0.04296875	0.45703125	1	conditioned-middle-v1	4	261.33300000000003	1	0	0	259.33300000000003
heldout	ConditionedQuartic	2	1.6047619047619048	0.04296875	0.45703125	1	conditioned-high-v1	0	63.626000000000005	0	0	0	259.33300000000003
heldout	ConditionedQuartic	2	1.6047619047619048	0.04296875	0.45703125	1	conditioned-high-v1	2	163.874	0	0	0	259.33300000000003
heldout	ConditionedQuartic	2	1.6047619047619048	0.04296875	0.45703125	1	conditioned-high-v1	3	211.54300000000001	0	0	0	259.33300000000003
heldout	ConditionedQuartic	2	1.6047619047619048	0.04296875	0.45703125	1	conditioned-high-v1	4	258.08300000000003	1	0	0	259.33300000000003
heldout	ConditionedQuartic	3	1.7357142857142858	0.05859375	0.44140625	1	conditioned-low-v1	0	37.292000000000002	1	0	0	259.875
heldout	ConditionedQuartic	3	1.7357142857142858	0.05859375	0.44140625	1	conditioned-low-v1	2	37	1	0	0	259.875
heldout	ConditionedQuartic	3	1.7357142857142858	0.05859375	0.44140625	1	conditioned-low-v1	3	36.957999999999998	1	0	0	259.875
heldout	ConditionedQuartic	3	1.7357142857142858	0.05859375	0.44140625	1	conditioned-low-v1	4	36.832999999999998	1	0	0	259.875
heldout	ConditionedQuartic	3	1.7357142857142858	0.05859375	0.44140625	1	conditioned-middle-v1	0	67.043000000000006	0	0	0	259.875
heldout	ConditionedQuartic	3	1.7357142857142858	0.05859375	0.44140625	1	conditioned-middle-v1	2	167.916	0	0	0	259.875
heldout	ConditionedQuartic	3	1.7357142857142858	0.05859375	0.44140625	1	conditioned-middle-v1	3	215.95800000000003	0	0	0	259.875
heldout	ConditionedQuartic	3	1.7357142857142858	0.05859375	0.44140625	1	conditioned-middle-v1	4	260.959	1	0	0	259.875
heldout	ConditionedQuartic	3	1.7357142857142858	0.05859375	0.44140625	1	conditioned-high-v1	0	62.958000000000027	0	0	0	259.875
heldout	ConditionedQuartic	3	1.7357142857142858	0.05859375	0.44140625	1	conditioned-high-v1	2	162.16600000000003	0	0	0	259.875
heldout	ConditionedQuartic	3	1.7357142857142858	0.05859375	0.44140625	1	conditioned-high-v1	3	212.37599999999998	0	0	0	259.875
heldout	ConditionedQuartic	3	1.7357142857142858	0.05859375	0.44140625	1	conditioned-high-v1	4	259.95800000000003	1	0	0	259.875
heldout	ConditionedQuartic	4	1.8666666666666667	0.07421875	0.42578125	1	conditioned-low-v1	0	37.25	1	0	0	264.04199999999997
heldout	ConditionedQuartic	4	1.8666666666666667	0.07421875	0.42578125	1	conditioned-low-v1	2	37.290999999999997	1	0	0	264.04199999999997
heldout	ConditionedQuartic	4	1.8666666666666667	0.07421875	0.42578125	1	conditioned-low-v1	3	37.125	1	0	0	264.04199999999997
heldout	ConditionedQuartic	4	1.8666666666666667	0.07421875	0.42578125	1	conditioned-low-v1	4	37.125	1	0	0	264.04199999999997
heldout	ConditionedQuartic	4	1.8666666666666667	0.07421875	0.42578125	1	conditioned-middle-v1	0	65.876000000000005	0	0	0	264.04199999999997
heldout	ConditionedQuartic	4	1.8666666666666667	0.07421875	0.42578125	1	conditioned-middle-v1	2	165.04199999999997	0	0	0	264.04199999999997
heldout	ConditionedQuartic	4	1.8666666666666667	0.07421875	0.42578125	1	conditioned-middle-v1	3	218.99900000000002	0	0	0	264.04199999999997
heldout	ConditionedQuartic	4	1.8666666666666667	0.07421875	0.42578125	1	conditioned-middle-v1	4	260.75	1	0	0	264.04199999999997
heldout	ConditionedQuartic	4	1.8666666666666667	0.07421875	0.42578125	1	conditioned-high-v1	0	62.543000000000006	0	0	0	264.04199999999997
heldout	ConditionedQuartic	4	1.8666666666666667	0.07421875	0.42578125	1	conditioned-high-v1	2	161.334	0	0	0	264.04199999999997
heldout	ConditionedQuartic	4	1.8666666666666667	0.07421875	0.42578125	1	conditioned-high-v1	3	211.66699999999997	0	0	0	264.04199999999997
heldout	ConditionedQuartic	4	1.8666666666666667	0.07421875	0.42578125	1	conditioned-high-v1	4	257.625	1	0	0	264.04199999999997
heldout	ConditionedQuartic	5	1.2357142857142858	0.08984375	0.41015625	1	conditioned-low-v1	0	37.75	1	0	0	258.125
heldout	ConditionedQuartic	5	1.2357142857142858	0.08984375	0.41015625	1	conditioned-low-v1	2	37.459000000000003	1	0	0	258.125
heldout	ConditionedQuartic	5	1.2357142857142858	0.08984375	0.41015625	1	conditioned-low-v1	3	37.334000000000003	1	0	0	258.125
heldout	ConditionedQuartic	5	1.2357142857142858	0.08984375	0.41015625	1	conditioned-low-v1	4	37.540999999999997	1	0	0	258.125
heldout	ConditionedQuartic	5	1.2357142857142858	0.08984375	0.41015625	1	conditioned-middle-v1	0	64.665999999999997	0	0	0	258.125
heldout	ConditionedQuartic	5	1.2357142857142858	0.08984375	0.41015625	1	conditioned-middle-v1	2	162.708	0	0	0	258.125
heldout	ConditionedQuartic	5	1.2357142857142858	0.08984375	0.41015625	1	conditioned-middle-v1	3	213.126	0	0	0	258.125
heldout	ConditionedQuartic	5	1.2357142857142858	0.08984375	0.41015625	1	conditioned-middle-v1	4	258.125	1	0	0	258.125
heldout	ConditionedQuartic	5	1.2357142857142858	0.08984375	0.41015625	1	conditioned-high-v1	0	62.001000000000005	0	0	0	258.125
heldout	ConditionedQuartic	5	1.2357142857142858	0.08984375	0.41015625	1	conditioned-high-v1	2	160.874	0	0	0	258.125
heldout	ConditionedQuartic	5	1.2357142857142858	0.08984375	0.41015625	1	conditioned-high-v1	3	211.542	0	0	0	258.125
heldout	ConditionedQuartic	5	1.2357142857142858	0.08984375	0.41015625	1	conditioned-high-v1	4	255.667	1	0	0	258.125
heldout	ConditionedQuartic	6	1.3666666666666667	0.10546875	0.39453125	1	conditioned-low-v1	0	40.917000000000002	0	0	0	210.042
heldout	ConditionedQuartic	6	1.3666666666666667	0.10546875	0.39453125	1	conditioned-low-v1	2	140.959	0	0	0	210.042
heldout	ConditionedQuartic	6	1.3666666666666667	0.10546875	0.39453125	1	conditioned-low-v1	3	187.25	1	0	0	210.042
heldout	ConditionedQuartic	6	1.3666666666666667	0.10546875	0.39453125	1	conditioned-low-v1	4	186.375	1	0	0	210.042
heldout	ConditionedQuartic	6	1.3666666666666667	0.10546875	0.39453125	1	conditioned-middle-v1	0	63.58299999999997	0	0	0	210.042
heldout	ConditionedQuartic	6	1.3666666666666667	0.10546875	0.39453125	1	conditioned-middle-v1	2	162.54200000000003	0	0	0	210.042
heldout	ConditionedQuartic	6	1.3666666666666667	0.10546875	0.39453125	1	conditioned-middle-v1	3	213.16800000000001	0	0	0	210.042
heldout	ConditionedQuartic	6	1.3666666666666667	0.10546875	0.39453125	1	conditioned-middle-v1	4	258.45800000000003	1	0	0	210.042
heldout	ConditionedQuartic	6	1.3666666666666667	0.10546875	0.39453125	1	conditioned-high-v1	0	63.626000000000005	0	0	0	210.042
heldout	ConditionedQuartic	6	1.3666666666666667	0.10546875	0.39453125	1	conditioned-high-v1	2	160.417	0	0	0	210.042
heldout	ConditionedQuartic	6	1.3666666666666667	0.10546875	0.39453125	1	conditioned-high-v1	3	212.709	0	0	0	210.042
heldout	ConditionedQuartic	6	1.3666666666666667	0.10546875	0.39453125	1	conditioned-high-v1	4	256.666	1	0	0	210.042
heldout	ConditionedQuartic	7	1.4976190476190476	0.12109375	0.37890625	1	conditioned-low-v1	0	41.248999999999995	0	0	0	209.583
heldout	ConditionedQuartic	7	1.4976190476190476	0.12109375	0.37890625	1	conditioned-low-v1	2	140.542	0	0	0	209.583
heldout	ConditionedQuartic	7	1.4976190476190476	0.12109375	0.37890625	1	conditioned-low-v1	3	187.708	1	0	0	209.583
heldout	ConditionedQuartic	7	1.4976190476190476	0.12109375	0.37890625	1	conditioned-low-v1	4	187.208	1	0	0	209.583
heldout	ConditionedQuartic	7	1.4976190476190476	0.12109375	0.37890625	1	conditioned-middle-v1	0	62.291999999999973	0	0	0	209.583
heldout	ConditionedQuartic	7	1.4976190476190476	0.12109375	0.37890625	1	conditioned-middle-v1	2	160.45799999999997	0	0	0	209.583
heldout	ConditionedQuartic	7	1.4976190476190476	0.12109375	0.37890625	1	conditioned-middle-v1	3	213.917	0	0	0	209.583
heldout	ConditionedQuartic	7	1.4976190476190476	0.12109375	0.37890625	1	conditioned-middle-v1	4	258.45800000000003	1	0	0	209.583
heldout	ConditionedQuartic	7	1.4976190476190476	0.12109375	0.37890625	1	conditioned-high-v1	0	61.124000000000024	0	0	0	209.583
heldout	ConditionedQuartic	7	1.4976190476190476	0.12109375	0.37890625	1	conditioned-high-v1	2	159.499	0	0	0	209.583
heldout	ConditionedQuartic	7	1.4976190476190476	0.12109375	0.37890625	1	conditioned-high-v1	3	209.792	0	0	0	209.583
heldout	ConditionedQuartic	7	1.4976190476190476	0.12109375	0.37890625	1	conditioned-high-v1	4	255.375	1	0	0	209.583
heldout	ConditionedQuartic	8	1.6285714285714286	0.13671875	0.36328125	1	conditioned-low-v1	0	41.833000000000027	0	0	0	259.709
heldout	ConditionedQuartic	8	1.6285714285714286	0.13671875	0.36328125	1	conditioned-low-v1	2	140.25	0	0	0	259.709
heldout	ConditionedQuartic	8	1.6285714285714286	0.13671875	0.36328125	1	conditioned-low-v1	3	187	1	0	0	259.709
heldout	ConditionedQuartic	8	1.6285714285714286	0.13671875	0.36328125	1	conditioned-low-v1	4	187.083	1	0	0	259.709
heldout	ConditionedQuartic	8	1.6285714285714286	0.13671875	0.36328125	1	conditioned-middle-v1	0	61.291000000000025	0	0	0	259.709
heldout	ConditionedQuartic	8	1.6285714285714286	0.13671875	0.36328125	1	conditioned-middle-v1	2	161.375	0	0	0	259.709
heldout	ConditionedQuartic	8	1.6285714285714286	0.13671875	0.36328125	1	conditioned-middle-v1	3	212.45800000000003	0	0	0	259.709
heldout	ConditionedQuartic	8	1.6285714285714286	0.13671875	0.36328125	1	conditioned-middle-v1	4	256.5	1	0	0	259.709
heldout	ConditionedQuartic	8	1.6285714285714286	0.13671875	0.36328125	1	conditioned-high-v1	0	60.291999999999973	0	0	0	259.709
heldout	ConditionedQuartic	8	1.6285714285714286	0.13671875	0.36328125	1	conditioned-high-v1	2	161.375	0	0	0	259.709
heldout	ConditionedQuartic	8	1.6285714285714286	0.13671875	0.36328125	1	conditioned-high-v1	3	208.70899999999995	0	0	0	259.709
heldout	ConditionedQuartic	8	1.6285714285714286	0.13671875	0.36328125	1	conditioned-high-v1	4	254.417	1	0	0	259.709
heldout	ConditionedQuartic	9	1.7595238095238095	0.15234375	0.34765625	1	conditioned-low-v1	0	42.165999999999997	0	0	0	264
heldout	ConditionedQuartic	9	1.7595238095238095	0.15234375	0.34765625	1	conditioned-low-v1	2	140.49900000000002	0	0	0	264
heldout	ConditionedQuartic	9	1.7595238095238095	0.15234375	0.34765625	1	conditioned-low-v1	3	187.625	1	0	0	264
heldout	ConditionedQuartic	9	1.7595238095238095	0.15234375	0.34765625	1	conditioned-low-v1	4	189.833	1	0	0	264
heldout	ConditionedQuartic	9	1.7595238095238095	0.15234375	0.34765625	1	conditioned-middle-v1	0	60.25	0	0	0	264
heldout	ConditionedQuartic	9	1.7595238095238095	0.15234375	0.34765625	1	conditioned-middle-v1	2	158.709	0	0	0	264
heldout	ConditionedQuartic	9	1.7595238095238095	0.15234375	0.34765625	1	conditioned-middle-v1	3	209.33299999999997	0	0	0	264
heldout	ConditionedQuartic	9	1.7595238095238095	0.15234375	0.34765625	1	conditioned-middle-v1	4	256.041	1	0	0	264
heldout	ConditionedQuartic	9	1.7595238095238095	0.15234375	0.34765625	1	conditioned-high-v1	0	62.166999999999973	0	0	0	264
heldout	ConditionedQuartic	9	1.7595238095238095	0.15234375	0.34765625	1	conditioned-high-v1	2	158.20800000000003	0	0	0	264
heldout	ConditionedQuartic	9	1.7595238095238095	0.15234375	0.34765625	1	conditioned-high-v1	3	209.20800000000003	0	0	0	264
heldout	ConditionedQuartic	9	1.7595238095238095	0.15234375	0.34765625	1	conditioned-high-v1	4	255.708	1	0	0	264
heldout	ConditionedQuartic	10	1.8904761904761904	0.16796875	0.33203125	1	conditioned-low-v1	0	44.374000000000024	0	0	0	261.70800000000003
heldout	ConditionedQuartic	10	1.8904761904761904	0.16796875	0.33203125	1	conditioned-low-v1	2	140.70800000000003	0	0	0	261.70800000000003
heldout	ConditionedQuartic	10	1.8904761904761904	0.16796875	0.33203125	1	conditioned-low-v1	3	187.416	1	0	0	261.70800000000003
heldout	ConditionedQuartic	10	1.8904761904761904	0.16796875	0.33203125	1	conditioned-low-v1	4	187.125	1	0	0	261.70800000000003
heldout	ConditionedQuartic	10	1.8904761904761904	0.16796875	0.33203125	1	conditioned-middle-v1	0	59.041999999999973	0	0	0	261.70800000000003
heldout	ConditionedQuartic	10	1.8904761904761904	0.16796875	0.33203125	1	conditioned-middle-v1	2	157.875	0	0	0	261.70800000000003
heldout	ConditionedQuartic	10	1.8904761904761904	0.16796875	0.33203125	1	conditioned-middle-v1	3	205.375	1	0	0	261.70800000000003
heldout	ConditionedQuartic	10	1.8904761904761904	0.16796875	0.33203125	1	conditioned-middle-v1	4	204.333	1	0	0	261.70800000000003
heldout	ConditionedQuartic	10	1.8904761904761904	0.16796875	0.33203125	1	conditioned-high-v1	0	59.208000000000027	0	0	0	261.70800000000003
heldout	ConditionedQuartic	10	1.8904761904761904	0.16796875	0.33203125	1	conditioned-high-v1	2	157.75	0	0	0	261.70800000000003
heldout	ConditionedQuartic	10	1.8904761904761904	0.16796875	0.33203125	1	conditioned-high-v1	3	207.99900000000002	0	0	0	261.70800000000003
heldout	ConditionedQuartic	10	1.8904761904761904	0.16796875	0.33203125	1	conditioned-high-v1	4	253.291	1	0	0	261.70800000000003
heldout	ConditionedQuartic	11	1.2595238095238095	0.18359375	0.31640625	1	conditioned-low-v1	0	42.290999999999997	0	0	0	257.79199999999997
heldout	ConditionedQuartic	11	1.2595238095238095	0.18359375	0.31640625	1	conditioned-low-v1	2	144.87400000000002	0	0	0	257.79199999999997
heldout	ConditionedQuartic	11	1.2595238095238095	0.18359375	0.31640625	1	conditioned-low-v1	3	189.958	1	0	0	257.79199999999997
heldout	ConditionedQuartic	11	1.2595238095238095	0.18359375	0.31640625	1	conditioned-low-v1	4	187.458	1	0	0	257.79199999999997
heldout	ConditionedQuartic	11	1.2595238095238095	0.18359375	0.31640625	1	conditioned-middle-v1	0	58.166999999999973	0	0	0	257.79199999999997
heldout	ConditionedQuartic	11	1.2595238095238095	0.18359375	0.31640625	1	conditioned-middle-v1	2	158.999	0	0	0	257.79199999999997
heldout	ConditionedQuartic	11	1.2595238095238095	0.18359375	0.31640625	1	conditioned-middle-v1	3	207.374	0	0	0	257.79199999999997
heldout	ConditionedQuartic	11	1.2595238095238095	0.18359375	0.31640625	1	conditioned-middle-v1	4	252.459	1	0	0	257.79199999999997
heldout	ConditionedQuartic	11	1.2595238095238095	0.18359375	0.31640625	1	conditioned-high-v1	0	58.75	0	0	0	257.79199999999997
heldout	ConditionedQuartic	11	1.2595238095238095	0.18359375	0.31640625	1	conditioned-high-v1	2	156.916	0	0	0	257.79199999999997
heldout	ConditionedQuartic	11	1.2595238095238095	0.18359375	0.31640625	1	conditioned-high-v1	3	209.25000000000003	0	0	0	257.79199999999997
heldout	ConditionedQuartic	11	1.2595238095238095	0.18359375	0.31640625	1	conditioned-high-v1	4	256.875	1	0	0	257.79199999999997
heldout	ConditionedQuartic	12	1.3904761904761904	0.19921875	0.30078125	1	conditioned-low-v1	0	43.918000000000006	0	0	0	209.042
heldout	ConditionedQuartic	12	1.3904761904761904	0.19921875	0.30078125	1	conditioned-low-v1	2	141.126	0	0	0	209.042
heldout	ConditionedQuartic	12	1.3904761904761904	0.19921875	0.30078125	1	conditioned-low-v1	3	188.625	1	0	0	209.042
heldout	ConditionedQuartic	12	1.3904761904761904	0.19921875	0.30078125	1	conditioned-low-v1	4	188.625	1	0	0	209.042
heldout	ConditionedQuartic	12	1.3904761904761904	0.19921875	0.30078125	1	conditioned-middle-v1	0	57.625	0	0	0	209.042
heldout	ConditionedQuartic	12	1.3904761904761904	0.19921875	0.30078125	1	conditioned-middle-v1	2	155.833	0	0	0	209.042
heldout	ConditionedQuartic	12	1.3904761904761904	0.19921875	0.30078125	1	conditioned-middle-v1	3	208.62500000000003	0	0	0	209.042
heldout	ConditionedQuartic	12	1.3904761904761904	0.19921875	0.30078125	1	conditioned-middle-v1	4	251	1	0	0	209.042
heldout	ConditionedQuartic	12	1.3904761904761904	0.19921875	0.30078125	1	conditioned-high-v1	0	58.708000000000027	0	0	0	209.042
heldout	ConditionedQuartic	12	1.3904761904761904	0.19921875	0.30078125	1	conditioned-high-v1	2	155.959	0	0	0	209.042
heldout	ConditionedQuartic	12	1.3904761904761904	0.19921875	0.30078125	1	conditioned-high-v1	3	209.083	0	0	0	209.042
heldout	ConditionedQuartic	12	1.3904761904761904	0.19921875	0.30078125	1	conditioned-high-v1	4	252.375	1	0	0	209.042
heldout	ConditionedQuartic	13	1.5214285714285714	0.21484375	0.28515625	1	conditioned-low-v1	0	43.417000000000002	0	0	0	208.5
heldout	ConditionedQuartic	13	1.5214285714285714	0.21484375	0.28515625	1	conditioned-low-v1	2	141.333	0	0	0	208.5
heldout	ConditionedQuartic	13	1.5214285714285714	0.21484375	0.28515625	1	conditioned-low-v1	3	188.958	1	0	0	208.5
heldout	ConditionedQuartic	13	1.5214285714285714	0.21484375	0.28515625	1	conditioned-low-v1	4	188.167	1	0	0	208.5
heldout	ConditionedQuartic	13	1.5214285714285714	0.21484375	0.28515625	1	conditioned-middle-v1	0	56.625	0	0	0	208.5
heldout	ConditionedQuartic	13	1.5214285714285714	0.21484375	0.28515625	1	conditioned-middle-v1	2	155.625	0	0	0	208.5
heldout	ConditionedQuartic	13	1.5214285714285714	0.21484375	0.28515625	1	conditioned-middle-v1	3	205.208	0	0	0	208.5
heldout	ConditionedQuartic	13	1.5214285714285714	0.21484375	0.28515625	1	conditioned-middle-v1	4	253.042	1	0	0	208.5
heldout	ConditionedQuartic	13	1.5214285714285714	0.21484375	0.28515625	1	conditioned-high-v1	0	58.208000000000027	0	0	0	208.5
heldout	ConditionedQuartic	13	1.5214285714285714	0.21484375	0.28515625	1	conditioned-high-v1	2	156.167	0	0	0	208.5
heldout	ConditionedQuartic	13	1.5214285714285714	0.21484375	0.28515625	1	conditioned-high-v1	3	206.74999999999997	0	0	0	208.5
heldout	ConditionedQuartic	13	1.5214285714285714	0.21484375	0.28515625	1	conditioned-high-v1	4	251.125	1	0	0	208.5
heldout	ConditionedQuartic	14	1.6523809523809523	0.23046875	0.26953125	1	conditioned-low-v1	0	43.873999999999995	0	0	0	261.45800000000003
heldout	ConditionedQuartic	14	1.6523809523809523	0.23046875	0.26953125	1	conditioned-low-v1	2	142.625	0	0	0	261.45800000000003
heldout	ConditionedQuartic	14	1.6523809523809523	0.23046875	0.26953125	1	conditioned-low-v1	3	190.916	1	0	0	261.45800000000003
heldout	ConditionedQuartic	14	1.6523809523809523	0.23046875	0.26953125	1	conditioned-low-v1	4	189.333	1	0	0	261.45800000000003
heldout	ConditionedQuartic	14	1.6523809523809523	0.23046875	0.26953125	1	conditioned-middle-v1	0	55.416999999999973	0	0	0	261.45800000000003
heldout	ConditionedQuartic	14	1.6523809523809523	0.23046875	0.26953125	1	conditioned-middle-v1	2	154.083	0	0	0	261.45800000000003
heldout	ConditionedQuartic	14	1.6523809523809523	0.23046875	0.26953125	1	conditioned-middle-v1	3	201.25	1	0	0	261.45800000000003
heldout	ConditionedQuartic	14	1.6523809523809523	0.23046875	0.26953125	1	conditioned-middle-v1	4	204	1	0	0	261.45800000000003
heldout	ConditionedQuartic	14	1.6523809523809523	0.23046875	0.26953125	1	conditioned-high-v1	0	57.624999999999972	0	0	0	261.45800000000003
heldout	ConditionedQuartic	14	1.6523809523809523	0.23046875	0.26953125	1	conditioned-high-v1	2	155.70899999999997	0	0	0	261.45800000000003
heldout	ConditionedQuartic	14	1.6523809523809523	0.23046875	0.26953125	1	conditioned-high-v1	3	205.79199999999997	0	0	0	261.45800000000003
heldout	ConditionedQuartic	14	1.6523809523809523	0.23046875	0.26953125	1	conditioned-high-v1	4	252.709	1	0	0	261.45800000000003
heldout	ConditionedQuartic	15	1.7833333333333332	0.24609375	0.25390625	1	conditioned-low-v1	0	45.749999999999972	0	0	0	264.125
heldout	ConditionedQuartic	15	1.7833333333333332	0.24609375	0.25390625	1	conditioned-low-v1	2	144.87500000000003	0	0	0	264.125
heldout	ConditionedQuartic	15	1.7833333333333332	0.24609375	0.25390625	1	conditioned-low-v1	3	192.292	1	0	0	264.125
heldout	ConditionedQuartic	15	1.7833333333333332	0.24609375	0.25390625	1	conditioned-low-v1	4	189.209	1	0	0	264.125
heldout	ConditionedQuartic	15	1.7833333333333332	0.24609375	0.25390625	1	conditioned-middle-v1	0	54.500999999999976	0	0	0	264.125
heldout	ConditionedQuartic	15	1.7833333333333332	0.24609375	0.25390625	1	conditioned-middle-v1	2	152.667	0	0	0	264.125
heldout	ConditionedQuartic	15	1.7833333333333332	0.24609375	0.25390625	1	conditioned-middle-v1	3	202.375	1	0	0	264.125
heldout	ConditionedQuartic	15	1.7833333333333332	0.24609375	0.25390625	1	conditioned-middle-v1	4	199.792	1	0	0	264.125
heldout	ConditionedQuartic	15	1.7833333333333332	0.24609375	0.25390625	1	conditioned-high-v1	0	59.375	0	0	0	264.125
heldout	ConditionedQuartic	15	1.7833333333333332	0.24609375	0.25390625	1	conditioned-high-v1	2	158.542	0	0	0	264.125
heldout	ConditionedQuartic	15	1.7833333333333332	0.24609375	0.25390625	1	conditioned-high-v1	3	208.458	0	0	0	264.125
heldout	ConditionedQuartic	15	1.7833333333333332	0.24609375	0.25390625	1	conditioned-high-v1	4	255.042	1	0	0	264.125
heldout	ConditionedQuartic	16	1.9142857142857141	0.26171875	0.23828125	1	conditioned-low-v1	0	44.292000000000002	0	0	0	261.58300000000003
heldout	ConditionedQuartic	16	1.9142857142857141	0.26171875	0.23828125	1	conditioned-low-v1	2	142.5	0	0	0	261.58300000000003
heldout	ConditionedQuartic	16	1.9142857142857141	0.26171875	0.23828125	1	conditioned-low-v1	3	192.708	1	0	0	261.58300000000003
heldout	ConditionedQuartic	16	1.9142857142857141	0.26171875	0.23828125	1	conditioned-low-v1	4	191.833	1	0	0	261.58300000000003
heldout	ConditionedQuartic	16	1.9142857142857141	0.26171875	0.23828125	1	conditioned-middle-v1	0	53.791999999999973	0	0	0	261.58300000000003
heldout	ConditionedQuartic	16	1.9142857142857141	0.26171875	0.23828125	1	conditioned-middle-v1	2	153.58300000000003	0	0	0	261.58300000000003
heldout	ConditionedQuartic	16	1.9142857142857141	0.26171875	0.23828125	1	conditioned-middle-v1	3	200.167	1	0	0	261.58300000000003
heldout	ConditionedQuartic	16	1.9142857142857141	0.26171875	0.23828125	1	conditioned-middle-v1	4	199.333	1	0	0	261.58300000000003
heldout	ConditionedQuartic	16	1.9142857142857141	0.26171875	0.23828125	1	conditioned-high-v1	0	56.58299999999997	0	0	0	261.58300000000003
heldout	ConditionedQuartic	16	1.9142857142857141	0.26171875	0.23828125	1	conditioned-high-v1	2	154.541	0	0	0	261.58300000000003
heldout	ConditionedQuartic	16	1.9142857142857141	0.26171875	0.23828125	1	conditioned-high-v1	3	205.584	0	0	0	261.58300000000003
heldout	ConditionedQuartic	16	1.9142857142857141	0.26171875	0.23828125	1	conditioned-high-v1	4	250.125	1	0	0	261.58300000000003
heldout	ConditionedQuartic	17	1.2833333333333332	0.27734375	0.22265625	1	conditioned-low-v1	0	44.873999999999995	0	0	0	256.29199999999997
heldout	ConditionedQuartic	17	1.2833333333333332	0.27734375	0.22265625	1	conditioned-low-v1	2	143.66699999999997	0	0	0	256.29199999999997
heldout	ConditionedQuartic	17	1.2833333333333332	0.27734375	0.22265625	1	conditioned-low-v1	3	192.167	1	0	0	256.29199999999997
heldout	ConditionedQuartic	17	1.2833333333333332	0.27734375	0.22265625	1	conditioned-low-v1	4	192.25	1	0	0	256.29199999999997
heldout	ConditionedQuartic	17	1.2833333333333332	0.27734375	0.22265625	1	conditioned-middle-v1	0	52.750000000000028	0	0	0	256.29199999999997
heldout	ConditionedQuartic	17	1.2833333333333332	0.27734375	0.22265625	1	conditioned-middle-v1	2	150.87500000000003	0	0	0	256.29199999999997
heldout	ConditionedQuartic	17	1.2833333333333332	0.27734375	0.22265625	1	conditioned-middle-v1	3	198.167	1	0	0	256.29199999999997
heldout	ConditionedQuartic	17	1.2833333333333332	0.27734375	0.22265625	1	conditioned-middle-v1	4	198.375	1	0	0	256.29199999999997
heldout	ConditionedQuartic	17	1.2833333333333332	0.27734375	0.22265625	1	conditioned-high-v1	0	56.290999999999997	0	0	0	256.29199999999997
heldout	ConditionedQuartic	17	1.2833333333333332	0.27734375	0.22265625	1	conditioned-high-v1	2	156.542	0	0	0	256.29199999999997
heldout	ConditionedQuartic	17	1.2833333333333332	0.27734375	0.22265625	1	conditioned-high-v1	3	206.625	0	0	0	256.29199999999997
heldout	ConditionedQuartic	17	1.2833333333333332	0.27734375	0.22265625	1	conditioned-high-v1	4	253.125	1	0	0	256.29199999999997
heldout	ConditionedQuartic	18	1.4142857142857141	0.29296875	0.20703125	1	conditioned-low-v1	0	45.334000000000003	0	0	0	208.334
heldout	ConditionedQuartic	18	1.4142857142857141	0.29296875	0.20703125	1	conditioned-low-v1	2	143.459	0	0	0	208.334
heldout	ConditionedQuartic	18	1.4142857142857141	0.29296875	0.20703125	1	conditioned-low-v1	3	190.459	1	0	0	208.334
heldout	ConditionedQuartic	18	1.4142857142857141	0.29296875	0.20703125	1	conditioned-low-v1	4	190.417	1	0	0	208.334
heldout	ConditionedQuartic	18	1.4142857142857141	0.29296875	0.20703125	1	conditioned-middle-v1	0	52.084000000000003	0	0	0	208.334
heldout	ConditionedQuartic	18	1.4142857142857141	0.29296875	0.20703125	1	conditioned-middle-v1	2	150.041	0	0	0	208.334
heldout	ConditionedQuartic	18	1.4142857142857141	0.29296875	0.20703125	1	conditioned-middle-v1	3	198.375	1	0	0	208.334
heldout	ConditionedQuartic	18	1.4142857142857141	0.29296875	0.20703125	1	conditioned-middle-v1	4	197.709	1	0	0	208.334
heldout	ConditionedQuartic	18	1.4142857142857141	0.29296875	0.20703125	1	conditioned-high-v1	0	55.750000000000028	0	0	0	208.334
heldout	ConditionedQuartic	18	1.4142857142857141	0.29296875	0.20703125	1	conditioned-high-v1	2	154.583	0	0	0	208.334
heldout	ConditionedQuartic	18	1.4142857142857141	0.29296875	0.20703125	1	conditioned-high-v1	3	204.916	0	0	0	208.334
heldout	ConditionedQuartic	18	1.4142857142857141	0.29296875	0.20703125	1	conditioned-high-v1	4	249.459	1	0	0	208.334
heldout	ConditionedQuartic	19	1.5452380952380951	0.30859375	0.19140625	1	conditioned-low-v1	0	45.540999999999997	0	0	0	207.667
heldout	ConditionedQuartic	19	1.5452380952380951	0.30859375	0.19140625	1	conditioned-low-v1	2	148.16699999999997	0	0	0	207.667
heldout	ConditionedQuartic	19	1.5452380952380951	0.30859375	0.19140625	1	conditioned-low-v1	3	191.083	1	0	0	207.667
heldout	ConditionedQuartic	19	1.5452380952380951	0.30859375	0.19140625	1	conditioned-low-v1	4	190.708	1	0	0	207.667
heldout	ConditionedQuartic	19	1.5452380952380951	0.30859375	0.19140625	1	conditioned-middle-v1	0	51.207999999999998	0	0	0	207.667
heldout	ConditionedQuartic	19	1.5452380952380951	0.30859375	0.19140625	1	conditioned-middle-v1	2	149.876	0	0	0	207.667
heldout	ConditionedQuartic	19	1.5452380952380951	0.30859375	0.19140625	1	conditioned-middle-v1	3	204.875	1	0	0	207.667
heldout	ConditionedQuartic	19	1.5452380952380951	0.30859375	0.19140625	1	conditioned-middle-v1	4	201.459	1	0	0	207.667
heldout	ConditionedQuartic	19	1.5452380952380951	0.30859375	0.19140625	1	conditioned-high-v1	0	55.95799999999997	0	0	0	207.667
heldout	ConditionedQuartic	19	1.5452380952380951	0.30859375	0.19140625	1	conditioned-high-v1	2	155.625	0	0	0	207.667
heldout	ConditionedQuartic	19	1.5452380952380951	0.30859375	0.19140625	1	conditioned-high-v1	3	206.91699999999997	0	0	0	207.667
heldout	ConditionedQuartic	19	1.5452380952380951	0.30859375	0.19140625	1	conditioned-high-v1	4	250.625	1	0	0	207.667
heldout	ConditionedQuartic	20	1.676190476190476	0.32421875	0.17578125	1	conditioned-low-v1	0	46.542000000000002	0	0	0	254.917
heldout	ConditionedQuartic	20	1.676190476190476	0.32421875	0.17578125	1	conditioned-low-v1	2	144.584	0	0	0	254.917
heldout	ConditionedQuartic	20	1.676190476190476	0.32421875	0.17578125	1	conditioned-low-v1	3	188.875	1	0	0	254.917
heldout	ConditionedQuartic	20	1.676190476190476	0.32421875	0.17578125	1	conditioned-low-v1	4	189.25	1	0	0	254.917
heldout	ConditionedQuartic	20	1.676190476190476	0.32421875	0.17578125	1	conditioned-middle-v1	0	52.332999999999998	0	0	0	254.917
heldout	ConditionedQuartic	20	1.676190476190476	0.32421875	0.17578125	1	conditioned-middle-v1	2	147.458	0	0	0	254.917
heldout	ConditionedQuartic	20	1.676190476190476	0.32421875	0.17578125	1	conditioned-middle-v1	3	195.791	1	0	0	254.917
heldout	ConditionedQuartic	20	1.676190476190476	0.32421875	0.17578125	1	conditioned-middle-v1	4	193.833	1	0	0	254.917
heldout	ConditionedQuartic	20	1.676190476190476	0.32421875	0.17578125	1	conditioned-high-v1	0	54.33299999999997	0	0	0	254.917
heldout	ConditionedQuartic	20	1.676190476190476	0.32421875	0.17578125	1	conditioned-high-v1	2	151.875	0	0	0	254.917
heldout	ConditionedQuartic	20	1.676190476190476	0.32421875	0.17578125	1	conditioned-high-v1	3	201.208	0	0	0	254.917
heldout	ConditionedQuartic	20	1.676190476190476	0.32421875	0.17578125	1	conditioned-high-v1	4	245.166	1	0	0	254.917
heldout	ConditionedQuartic	21	1.8071428571428569	0.33984375	0.16015625	1	conditioned-low-v1	0	45.91700000000003	0	0	0	264.625
heldout	ConditionedQuartic	21	1.8071428571428569	0.33984375	0.16015625	1	conditioned-low-v1	2	142.91699999999997	0	0	0	264.625
heldout	ConditionedQuartic	21	1.8071428571428569	0.33984375	0.16015625	1	conditioned-low-v1	3	191.167	1	0	0	264.625
heldout	ConditionedQuartic	21	1.8071428571428569	0.33984375	0.16015625	1	conditioned-low-v1	4	188.792	1	0	0	264.625
heldout	ConditionedQuartic	21	1.8071428571428569	0.33984375	0.16015625	1	conditioned-middle-v1	0	49.125999999999976	0	0	0	264.625
heldout	ConditionedQuartic	21	1.8071428571428569	0.33984375	0.16015625	1	conditioned-middle-v1	2	145.79100000000003	0	0	0	264.625
heldout	ConditionedQuartic	21	1.8071428571428569	0.33984375	0.16015625	1	conditioned-middle-v1	3	192.959	1	0	0	264.625
heldout	ConditionedQuartic	21	1.8071428571428569	0.33984375	0.16015625	1	conditioned-middle-v1	4	193.208	1	0	0	264.625
heldout	ConditionedQuartic	21	1.8071428571428569	0.33984375	0.16015625	1	conditioned-high-v1	0	54.000999999999976	0	0	0	264.625
heldout	ConditionedQuartic	21	1.8071428571428569	0.33984375	0.16015625	1	conditioned-high-v1	2	150.583	0	0	0	264.625
heldout	ConditionedQuartic	21	1.8071428571428569	0.33984375	0.16015625	1	conditioned-high-v1	3	197.917	1	0	0	264.625
heldout	ConditionedQuartic	21	1.8071428571428569	0.33984375	0.16015625	1	conditioned-high-v1	4	197.834	1	0	0	264.625
heldout	ConditionedQuartic	22	1.9380952380952381	0.35546875	0.14453125	1	conditioned-low-v1	0	49.165999999999997	0	0	0	259.66699999999997
heldout	ConditionedQuartic	22	1.9380952380952381	0.35546875	0.14453125	1	conditioned-low-v1	2	145.50000000000003	0	0	0	259.66699999999997
heldout	ConditionedQuartic	22	1.9380952380952381	0.35546875	0.14453125	1	conditioned-low-v1	3	190.75	1	0	0	259.66699999999997
heldout	ConditionedQuartic	22	1.9380952380952381	0.35546875	0.14453125	1	conditioned-low-v1	4	193.208	1	0	0	259.66699999999997
heldout	ConditionedQuartic	22	1.9380952380952381	0.35546875	0.14453125	1	conditioned-middle-v1	0	48.708000000000027	0	0	0	259.66699999999997
heldout	ConditionedQuartic	22	1.9380952380952381	0.35546875	0.14453125	1	conditioned-middle-v1	2	144.874	0	0	0	259.66699999999997
heldout	ConditionedQuartic	22	1.9380952380952381	0.35546875	0.14453125	1	conditioned-middle-v1	3	191.583	1	0	0	259.66699999999997
heldout	ConditionedQuartic	22	1.9380952380952381	0.35546875	0.14453125	1	conditioned-middle-v1	4	191.583	1	0	0	259.66699999999997
heldout	ConditionedQuartic	22	1.9380952380952381	0.35546875	0.14453125	1	conditioned-high-v1	0	54.332999999999998	0	0	0	259.66699999999997
heldout	ConditionedQuartic	22	1.9380952380952381	0.35546875	0.14453125	1	conditioned-high-v1	2	150.83300000000003	0	0	0	259.66699999999997
heldout	ConditionedQuartic	22	1.9380952380952381	0.35546875	0.14453125	1	conditioned-high-v1	3	197.625	1	0	0	259.66699999999997
heldout	ConditionedQuartic	22	1.9380952380952381	0.35546875	0.14453125	1	conditioned-high-v1	4	197.833	1	0	0	259.66699999999997
heldout	ConditionedQuartic	23	1.3071428571428572	0.37109375	0.12890625	1	conditioned-low-v1	0	46.748999999999995	0	0	0	255.167
heldout	ConditionedQuartic	23	1.3071428571428572	0.37109375	0.12890625	1	conditioned-low-v1	2	143.333	0	0	0	255.167
heldout	ConditionedQuartic	23	1.3071428571428572	0.37109375	0.12890625	1	conditioned-low-v1	3	190	1	0	0	255.167
heldout	ConditionedQuartic	23	1.3071428571428572	0.37109375	0.12890625	1	conditioned-low-v1	4	191.125	1	0	0	255.167
heldout	ConditionedQuartic	23	1.3071428571428572	0.37109375	0.12890625	1	conditioned-middle-v1	0	47.666000000000025	0	0	0	255.167
heldout	ConditionedQuartic	23	1.3071428571428572	0.37109375	0.12890625	1	conditioned-middle-v1	2	146.91600000000003	0	0	0	255.167
heldout	ConditionedQuartic	23	1.3071428571428572	0.37109375	0.12890625	1	conditioned-middle-v1	3	195.208	1	0	0	255.167
heldout	ConditionedQuartic	23	1.3071428571428572	0.37109375	0.12890625	1	conditioned-middle-v1	4	191.5	1	0	0	255.167
heldout	ConditionedQuartic	23	1.3071428571428572	0.37109375	0.12890625	1	conditioned-high-v1	0	53.249999999999972	0	0	0	255.167
heldout	ConditionedQuartic	23	1.3071428571428572	0.37109375	0.12890625	1	conditioned-high-v1	2	152.666	0	0	0	255.167
heldout	ConditionedQuartic	23	1.3071428571428572	0.37109375	0.12890625	1	conditioned-high-v1	3	200.41600000000003	0	0	0	255.167
heldout	ConditionedQuartic	23	1.3071428571428572	0.37109375	0.12890625	1	conditioned-high-v1	4	243.666	1	0	0	255.167
heldout	ConditionedQuartic	24	1.4380952380952381	0.38671875	0.11328125	1	conditioned-low-v1	0	47.082999999999998	0	0	0	209.291
heldout	ConditionedQuartic	24	1.4380952380952381	0.38671875	0.11328125	1	conditioned-low-v1	2	144.20699999999999	0	0	0	209.291
heldout	ConditionedQuartic	24	1.4380952380952381	0.38671875	0.11328125	1	conditioned-low-v1	3	193.541	1	0	0	209.291
heldout	ConditionedQuartic	24	1.4380952380952381	0.38671875	0.11328125	1	conditioned-low-v1	4	190.667	1	0	0	209.291
heldout	ConditionedQuartic	24	1.4380952380952381	0.38671875	0.11328125	1	conditioned-middle-v1	0	47.042000000000002	0	0	0	209.291
heldout	ConditionedQuartic	24	1.4380952380952381	0.38671875	0.11328125	1	conditioned-middle-v1	2	144.66600000000003	0	0	0	209.291
heldout	ConditionedQuartic	24	1.4380952380952381	0.38671875	0.11328125	1	conditioned-middle-v1	3	193.167	1	0	0	209.291
heldout	ConditionedQuartic	24	1.4380952380952381	0.38671875	0.11328125	1	conditioned-middle-v1	4	191.125	1	0	0	209.291
heldout	ConditionedQuartic	24	1.4380952380952381	0.38671875	0.11328125	1	conditioned-high-v1	0	52.875	0	0	0	209.291
heldout	ConditionedQuartic	24	1.4380952380952381	0.38671875	0.11328125	1	conditioned-high-v1	2	149.792	0	0	0	209.291
heldout	ConditionedQuartic	24	1.4380952380952381	0.38671875	0.11328125	1	conditioned-high-v1	3	202.834	0	0	0	209.291
heldout	ConditionedQuartic	24	1.4380952380952381	0.38671875	0.11328125	1	conditioned-high-v1	4	243.583	1	0	0	209.291
heldout	ConditionedQuartic	25	1.569047619047619	0.40234375	0.09765625	1	conditioned-low-v1	0	47.292000000000002	0	0	0	205.791
heldout	ConditionedQuartic	25	1.569047619047619	0.40234375	0.09765625	1	conditioned-low-v1	2	144.29199999999997	0	0	0	205.791
heldout	ConditionedQuartic	25	1.569047619047619	0.40234375	0.09765625	1	conditioned-low-v1	3	193.667	1	0	0	205.791
heldout	ConditionedQuartic	25	1.569047619047619	0.40234375	0.09765625	1	conditioned-low-v1	4	193.292	1	0	0	205.791
heldout	ConditionedQuartic	25	1.569047619047619	0.40234375	0.09765625	1	conditioned-middle-v1	0	46.207999999999998	0	0	0	205.791
heldout	ConditionedQuartic	25	1.569047619047619	0.40234375	0.09765625	1	conditioned-middle-v1	2	144.375	0	0	0	205.791
heldout	ConditionedQuartic	25	1.569047619047619	0.40234375	0.09765625	1	conditioned-middle-v1	3	190.208	1	0	0	205.791
heldout	ConditionedQuartic	25	1.569047619047619	0.40234375	0.09765625	1	conditioned-middle-v1	4	191.292	1	0	0	205.791
heldout	ConditionedQuartic	25	1.569047619047619	0.40234375	0.09765625	1	conditioned-high-v1	0	52.251000000000005	0	0	0	205.791
heldout	ConditionedQuartic	25	1.569047619047619	0.40234375	0.09765625	1	conditioned-high-v1	2	149.334	0	0	0	205.791
heldout	ConditionedQuartic	25	1.569047619047619	0.40234375	0.09765625	1	conditioned-high-v1	3	199.20800000000003	0	0	0	205.791
heldout	ConditionedQuartic	25	1.569047619047619	0.40234375	0.09765625	1	conditioned-high-v1	4	240.916	1	0	0	205.791
heldout	ConditionedQuartic	26	1.7	0.41796875	0.08203125	1	conditioned-low-v1	0	49.79200000000003	0	0	0	255.458
heldout	ConditionedQuartic	26	1.7	0.41796875	0.08203125	1	conditioned-low-v1	2	148.45799999999997	0	0	0	255.458
heldout	ConditionedQuartic	26	1.7	0.41796875	0.08203125	1	conditioned-low-v1	3	191.209	1	0	0	255.458
heldout	ConditionedQuartic	26	1.7	0.41796875	0.08203125	1	conditioned-low-v1	4	191.917	1	0	0	255.458
heldout	ConditionedQuartic	26	1.7	0.41796875	0.08203125	1	conditioned-middle-v1	0	45.457999999999998	0	0	0	255.458
heldout	ConditionedQuartic	26	1.7	0.41796875	0.08203125	1	conditioned-middle-v1	2	144.458	0	0	0	255.458
heldout	ConditionedQuartic	26	1.7	0.41796875	0.08203125	1	conditioned-middle-v1	3	190.417	1	0	0	255.458
heldout	ConditionedQuartic	26	1.7	0.41796875	0.08203125	1	conditioned-middle-v1	4	191.208	1	0	0	255.458
heldout	ConditionedQuartic	26	1.7	0.41796875	0.08203125	1	conditioned-high-v1	0	51.668000000000006	0	0	0	255.458
heldout	ConditionedQuartic	26	1.7	0.41796875	0.08203125	1	conditioned-high-v1	2	149.375	0	0	0	255.458
heldout	ConditionedQuartic	26	1.7	0.41796875	0.08203125	1	conditioned-high-v1	3	196.334	1	0	0	255.458
heldout	ConditionedQuartic	26	1.7	0.41796875	0.08203125	1	conditioned-high-v1	4	195.291	1	0	0	255.458
heldout	ConditionedQuartic	27	1.8309523809523809	0.43359375	0.06640625	1	conditioned-low-v1	0	48.208000000000027	0	0	0	259.209
heldout	ConditionedQuartic	27	1.8309523809523809	0.43359375	0.06640625	1	conditioned-low-v1	2	147.125	0	0	0	259.209
heldout	ConditionedQuartic	27	1.8309523809523809	0.43359375	0.06640625	1	conditioned-low-v1	3	192.666	1	0	0	259.209
heldout	ConditionedQuartic	27	1.8309523809523809	0.43359375	0.06640625	1	conditioned-low-v1	4	191.625	1	0	0	259.209
heldout	ConditionedQuartic	27	1.8309523809523809	0.43359375	0.06640625	1	conditioned-middle-v1	0	44.667000000000002	0	0	0	259.209
heldout	ConditionedQuartic	27	1.8309523809523809	0.43359375	0.06640625	1	conditioned-middle-v1	2	141.417	0	0	0	259.209
heldout	ConditionedQuartic	27	1.8309523809523809	0.43359375	0.06640625	1	conditioned-middle-v1	3	189.834	1	0	0	259.209
heldout	ConditionedQuartic	27	1.8309523809523809	0.43359375	0.06640625	1	conditioned-middle-v1	4	191.125	1	0	0	259.209
heldout	ConditionedQuartic	27	1.8309523809523809	0.43359375	0.06640625	1	conditioned-high-v1	0	51.875	0	0	0	259.209
heldout	ConditionedQuartic	27	1.8309523809523809	0.43359375	0.06640625	1	conditioned-high-v1	2	148.333	0	0	0	259.209
heldout	ConditionedQuartic	27	1.8309523809523809	0.43359375	0.06640625	1	conditioned-high-v1	3	195.417	1	0	0	259.209
heldout	ConditionedQuartic	27	1.8309523809523809	0.43359375	0.06640625	1	conditioned-high-v1	4	195.917	1	0	0	259.209
heldout	ConditionedQuartic	28	1.2	0.44921875	0.05078125	1	conditioned-low-v1	0	48.665999999999997	0	0	0	203.958
heldout	ConditionedQuartic	28	1.2	0.44921875	0.05078125	1	conditioned-low-v1	2	146.12500000000003	0	0	0	203.958
heldout	ConditionedQuartic	28	1.2	0.44921875	0.05078125	1	conditioned-low-v1	3	195.87599999999998	0	0	0	203.958
heldout	ConditionedQuartic	28	1.2	0.44921875	0.05078125	1	conditioned-low-v1	4	240	1	0	0	203.958
heldout	ConditionedQuartic	28	1.2	0.44921875	0.05078125	1	conditioned-middle-v1	0	44.082999999999998	0	0	0	203.958
heldout	ConditionedQuartic	28	1.2	0.44921875	0.05078125	1	conditioned-middle-v1	2	140.833	0	0	0	203.958
heldout	ConditionedQuartic	28	1.2	0.44921875	0.05078125	1	conditioned-middle-v1	3	188.958	1	0	0	203.958
heldout	ConditionedQuartic	28	1.2	0.44921875	0.05078125	1	conditioned-middle-v1	4	189.875	1	0	0	203.958
heldout	ConditionedQuartic	28	1.2	0.44921875	0.05078125	1	conditioned-high-v1	0	50.959000000000003	0	0	0	203.958
heldout	ConditionedQuartic	28	1.2	0.44921875	0.05078125	1	conditioned-high-v1	2	148.29199999999997	0	0	0	203.958
heldout	ConditionedQuartic	28	1.2	0.44921875	0.05078125	1	conditioned-high-v1	3	199.75	0	0	0	203.958
heldout	ConditionedQuartic	28	1.2	0.44921875	0.05078125	1	conditioned-high-v1	4	242.542	1	0	0	203.958
heldout	ConditionedQuartic	29	1.3309523809523809	0.46484375	0.03515625	1	conditioned-low-v1	0	49.082999999999998	0	0	0	206.375
heldout	ConditionedQuartic	29	1.3309523809523809	0.46484375	0.03515625	1	conditioned-low-v1	2	146.291	0	0	0	206.375
heldout	ConditionedQuartic	29	1.3309523809523809	0.46484375	0.03515625	1	conditioned-low-v1	3	193.708	1	0	0	206.375
heldout	ConditionedQuartic	29	1.3309523809523809	0.46484375	0.03515625	1	conditioned-low-v1	4	193.25	1	0	0	206.375
heldout	ConditionedQuartic	29	1.3309523809523809	0.46484375	0.03515625	1	conditioned-middle-v1	0	40.457999999999998	1	0	0	206.375
heldout	ConditionedQuartic	29	1.3309523809523809	0.46484375	0.03515625	1	conditioned-middle-v1	2	40.375	1	0	0	206.375
heldout	ConditionedQuartic	29	1.3309523809523809	0.46484375	0.03515625	1	conditioned-middle-v1	3	40.25	1	0	0	206.375
heldout	ConditionedQuartic	29	1.3309523809523809	0.46484375	0.03515625	1	conditioned-middle-v1	4	40.332999999999998	1	0	0	206.375
heldout	ConditionedQuartic	29	1.3309523809523809	0.46484375	0.03515625	1	conditioned-high-v1	0	50.582999999999998	0	0	0	206.375
heldout	ConditionedQuartic	29	1.3309523809523809	0.46484375	0.03515625	1	conditioned-high-v1	2	148.87499999999997	0	0	0	206.375
heldout	ConditionedQuartic	29	1.3309523809523809	0.46484375	0.03515625	1	conditioned-high-v1	3	198.54199999999997	0	0	0	206.375
heldout	ConditionedQuartic	29	1.3309523809523809	0.46484375	0.03515625	1	conditioned-high-v1	4	242.208	1	0	0	206.375
heldout	ConditionedQuartic	30	1.4619047619047618	0.48046875	0.01953125	1	conditioned-low-v1	0	49.459000000000003	0	0	0	206.125
heldout	ConditionedQuartic	30	1.4619047619047618	0.48046875	0.01953125	1	conditioned-low-v1	2	146.83399999999997	0	0	0	206.125
heldout	ConditionedQuartic	30	1.4619047619047618	0.48046875	0.01953125	1	conditioned-low-v1	3	193.417	1	0	0	206.125
heldout	ConditionedQuartic	30	1.4619047619047618	0.48046875	0.01953125	1	conditioned-low-v1	4	193.042	1	0	0	206.125
heldout	ConditionedQuartic	30	1.4619047619047618	0.48046875	0.01953125	1	conditioned-middle-v1	0	39.790999999999997	1	0	0	206.125
heldout	ConditionedQuartic	30	1.4619047619047618	0.48046875	0.01953125	1	conditioned-middle-v1	2	39.875	1	0	0	206.125
heldout	ConditionedQuartic	30	1.4619047619047618	0.48046875	0.01953125	1	conditioned-middle-v1	3	39.540999999999997	1	0	0	206.125
heldout	ConditionedQuartic	30	1.4619047619047618	0.48046875	0.01953125	1	conditioned-middle-v1	4	39.707999999999998	1	0	0	206.125
heldout	ConditionedQuartic	30	1.4619047619047618	0.48046875	0.01953125	1	conditioned-high-v1	0	50.207999999999998	0	0	0	206.125
heldout	ConditionedQuartic	30	1.4619047619047618	0.48046875	0.01953125	1	conditioned-high-v1	2	149.04100000000003	0	0	0	206.125
heldout	ConditionedQuartic	30	1.4619047619047618	0.48046875	0.01953125	1	conditioned-high-v1	3	195.5	1	0	0	206.125
heldout	ConditionedQuartic	30	1.4619047619047618	0.48046875	0.01953125	1	conditioned-high-v1	4	194.791	1	0	0	206.125
heldout	ConditionedQuartic	31	1.5928571428571427	0.49609375	0.00390625	1	conditioned-low-v1	0	49.832999999999998	0	0	0	265.04199999999997
heldout	ConditionedQuartic	31	1.5928571428571427	0.49609375	0.00390625	1	conditioned-low-v1	2	149.25000000000003	0	0	0	265.04199999999997
heldout	ConditionedQuartic	31	1.5928571428571427	0.49609375	0.00390625	1	conditioned-low-v1	3	193.875	1	0	0	265.04199999999997
heldout	ConditionedQuartic	31	1.5928571428571427	0.49609375	0.00390625	1	conditioned-low-v1	4	193.208	1	0	0	265.04199999999997
heldout	ConditionedQuartic	31	1.5928571428571427	0.49609375	0.00390625	1	conditioned-middle-v1	0	39.334000000000003	1	0	0	265.04199999999997
heldout	ConditionedQuartic	31	1.5928571428571427	0.49609375	0.00390625	1	conditioned-middle-v1	2	42.707999999999998	1	0	0	265.04199999999997
heldout	ConditionedQuartic	31	1.5928571428571427	0.49609375	0.00390625	1	conditioned-middle-v1	3	39.625	1	0	0	265.04199999999997
heldout	ConditionedQuartic	31	1.5928571428571427	0.49609375	0.00390625	1	conditioned-middle-v1	4	39.542000000000002	1	0	0	265.04199999999997
heldout	ConditionedQuartic	31	1.5928571428571427	0.49609375	0.00390625	1	conditioned-high-v1	0	51.375	0	0	0	265.04199999999997
heldout	ConditionedQuartic	31	1.5928571428571427	0.49609375	0.00390625	1	conditioned-high-v1	2	150.29199999999997	0	0	0	265.04199999999997
heldout	ConditionedQuartic	31	1.5928571428571427	0.49609375	0.00390625	1	conditioned-high-v1	3	199.208	1	0	0	265.04199999999997
heldout	ConditionedQuartic	31	1.5928571428571427	0.49609375	0.00390625	1	conditioned-high-v1	4	199.917	1	0	0	265.04199999999997
heldout	ConditionedQuartic	32	1.7238095238095239	0.51171875	0.01171875	1	conditioned-low-v1	0	50.790999999999997	0	0	0	259.5
heldout	ConditionedQuartic	32	1.7238095238095239	0.51171875	0.01171875	1	conditioned-low-v1	2	151.125	0	0	0	259.5
heldout	ConditionedQuartic	32	1.7238095238095239	0.51171875	0.01171875	1	conditioned-low-v1	3	195.666	1	0	0	259.5
heldout	ConditionedQuartic	32	1.7238095238095239	0.51171875	0.01171875	1	conditioned-low-v1	4	194.75	1	0	0	259.5
heldout	ConditionedQuartic	32	1.7238095238095239	0.51171875	0.01171875	1	conditioned-middle-v1	0	39.790999999999997	1	0	0	259.5
heldout	ConditionedQuartic	32	1.7238095238095239	0.51171875	0.01171875	1	conditioned-middle-v1	2	39.542000000000002	1	0	0	259.5
heldout	ConditionedQuartic	32	1.7238095238095239	0.51171875	0.01171875	1	conditioned-middle-v1	3	39.457999999999998	1	0	0	259.5
heldout	ConditionedQuartic	32	1.7238095238095239	0.51171875	0.01171875	1	conditioned-middle-v1	4	39.375	1	0	0	259.5
heldout	ConditionedQuartic	32	1.7238095238095239	0.51171875	0.01171875	1	conditioned-high-v1	0	49.458999999999975	0	0	0	259.5
heldout	ConditionedQuartic	32	1.7238095238095239	0.51171875	0.01171875	1	conditioned-high-v1	2	146.12400000000002	0	0	0	259.5
heldout	ConditionedQuartic	32	1.7238095238095239	0.51171875	0.01171875	1	conditioned-high-v1	3	196.25	1	0	0	259.5
heldout	ConditionedQuartic	32	1.7238095238095239	0.51171875	0.01171875	1	conditioned-high-v1	4	193.208	1	0	0	259.5
heldout	ConditionedQuartic	33	1.8547619047619048	0.52734375	0.02734375	1	conditioned-low-v1	0	50.581999999999994	0	0	0	260.791
heldout	ConditionedQuartic	33	1.8547619047619048	0.52734375	0.02734375	1	conditioned-low-v1	2	147.917	0	0	0	260.791
heldout	ConditionedQuartic	33	1.8547619047619048	0.52734375	0.02734375	1	conditioned-low-v1	3	194.125	1	0	0	260.791
heldout	ConditionedQuartic	33	1.8547619047619048	0.52734375	0.02734375	1	conditioned-low-v1	4	195.375	1	0	0	260.791
heldout	ConditionedQuartic	33	1.8547619047619048	0.52734375	0.02734375	1	conditioned-middle-v1	0	40.292000000000002	1	0	0	260.791
heldout	ConditionedQuartic	33	1.8547619047619048	0.52734375	0.02734375	1	conditioned-middle-v1	2	42.542000000000002	1	0	0	260.791
heldout	ConditionedQuartic	33	1.8547619047619048	0.52734375	0.02734375	1	conditioned-middle-v1	3	40	1	0	0	260.791
heldout	ConditionedQuartic	33	1.8547619047619048	0.52734375	0.02734375	1	conditioned-middle-v1	4	39.875	1	0	0	260.791
heldout	ConditionedQuartic	33	1.8547619047619048	0.52734375	0.02734375	1	conditioned-high-v1	0	48.915999999999997	0	0	0	260.791
heldout	ConditionedQuartic	33	1.8547619047619048	0.52734375	0.02734375	1	conditioned-high-v1	2	148.584	0	0	0	260.791
heldout	ConditionedQuartic	33	1.8547619047619048	0.52734375	0.02734375	1	conditioned-high-v1	3	194.125	1	0	0	260.791
heldout	ConditionedQuartic	33	1.8547619047619048	0.52734375	0.02734375	1	conditioned-high-v1	4	196.584	1	0	0	260.791
heldout	ConditionedQuartic	34	1.2238095238095237	0.54296875	0.04296875	1	conditioned-low-v1	0	51.125	0	0	0	255.291
heldout	ConditionedQuartic	34	1.2238095238095237	0.54296875	0.04296875	1	conditioned-low-v1	2	148.375	0	0	0	255.291
heldout	ConditionedQuartic	34	1.2238095238095237	0.54296875	0.04296875	1	conditioned-low-v1	3	198.54100000000003	0	0	0	255.291
heldout	ConditionedQuartic	34	1.2238095238095237	0.54296875	0.04296875	1	conditioned-low-v1	4	246.75	1	0	0	255.291
heldout	ConditionedQuartic	34	1.2238095238095237	0.54296875	0.04296875	1	conditioned-middle-v1	0	40.875	1	0	0	255.291
heldout	ConditionedQuartic	34	1.2238095238095237	0.54296875	0.04296875	1	conditioned-middle-v1	2	40.792000000000002	1	0	0	255.291
heldout	ConditionedQuartic	34	1.2238095238095237	0.54296875	0.04296875	1	conditioned-middle-v1	3	40.957999999999998	1	0	0	255.291
heldout	ConditionedQuartic	34	1.2238095238095237	0.54296875	0.04296875	1	conditioned-middle-v1	4	40.75	1	0	0	255.291
heldout	ConditionedQuartic	34	1.2238095238095237	0.54296875	0.04296875	1	conditioned-high-v1	0	48.584000000000003	0	0	0	255.291
heldout	ConditionedQuartic	34	1.2238095238095237	0.54296875	0.04296875	1	conditioned-high-v1	2	146.125	0	0	0	255.291
heldout	ConditionedQuartic	34	1.2238095238095237	0.54296875	0.04296875	1	conditioned-high-v1	3	198.167	0	0	0	255.291
heldout	ConditionedQuartic	34	1.2238095238095237	0.54296875	0.04296875	1	conditioned-high-v1	4	241.833	1	0	0	255.291
heldout	ConditionedQuartic	35	1.3547619047619048	0.55859375	0.05859375	1	conditioned-low-v1	0	51.75	0	0	0	207.292
heldout	ConditionedQuartic	35	1.3547619047619048	0.55859375	0.05859375	1	conditioned-low-v1	2	148.458	0	0	0	207.292
heldout	ConditionedQuartic	35	1.3547619047619048	0.55859375	0.05859375	1	conditioned-low-v1	3	201.041	0	0	0	207.292
heldout	ConditionedQuartic	35	1.3547619047619048	0.55859375	0.05859375	1	conditioned-low-v1	4	243.25	1	0	0	207.292
heldout	ConditionedQuartic	35	1.3547619047619048	0.55859375	0.05859375	1	conditioned-middle-v1	0	44.417000000000002	0	0	0	207.292
heldout	ConditionedQuartic	35	1.3547619047619048	0.55859375	0.05859375	1	conditioned-middle-v1	2	141.375	0	0	0	207.292
heldout	ConditionedQuartic	35	1.3547619047619048	0.55859375	0.05859375	1	conditioned-middle-v1	3	188.417	1	0	0	207.292
heldout	ConditionedQuartic	35	1.3547619047619048	0.55859375	0.05859375	1	conditioned-middle-v1	4	189.833	1	0	0	207.292
heldout	ConditionedQuartic	35	1.3547619047619048	0.55859375	0.05859375	1	conditioned-high-v1	0	48.75	0	0	0	207.292
heldout	ConditionedQuartic	35	1.3547619047619048	0.55859375	0.05859375	1	conditioned-high-v1	2	147.83399999999997	0	0	0	207.292
heldout	ConditionedQuartic	35	1.3547619047619048	0.55859375	0.05859375	1	conditioned-high-v1	3	193	1	0	0	207.292
heldout	ConditionedQuartic	35	1.3547619047619048	0.55859375	0.05859375	1	conditioned-high-v1	4	192.583	1	0	0	207.292
heldout	ConditionedQuartic	36	1.4857142857142858	0.57421875	0.07421875	1	conditioned-low-v1	0	67.082999999999998	0	0	0	162.125
heldout	ConditionedQuartic	36	1.4857142857142858	0.57421875	0.07421875	1	conditioned-low-v1	2	161.209	0	0	0	162.125
heldout	ConditionedQuartic	36	1.4857142857142858	0.57421875	0.07421875	1	conditioned-low-v1	3	198.00000000000003	0	0	0	162.125
heldout	ConditionedQuartic	36	1.4857142857142858	0.57421875	0.07421875	1	conditioned-low-v1	4	242.25	1	0	0	162.125
heldout	ConditionedQuartic	36	1.4857142857142858	0.57421875	0.07421875	1	conditioned-middle-v1	0	45.001000000000005	0	0	0	162.125
heldout	ConditionedQuartic	36	1.4857142857142858	0.57421875	0.07421875	1	conditioned-middle-v1	2	141.95899999999997	0	0	0	162.125
heldout	ConditionedQuartic	36	1.4857142857142858	0.57421875	0.07421875	1	conditioned-middle-v1	3	189.083	1	0	0	162.125
heldout	ConditionedQuartic	36	1.4857142857142858	0.57421875	0.07421875	1	conditioned-middle-v1	4	196.625	1	0	0	162.125
heldout	ConditionedQuartic	36	1.4857142857142858	0.57421875	0.07421875	1	conditioned-high-v1	0	49.042000000000002	0	0	0	162.125
heldout	ConditionedQuartic	36	1.4857142857142858	0.57421875	0.07421875	1	conditioned-high-v1	2	146.874	0	0	0	162.125
heldout	ConditionedQuartic	36	1.4857142857142858	0.57421875	0.07421875	1	conditioned-high-v1	3	196.583	1	0	0	162.125
heldout	ConditionedQuartic	36	1.4857142857142858	0.57421875	0.07421875	1	conditioned-high-v1	4	196.417	1	0	0	162.125
heldout	ConditionedQuartic	37	1.6166666666666667	0.58984375	0.08984375	1	conditioned-low-v1	0	52.707999999999998	0	0	0	260.125
heldout	ConditionedQuartic	37	1.6166666666666667	0.58984375	0.08984375	1	conditioned-low-v1	2	151.709	0	0	0	260.125
heldout	ConditionedQuartic	37	1.6166666666666667	0.58984375	0.08984375	1	conditioned-low-v1	3	198.917	1	0	0	260.125
heldout	ConditionedQuartic	37	1.6166666666666667	0.58984375	0.08984375	1	conditioned-low-v1	4	198.25	1	0	0	260.125
heldout	ConditionedQuartic	37	1.6166666666666667	0.58984375	0.08984375	1	conditioned-middle-v1	0	45.793000000000006	0	0	0	260.125
heldout	ConditionedQuartic	37	1.6166666666666667	0.58984375	0.08984375	1	conditioned-middle-v1	2	146.417	0	0	0	260.125
heldout	ConditionedQuartic	37	1.6166666666666667	0.58984375	0.08984375	1	conditioned-middle-v1	3	192.375	1	0	0	260.125
heldout	ConditionedQuartic	37	1.6166666666666667	0.58984375	0.08984375	1	conditioned-middle-v1	4	192.709	1	0	0	260.125
heldout	ConditionedQuartic	37	1.6166666666666667	0.58984375	0.08984375	1	conditioned-high-v1	0	47.375	0	0	0	260.125
heldout	ConditionedQuartic	37	1.6166666666666667	0.58984375	0.08984375	1	conditioned-high-v1	2	147.75000000000003	0	0	0	260.125
heldout	ConditionedQuartic	37	1.6166666666666667	0.58984375	0.08984375	1	conditioned-high-v1	3	195.25	1	0	0	260.125
heldout	ConditionedQuartic	37	1.6166666666666667	0.58984375	0.08984375	1	conditioned-high-v1	4	193.583	1	0	0	260.125
heldout	ConditionedQuartic	38	1.7476190476190476	0.60546875	0.10546875	1	conditioned-low-v1	0	52.707999999999998	0	0	0	259.08300000000003
heldout	ConditionedQuartic	38	1.7476190476190476	0.60546875	0.10546875	1	conditioned-low-v1	2	151.12499999999997	0	0	0	259.08300000000003
heldout	ConditionedQuartic	38	1.7476190476190476	0.60546875	0.10546875	1	conditioned-low-v1	3	198.459	1	0	0	259.08300000000003
heldout	ConditionedQuartic	38	1.7476190476190476	0.60546875	0.10546875	1	conditioned-low-v1	4	198.875	1	0	0	259.08300000000003
heldout	ConditionedQuartic	38	1.7476190476190476	0.60546875	0.10546875	1	conditioned-middle-v1	0	46.582999999999998	0	0	0	259.08300000000003
heldout	ConditionedQuartic	38	1.7476190476190476	0.60546875	0.10546875	1	conditioned-middle-v1	2	145.333	0	0	0	259.08300000000003
heldout	ConditionedQuartic	38	1.7476190476190476	0.60546875	0.10546875	1	conditioned-middle-v1	3	192.75	1	0	0	259.08300000000003
heldout	ConditionedQuartic	38	1.7476190476190476	0.60546875	0.10546875	1	conditioned-middle-v1	4	192.458	1	0	0	259.08300000000003
heldout	ConditionedQuartic	38	1.7476190476190476	0.60546875	0.10546875	1	conditioned-high-v1	0	47.084000000000003	0	0	0	259.08300000000003
heldout	ConditionedQuartic	38	1.7476190476190476	0.60546875	0.10546875	1	conditioned-high-v1	2	145.87499999999997	0	0	0	259.08300000000003
heldout	ConditionedQuartic	38	1.7476190476190476	0.60546875	0.10546875	1	conditioned-high-v1	3	195.375	1	0	0	259.08300000000003
heldout	ConditionedQuartic	38	1.7476190476190476	0.60546875	0.10546875	1	conditioned-high-v1	4	194	1	0	0	259.08300000000003
heldout	ConditionedQuartic	39	1.8785714285714286	0.62109375	0.12109375	1	conditioned-low-v1	0	53.208999999999946	0	0	0	260
heldout	ConditionedQuartic	39	1.8785714285714286	0.62109375	0.12109375	1	conditioned-low-v1	2	151.70799999999997	0	0	0	260
heldout	ConditionedQuartic	39	1.8785714285714286	0.62109375	0.12109375	1	conditioned-low-v1	3	199.5	1	0	0	260
heldout	ConditionedQuartic	39	1.8785714285714286	0.62109375	0.12109375	1	conditioned-low-v1	4	199.083	1	0	0	260
heldout	ConditionedQuartic	39	1.8785714285714286	0.62109375	0.12109375	1	conditioned-middle-v1	0	47.209000000000003	0	0	0	260
heldout	ConditionedQuartic	39	1.8785714285714286	0.62109375	0.12109375	1	conditioned-middle-v1	2	145.70800000000003	0	0	0	260
heldout	ConditionedQuartic	39	1.8785714285714286	0.62109375	0.12109375	1	conditioned-middle-v1	3	194.417	1	0	0	260
heldout	ConditionedQuartic	39	1.8785714285714286	0.62109375	0.12109375	1	conditioned-middle-v1	4	193.5	1	0	0	260
heldout	ConditionedQuartic	39	1.8785714285714286	0.62109375	0.12109375	1	conditioned-high-v1	0	46.582999999999998	0	0	0	260
heldout	ConditionedQuartic	39	1.8785714285714286	0.62109375	0.12109375	1	conditioned-high-v1	2	145.04199999999997	0	0	0	260
heldout	ConditionedQuartic	39	1.8785714285714286	0.62109375	0.12109375	1	conditioned-high-v1	3	194.917	1	0	0	260
heldout	ConditionedQuartic	39	1.8785714285714286	0.62109375	0.12109375	1	conditioned-high-v1	4	195.166	1	0	0	260
heldout	ConditionedQuartic	40	1.2476190476190476	0.63671875	0.13671875	1	conditioned-low-v1	0	53.625	0	0	0	256.875
heldout	ConditionedQuartic	40	1.2476190476190476	0.63671875	0.13671875	1	conditioned-low-v1	2	151.583	0	0	0	256.875
heldout	ConditionedQuartic	40	1.2476190476190476	0.63671875	0.13671875	1	conditioned-low-v1	3	203.458	0	0	0	256.875
heldout	ConditionedQuartic	40	1.2476190476190476	0.63671875	0.13671875	1	conditioned-low-v1	4	250.209	1	0	0	256.875
heldout	ConditionedQuartic	40	1.2476190476190476	0.63671875	0.13671875	1	conditioned-middle-v1	0	48.165999999999997	0	0	0	256.875
heldout	ConditionedQuartic	40	1.2476190476190476	0.63671875	0.13671875	1	conditioned-middle-v1	2	148.37500000000003	0	0	0	256.875
heldout	ConditionedQuartic	40	1.2476190476190476	0.63671875	0.13671875	1	conditioned-middle-v1	3	193.583	1	0	0	256.875
heldout	ConditionedQuartic	40	1.2476190476190476	0.63671875	0.13671875	1	conditioned-middle-v1	4	195.166	1	0	0	256.875
heldout	ConditionedQuartic	40	1.2476190476190476	0.63671875	0.13671875	1	conditioned-high-v1	0	46.206999999999994	0	0	0	256.875
heldout	ConditionedQuartic	40	1.2476190476190476	0.63671875	0.13671875	1	conditioned-high-v1	2	144.499	0	0	0	256.875
heldout	ConditionedQuartic	40	1.2476190476190476	0.63671875	0.13671875	1	conditioned-high-v1	3	192.083	1	0	0	256.875
heldout	ConditionedQuartic	40	1.2476190476190476	0.63671875	0.13671875	1	conditioned-high-v1	4	191.416	1	0	0	256.875
heldout	ConditionedQuartic	41	1.3785714285714286	0.65234375	0.15234375	1	conditioned-low-v1	0	54.334000000000003	0	0	0	209
heldout	ConditionedQuartic	41	1.3785714285714286	0.65234375	0.15234375	1	conditioned-low-v1	2	152.74900000000002	0	0	0	209
heldout	ConditionedQuartic	41	1.3785714285714286	0.65234375	0.15234375	1	conditioned-low-v1	3	203.37400000000002	0	0	0	209
heldout	ConditionedQuartic	41	1.3785714285714286	0.65234375	0.15234375	1	conditioned-low-v1	4	249.333	1	0	0	209
heldout	ConditionedQuartic	41	1.3785714285714286	0.65234375	0.15234375	1	conditioned-middle-v1	0	49	0	0	0	209
heldout	ConditionedQuartic	41	1.3785714285714286	0.65234375	0.15234375	1	conditioned-middle-v1	2	147.33399999999997	0	0	0	209
heldout	ConditionedQuartic	41	1.3785714285714286	0.65234375	0.15234375	1	conditioned-middle-v1	3	194.708	1	0	0	209
heldout	ConditionedQuartic	41	1.3785714285714286	0.65234375	0.15234375	1	conditioned-middle-v1	4	194.875	1	0	0	209
heldout	ConditionedQuartic	41	1.3785714285714286	0.65234375	0.15234375	1	conditioned-high-v1	0	46.082999999999998	0	0	0	209
heldout	ConditionedQuartic	41	1.3785714285714286	0.65234375	0.15234375	1	conditioned-high-v1	2	146.25000000000003	0	0	0	209
heldout	ConditionedQuartic	41	1.3785714285714286	0.65234375	0.15234375	1	conditioned-high-v1	3	192.208	1	0	0	209
heldout	ConditionedQuartic	41	1.3785714285714286	0.65234375	0.15234375	1	conditioned-high-v1	4	191.75	1	0	0	209
heldout	ConditionedQuartic	42	1.5095238095238095	0.66796875	0.16796875	1	conditioned-low-v1	0	54.417000000000002	0	0	0	212.333
heldout	ConditionedQuartic	42	1.5095238095238095	0.66796875	0.16796875	1	conditioned-low-v1	2	154.83299999999997	0	0	0	212.333
heldout	ConditionedQuartic	42	1.5095238095238095	0.66796875	0.16796875	1	conditioned-low-v1	3	202.833	0	0	0	212.333
heldout	ConditionedQuartic	42	1.5095238095238095	0.66796875	0.16796875	1	conditioned-low-v1	4	250.375	1	0	0	212.333
heldout	ConditionedQuartic	42	1.5095238095238095	0.66796875	0.16796875	1	conditioned-middle-v1	0	54.167000000000002	0	0	0	212.333
heldout	ConditionedQuartic	42	1.5095238095238095	0.66796875	0.16796875	1	conditioned-middle-v1	2	151.917	0	0	0	212.333
heldout	ConditionedQuartic	42	1.5095238095238095	0.66796875	0.16796875	1	conditioned-middle-v1	3	201.042	1	0	0	212.333
heldout	ConditionedQuartic	42	1.5095238095238095	0.66796875	0.16796875	1	conditioned-middle-v1	4	199.291	1	0	0	212.333
heldout	ConditionedQuartic	42	1.5095238095238095	0.66796875	0.16796875	1	conditioned-high-v1	0	46.209000000000003	0	0	0	212.333
heldout	ConditionedQuartic	42	1.5095238095238095	0.66796875	0.16796875	1	conditioned-high-v1	2	145.834	0	0	0	212.333
heldout	ConditionedQuartic	42	1.5095238095238095	0.66796875	0.16796875	1	conditioned-high-v1	3	193.625	1	0	0	212.333
heldout	ConditionedQuartic	42	1.5095238095238095	0.66796875	0.16796875	1	conditioned-high-v1	4	193.667	1	0	0	212.333
heldout	ConditionedQuartic	43	1.6404761904761904	0.68359375	0.18359375	1	conditioned-low-v1	0	55.459000000000003	0	0	0	258.375
heldout	ConditionedQuartic	43	1.6404761904761904	0.68359375	0.18359375	1	conditioned-low-v1	2	164.083	0	0	0	258.375
heldout	ConditionedQuartic	43	1.6404761904761904	0.68359375	0.18359375	1	conditioned-low-v1	3	205.00000000000003	0	0	0	258.375
heldout	ConditionedQuartic	43	1.6404761904761904	0.68359375	0.18359375	1	conditioned-low-v1	4	250.584	1	0	0	258.375
heldout	ConditionedQuartic	43	1.6404761904761904	0.68359375	0.18359375	1	conditioned-middle-v1	0	51.040999999999997	0	0	0	258.375
heldout	ConditionedQuartic	43	1.6404761904761904	0.68359375	0.18359375	1	conditioned-middle-v1	2	149.99900000000002	0	0	0	258.375
heldout	ConditionedQuartic	43	1.6404761904761904	0.68359375	0.18359375	1	conditioned-middle-v1	3	197.208	1	0	0	258.375
heldout	ConditionedQuartic	43	1.6404761904761904	0.68359375	0.18359375	1	conditioned-middle-v1	4	196.167	1	0	0	258.375
heldout	ConditionedQuartic	43	1.6404761904761904	0.68359375	0.18359375	1	conditioned-high-v1	0	45.123999999999995	0	0	0	258.375
heldout	ConditionedQuartic	43	1.6404761904761904	0.68359375	0.18359375	1	conditioned-high-v1	2	143.333	0	0	0	258.375
heldout	ConditionedQuartic	43	1.6404761904761904	0.68359375	0.18359375	1	conditioned-high-v1	3	191.125	1	0	0	258.375
heldout	ConditionedQuartic	43	1.6404761904761904	0.68359375	0.18359375	1	conditioned-high-v1	4	190.833	1	0	0	258.375
heldout	ConditionedQuartic	44	1.7714285714285714	0.69921875	0.19921875	1	conditioned-low-v1	0	55.498999999999995	0	0	0	260.58300000000003
heldout	ConditionedQuartic	44	1.7714285714285714	0.69921875	0.19921875	1	conditioned-low-v1	2	154.125	0	0	0	260.58300000000003
heldout	ConditionedQuartic	44	1.7714285714285714	0.69921875	0.19921875	1	conditioned-low-v1	3	208.12499999999997	0	0	0	260.58300000000003
heldout	ConditionedQuartic	44	1.7714285714285714	0.69921875	0.19921875	1	conditioned-low-v1	4	251.875	1	0	0	260.58300000000003
heldout	ConditionedQuartic	44	1.7714285714285714	0.69921875	0.19921875	1	conditioned-middle-v1	0	51.334000000000003	0	0	0	260.58300000000003
heldout	ConditionedQuartic	44	1.7714285714285714	0.69921875	0.19921875	1	conditioned-middle-v1	2	149.541	0	0	0	260.58300000000003
heldout	ConditionedQuartic	44	1.7714285714285714	0.69921875	0.19921875	1	conditioned-middle-v1	3	197.459	1	0	0	260.58300000000003
heldout	ConditionedQuartic	44	1.7714285714285714	0.69921875	0.19921875	1	conditioned-middle-v1	4	197.458	1	0	0	260.58300000000003
heldout	ConditionedQuartic	44	1.7714285714285714	0.69921875	0.19921875	1	conditioned-high-v1	0	45.875	0	0	0	260.58300000000003
heldout	ConditionedQuartic	44	1.7714285714285714	0.69921875	0.19921875	1	conditioned-high-v1	2	143.33300000000003	0	0	0	260.58300000000003
heldout	ConditionedQuartic	44	1.7714285714285714	0.69921875	0.19921875	1	conditioned-high-v1	3	192.667	1	0	0	260.58300000000003
heldout	ConditionedQuartic	44	1.7714285714285714	0.69921875	0.19921875	1	conditioned-high-v1	4	190.916	1	0	0	260.58300000000003
heldout	ConditionedQuartic	45	1.9023809523809523	0.71484375	0.21484375	1	conditioned-low-v1	0	56.000999999999976	0	0	0	261
heldout	ConditionedQuartic	45	1.9023809523809523	0.71484375	0.21484375	1	conditioned-low-v1	2	152.49999999999997	0	0	0	261
heldout	ConditionedQuartic	45	1.9023809523809523	0.71484375	0.21484375	1	conditioned-low-v1	3	203.33300000000003	0	0	0	261
heldout	ConditionedQuartic	45	1.9023809523809523	0.71484375	0.21484375	1	conditioned-low-v1	4	248.084	1	0	0	261
heldout	ConditionedQuartic	45	1.9023809523809523	0.71484375	0.21484375	1	conditioned-middle-v1	0	52.375	0	0	0	261
heldout	ConditionedQuartic	45	1.9023809523809523	0.71484375	0.21484375	1	conditioned-middle-v1	2	149.875	0	0	0	261
heldout	ConditionedQuartic	45	1.9023809523809523	0.71484375	0.21484375	1	conditioned-middle-v1	3	196.292	1	0	0	261
heldout	ConditionedQuartic	45	1.9023809523809523	0.71484375	0.21484375	1	conditioned-middle-v1	4	196.458	1	0	0	261
heldout	ConditionedQuartic	45	1.9023809523809523	0.71484375	0.21484375	1	conditioned-high-v1	0	46.833000000000027	0	0	0	261
heldout	ConditionedQuartic	45	1.9023809523809523	0.71484375	0.21484375	1	conditioned-high-v1	2	141.99999999999997	0	0	0	261
heldout	ConditionedQuartic	45	1.9023809523809523	0.71484375	0.21484375	1	conditioned-high-v1	3	188.625	1	0	0	261
heldout	ConditionedQuartic	45	1.9023809523809523	0.71484375	0.21484375	1	conditioned-high-v1	4	190.417	1	0	0	261
heldout	ConditionedQuartic	46	1.2714285714285714	0.73046875	0.23046875	1	conditioned-low-v1	0	56.167000000000002	0	0	0	255.333
heldout	ConditionedQuartic	46	1.2714285714285714	0.73046875	0.23046875	1	conditioned-low-v1	2	153.54199999999997	0	0	0	255.333
heldout	ConditionedQuartic	46	1.2714285714285714	0.73046875	0.23046875	1	conditioned-low-v1	3	203.79100000000003	0	0	0	255.333
heldout	ConditionedQuartic	46	1.2714285714285714	0.73046875	0.23046875	1	conditioned-low-v1	4	247.833	1	0	0	255.333
heldout	ConditionedQuartic	46	1.2714285714285714	0.73046875	0.23046875	1	conditioned-middle-v1	0	52.832999999999998	0	0	0	255.333
heldout	ConditionedQuartic	46	1.2714285714285714	0.73046875	0.23046875	1	conditioned-middle-v1	2	150.54200000000003	0	0	0	255.333
heldout	ConditionedQuartic	46	1.2714285714285714	0.73046875	0.23046875	1	conditioned-middle-v1	3	200.33300000000003	0	0	0	255.333
heldout	ConditionedQuartic	46	1.2714285714285714	0.73046875	0.23046875	1	conditioned-middle-v1	4	245.584	1	0	0	255.333
heldout	ConditionedQuartic	46	1.2714285714285714	0.73046875	0.23046875	1	conditioned-high-v1	0	43.918000000000006	0	0	0	255.333
heldout	ConditionedQuartic	46	1.2714285714285714	0.73046875	0.23046875	1	conditioned-high-v1	2	142.12499999999997	0	0	0	255.333
heldout	ConditionedQuartic	46	1.2714285714285714	0.73046875	0.23046875	1	conditioned-high-v1	3	188.625	1	0	0	255.333
heldout	ConditionedQuartic	46	1.2714285714285714	0.73046875	0.23046875	1	conditioned-high-v1	4	189.25	1	0	0	255.333
heldout	ConditionedQuartic	47	1.4023809523809523	0.74609375	0.24609375	1	conditioned-low-v1	0	56.790999999999997	0	0	0	208.125
heldout	ConditionedQuartic	47	1.4023809523809523	0.74609375	0.24609375	1	conditioned-low-v1	2	153.91600000000003	0	0	0	208.125
heldout	ConditionedQuartic	47	1.4023809523809523	0.74609375	0.24609375	1	conditioned-low-v1	3	206.083	0	0	0	208.125
heldout	ConditionedQuartic	47	1.4023809523809523	0.74609375	0.24609375	1	conditioned-low-v1	4	250.291	1	0	0	208.125
heldout	ConditionedQuartic	47	1.4023809523809523	0.74609375	0.24609375	1	conditioned-middle-v1	0	53.958000000000027	0	0	0	208.125
heldout	ConditionedQuartic	47	1.4023809523809523	0.74609375	0.24609375	1	conditioned-middle-v1	2	151.334	0	0	0	208.125
heldout	ConditionedQuartic	47	1.4023809523809523	0.74609375	0.24609375	1	conditioned-middle-v1	3	200.083	1	0	0	208.125
heldout	ConditionedQuartic	47	1.4023809523809523	0.74609375	0.24609375	1	conditioned-middle-v1	4	198.292	1	0	0	208.125
heldout	ConditionedQuartic	47	1.4023809523809523	0.74609375	0.24609375	1	conditioned-high-v1	0	43.834000000000003	0	0	0	208.125
heldout	ConditionedQuartic	47	1.4023809523809523	0.74609375	0.24609375	1	conditioned-high-v1	2	141.501	0	0	0	208.125
heldout	ConditionedQuartic	47	1.4023809523809523	0.74609375	0.24609375	1	conditioned-high-v1	3	187.25	1	0	0	208.125
heldout	ConditionedQuartic	47	1.4023809523809523	0.74609375	0.24609375	1	conditioned-high-v1	4	187.833	1	0	0	208.125
heldout	ConditionedQuartic	48	1.5333333333333332	0.76171875	0.26171875	1	conditioned-low-v1	0	57.167000000000002	0	0	0	214.292
heldout	ConditionedQuartic	48	1.5333333333333332	0.76171875	0.26171875	1	conditioned-low-v1	2	154.91699999999997	0	0	0	214.292
heldout	ConditionedQuartic	48	1.5333333333333332	0.76171875	0.26171875	1	conditioned-low-v1	3	204.70899999999997	0	0	0	214.292
heldout	ConditionedQuartic	48	1.5333333333333332	0.76171875	0.26171875	1	conditioned-low-v1	4	249.167	1	0	0	214.292
heldout	ConditionedQuartic	48	1.5333333333333332	0.76171875	0.26171875	1	conditioned-middle-v1	0	54.541000000000025	0	0	0	214.292
heldout	ConditionedQuartic	48	1.5333333333333332	0.76171875	0.26171875	1	conditioned-middle-v1	2	152.709	0	0	0	214.292
heldout	ConditionedQuartic	48	1.5333333333333332	0.76171875	0.26171875	1	conditioned-middle-v1	3	199.541	1	0	0	214.292
heldout	ConditionedQuartic	48	1.5333333333333332	0.76171875	0.26171875	1	conditioned-middle-v1	4	199.208	1	0	0	214.292
heldout	ConditionedQuartic	48	1.5333333333333332	0.76171875	0.26171875	1	conditioned-high-v1	0	50.042000000000002	0	0	0	214.292
heldout	ConditionedQuartic	48	1.5333333333333332	0.76171875	0.26171875	1	conditioned-high-v1	2	150.709	0	0	0	214.292
heldout	ConditionedQuartic	48	1.5333333333333332	0.76171875	0.26171875	1	conditioned-high-v1	3	195.209	1	0	0	214.292
heldout	ConditionedQuartic	48	1.5333333333333332	0.76171875	0.26171875	1	conditioned-high-v1	4	193.292	1	0	0	214.292
heldout	ConditionedQuartic	49	1.6642857142857141	0.77734375	0.27734375	1	conditioned-low-v1	0	58.625999999999976	0	0	0	256.375
heldout	ConditionedQuartic	49	1.6642857142857141	0.77734375	0.27734375	1	conditioned-low-v1	2	159.541	0	0	0	256.375
heldout	ConditionedQuartic	49	1.6642857142857141	0.77734375	0.27734375	1	conditioned-low-v1	3	208.62499999999997	0	0	0	256.375
heldout	ConditionedQuartic	49	1.6642857142857141	0.77734375	0.27734375	1	conditioned-low-v1	4	250.667	1	0	0	256.375
heldout	ConditionedQuartic	49	1.6642857142857141	0.77734375	0.27734375	1	conditioned-middle-v1	0	55.791000000000025	0	0	0	256.375
heldout	ConditionedQuartic	49	1.6642857142857141	0.77734375	0.27734375	1	conditioned-middle-v1	2	153.33299999999997	0	0	0	256.375
heldout	ConditionedQuartic	49	1.6642857142857141	0.77734375	0.27734375	1	conditioned-middle-v1	3	203.625	1	0	0	256.375
heldout	ConditionedQuartic	49	1.6642857142857141	0.77734375	0.27734375	1	conditioned-middle-v1	4	201.5	1	0	0	256.375
heldout	ConditionedQuartic	49	1.6642857142857141	0.77734375	0.27734375	1	conditioned-high-v1	0	43.207999999999998	0	0	0	256.375
heldout	ConditionedQuartic	49	1.6642857142857141	0.77734375	0.27734375	1	conditioned-high-v1	2	141.167	0	0	0	256.375
heldout	ConditionedQuartic	49	1.6642857142857141	0.77734375	0.27734375	1	conditioned-high-v1	3	187.584	1	0	0	256.375
heldout	ConditionedQuartic	49	1.6642857142857141	0.77734375	0.27734375	1	conditioned-high-v1	4	187.833	1	0	0	256.375
heldout	ConditionedQuartic	50	1.7952380952380951	0.79296875	0.29296875	1	conditioned-low-v1	0	58.499999999999972	0	0	0	261.875
heldout	ConditionedQuartic	50	1.7952380952380951	0.79296875	0.29296875	1	conditioned-low-v1	2	155.25000000000003	0	0	0	261.875
heldout	ConditionedQuartic	50	1.7952380952380951	0.79296875	0.29296875	1	conditioned-low-v1	3	207.00000000000003	0	0	0	261.875
heldout	ConditionedQuartic	50	1.7952380952380951	0.79296875	0.29296875	1	conditioned-low-v1	4	251.125	1	0	0	261.875
heldout	ConditionedQuartic	50	1.7952380952380951	0.79296875	0.29296875	1	conditioned-middle-v1	0	59.206999999999994	0	0	0	261.875
heldout	ConditionedQuartic	50	1.7952380952380951	0.79296875	0.29296875	1	conditioned-middle-v1	2	154.126	0	0	0	261.875
heldout	ConditionedQuartic	50	1.7952380952380951	0.79296875	0.29296875	1	conditioned-middle-v1	3	199.791	1	0	0	261.875
heldout	ConditionedQuartic	50	1.7952380952380951	0.79296875	0.29296875	1	conditioned-middle-v1	4	199.084	1	0	0	261.875
heldout	ConditionedQuartic	50	1.7952380952380951	0.79296875	0.29296875	1	conditioned-high-v1	0	42.498999999999995	0	0	0	261.875
heldout	ConditionedQuartic	50	1.7952380952380951	0.79296875	0.29296875	1	conditioned-high-v1	2	140.416	0	0	0	261.875
heldout	ConditionedQuartic	50	1.7952380952380951	0.79296875	0.29296875	1	conditioned-high-v1	3	187.25	1	0	0	261.875
heldout	ConditionedQuartic	50	1.7952380952380951	0.79296875	0.29296875	1	conditioned-high-v1	4	186.5	1	0	0	261.875
heldout	ConditionedQuartic	51	1.926190476190476	0.80859375	0.30859375	1	conditioned-low-v1	0	60.709000000000003	0	0	0	259.459
heldout	ConditionedQuartic	51	1.926190476190476	0.80859375	0.30859375	1	conditioned-low-v1	2	158.75	0	0	0	259.459
heldout	ConditionedQuartic	51	1.926190476190476	0.80859375	0.30859375	1	conditioned-low-v1	3	206.83300000000003	0	0	0	259.459
heldout	ConditionedQuartic	51	1.926190476190476	0.80859375	0.30859375	1	conditioned-low-v1	4	250	1	0	0	259.459
heldout	ConditionedQuartic	51	1.926190476190476	0.80859375	0.30859375	1	conditioned-middle-v1	0	57.75	0	0	0	259.459
heldout	ConditionedQuartic	51	1.926190476190476	0.80859375	0.30859375	1	conditioned-middle-v1	2	155.209	0	0	0	259.459
heldout	ConditionedQuartic	51	1.926190476190476	0.80859375	0.30859375	1	conditioned-middle-v1	3	202.666	1	0	0	259.459
heldout	ConditionedQuartic	51	1.926190476190476	0.80859375	0.30859375	1	conditioned-middle-v1	4	209.459	1	0	0	259.459
heldout	ConditionedQuartic	51	1.926190476190476	0.80859375	0.30859375	1	conditioned-high-v1	0	42.374999999999972	0	0	0	259.459
heldout	ConditionedQuartic	51	1.926190476190476	0.80859375	0.30859375	1	conditioned-high-v1	2	142.29199999999997	0	0	0	259.459
heldout	ConditionedQuartic	51	1.926190476190476	0.80859375	0.30859375	1	conditioned-high-v1	3	187.458	1	0	0	259.459
heldout	ConditionedQuartic	51	1.926190476190476	0.80859375	0.30859375	1	conditioned-high-v1	4	189.291	1	0	0	259.459
heldout	ConditionedQuartic	52	1.2952380952380951	0.82421875	0.32421875	1	conditioned-low-v1	0	59.25	0	0	0	254.583
heldout	ConditionedQuartic	52	1.2952380952380951	0.82421875	0.32421875	1	conditioned-low-v1	2	159.29200000000003	0	0	0	254.583
heldout	ConditionedQuartic	52	1.2952380952380951	0.82421875	0.32421875	1	conditioned-low-v1	3	209.416	0	0	0	254.583
heldout	ConditionedQuartic	52	1.2952380952380951	0.82421875	0.32421875	1	conditioned-low-v1	4	254.083	1	0	0	254.583
heldout	ConditionedQuartic	52	1.2952380952380951	0.82421875	0.32421875	1	conditioned-middle-v1	0	58.665999999999997	0	0	0	254.583
heldout	ConditionedQuartic	52	1.2952380952380951	0.82421875	0.32421875	1	conditioned-middle-v1	2	155.91700000000003	0	0	0	254.583
heldout	ConditionedQuartic	52	1.2952380952380951	0.82421875	0.32421875	1	conditioned-middle-v1	3	208.292	0	0	0	254.583
heldout	ConditionedQuartic	52	1.2952380952380951	0.82421875	0.32421875	1	conditioned-middle-v1	4	253.584	1	0	0	254.583
heldout	ConditionedQuartic	52	1.2952380952380951	0.82421875	0.32421875	1	conditioned-high-v1	0	42.500000000000028	0	0	0	254.583
heldout	ConditionedQuartic	52	1.2952380952380951	0.82421875	0.32421875	1	conditioned-high-v1	2	139.416	0	0	0	254.583
heldout	ConditionedQuartic	52	1.2952380952380951	0.82421875	0.32421875	1	conditioned-high-v1	3	186.291	1	0	0	254.583
heldout	ConditionedQuartic	52	1.2952380952380951	0.82421875	0.32421875	1	conditioned-high-v1	4	186.333	1	0	0	254.583
heldout	ConditionedQuartic	53	1.4261904761904762	0.83984375	0.33984375	1	conditioned-low-v1	0	59.873999999999995	0	0	0	208.583
heldout	ConditionedQuartic	53	1.4261904761904762	0.83984375	0.33984375	1	conditioned-low-v1	2	157.458	0	0	0	208.583
heldout	ConditionedQuartic	53	1.4261904761904762	0.83984375	0.33984375	1	conditioned-low-v1	3	208.375	0	0	0	208.583
heldout	ConditionedQuartic	53	1.4261904761904762	0.83984375	0.33984375	1	conditioned-low-v1	4	254.541	1	0	0	208.583
heldout	ConditionedQuartic	53	1.4261904761904762	0.83984375	0.33984375	1	conditioned-middle-v1	0	59.665999999999997	0	0	0	208.583
heldout	ConditionedQuartic	53	1.4261904761904762	0.83984375	0.33984375	1	conditioned-middle-v1	2	157.58300000000003	0	0	0	208.583
heldout	ConditionedQuartic	53	1.4261904761904762	0.83984375	0.33984375	1	conditioned-middle-v1	3	208.87500000000003	0	0	0	208.583
heldout	ConditionedQuartic	53	1.4261904761904762	0.83984375	0.33984375	1	conditioned-middle-v1	4	254.458	1	0	0	208.583
heldout	ConditionedQuartic	53	1.4261904761904762	0.83984375	0.33984375	1	conditioned-high-v1	0	41.792000000000002	0	0	0	208.583
heldout	ConditionedQuartic	53	1.4261904761904762	0.83984375	0.33984375	1	conditioned-high-v1	2	139.54300000000001	0	0	0	208.583
heldout	ConditionedQuartic	53	1.4261904761904762	0.83984375	0.33984375	1	conditioned-high-v1	3	186.375	1	0	0	208.583
heldout	ConditionedQuartic	53	1.4261904761904762	0.83984375	0.33984375	1	conditioned-high-v1	4	187.125	1	0	0	208.583
heldout	ConditionedQuartic	54	1.5571428571428572	0.85546875	0.35546875	1	conditioned-low-v1	0	62.626000000000005	0	0	0	209.458
heldout	ConditionedQuartic	54	1.5571428571428572	0.85546875	0.35546875	1	conditioned-low-v1	2	161.666	0	0	0	209.458
heldout	ConditionedQuartic	54	1.5571428571428572	0.85546875	0.35546875	1	conditioned-low-v1	3	209.95899999999997	0	0	0	209.458
heldout	ConditionedQuartic	54	1.5571428571428572	0.85546875	0.35546875	1	conditioned-low-v1	4	254.083	1	0	0	209.458
heldout	ConditionedQuartic	54	1.5571428571428572	0.85546875	0.35546875	1	conditioned-middle-v1	0	62.708000000000027	0	0	0	209.458
heldout	ConditionedQuartic	54	1.5571428571428572	0.85546875	0.35546875	1	conditioned-middle-v1	2	159.375	0	0	0	209.458
heldout	ConditionedQuartic	54	1.5571428571428572	0.85546875	0.35546875	1	conditioned-middle-v1	3	208.125	0	0	0	209.458
heldout	ConditionedQuartic	54	1.5571428571428572	0.85546875	0.35546875	1	conditioned-middle-v1	4	255.333	1	0	0	209.458
heldout	ConditionedQuartic	54	1.5571428571428572	0.85546875	0.35546875	1	conditioned-high-v1	0	41.542000000000002	0	0	0	209.458
heldout	ConditionedQuartic	54	1.5571428571428572	0.85546875	0.35546875	1	conditioned-high-v1	2	140.584	0	0	0	209.458
heldout	ConditionedQuartic	54	1.5571428571428572	0.85546875	0.35546875	1	conditioned-high-v1	3	189.5	1	0	0	209.458
heldout	ConditionedQuartic	54	1.5571428571428572	0.85546875	0.35546875	1	conditioned-high-v1	4	189.542	1	0	0	209.458
heldout	ConditionedQuartic	55	1.6880952380952381	0.87109375	0.37109375	1	conditioned-low-v1	0	61.251000000000005	0	0	0	260.375
heldout	ConditionedQuartic	55	1.6880952380952381	0.87109375	0.37109375	1	conditioned-low-v1	2	159.20800000000003	0	0	0	260.375
heldout	ConditionedQuartic	55	1.6880952380952381	0.87109375	0.37109375	1	conditioned-low-v1	3	209.54199999999997	0	0	0	260.375
heldout	ConditionedQuartic	55	1.6880952380952381	0.87109375	0.37109375	1	conditioned-low-v1	4	254.75	1	0	0	260.375
heldout	ConditionedQuartic	55	1.6880952380952381	0.87109375	0.37109375	1	conditioned-middle-v1	0	61.916000000000025	0	0	0	260.375
heldout	ConditionedQuartic	55	1.6880952380952381	0.87109375	0.37109375	1	conditioned-middle-v1	2	163.62500000000003	0	0	0	260.375
heldout	ConditionedQuartic	55	1.6880952380952381	0.87109375	0.37109375	1	conditioned-middle-v1	3	206.79100000000003	0	0	0	260.375
heldout	ConditionedQuartic	55	1.6880952380952381	0.87109375	0.37109375	1	conditioned-middle-v1	4	256.33300000000003	1	0	0	260.375
heldout	ConditionedQuartic	55	1.6880952380952381	0.87109375	0.37109375	1	conditioned-high-v1	0	40.832999999999998	0	0	0	260.375
heldout	ConditionedQuartic	55	1.6880952380952381	0.87109375	0.37109375	1	conditioned-high-v1	2	141.95899999999997	0	0	0	260.375
heldout	ConditionedQuartic	55	1.6880952380952381	0.87109375	0.37109375	1	conditioned-high-v1	3	188.583	1	0	0	260.375
heldout	ConditionedQuartic	55	1.6880952380952381	0.87109375	0.37109375	1	conditioned-high-v1	4	185.083	1	0	0	260.375
heldout	ConditionedQuartic	56	1.819047619047619	0.88671875	0.38671875	1	conditioned-low-v1	0	63.626000000000005	0	0	0	262.91699999999997
heldout	ConditionedQuartic	56	1.819047619047619	0.88671875	0.38671875	1	conditioned-low-v1	2	159.25	0	0	0	262.91699999999997
heldout	ConditionedQuartic	56	1.819047619047619	0.88671875	0.38671875	1	conditioned-low-v1	3	211.875	0	0	0	262.91699999999997
heldout	ConditionedQuartic	56	1.819047619047619	0.88671875	0.38671875	1	conditioned-low-v1	4	253.333	1	0	0	262.91699999999997
heldout	ConditionedQuartic	56	1.819047619047619	0.88671875	0.38671875	1	conditioned-middle-v1	0	63.250999999999976	0	0	0	262.91699999999997
heldout	ConditionedQuartic	56	1.819047619047619	0.88671875	0.38671875	1	conditioned-middle-v1	2	162.708	0	0	0	262.91699999999997
heldout	ConditionedQuartic	56	1.819047619047619	0.88671875	0.38671875	1	conditioned-middle-v1	3	211.875	0	0	0	262.91699999999997
heldout	ConditionedQuartic	56	1.819047619047619	0.88671875	0.38671875	1	conditioned-middle-v1	4	253.916	1	0	0	262.91699999999997
heldout	ConditionedQuartic	56	1.819047619047619	0.88671875	0.38671875	1	conditioned-high-v1	0	41.041000000000025	0	0	0	262.91699999999997
heldout	ConditionedQuartic	56	1.819047619047619	0.88671875	0.38671875	1	conditioned-high-v1	2	137.79199999999997	0	0	0	262.91699999999997
heldout	ConditionedQuartic	56	1.819047619047619	0.88671875	0.38671875	1	conditioned-high-v1	3	186.209	1	0	0	262.91699999999997
heldout	ConditionedQuartic	56	1.819047619047619	0.88671875	0.38671875	1	conditioned-high-v1	4	186.083	1	0	0	262.91699999999997
heldout	ConditionedQuartic	57	1.95	0.90234375	0.40234375	1	conditioned-low-v1	0	61.209000000000003	0	0	0	261.58300000000003
heldout	ConditionedQuartic	57	1.95	0.90234375	0.40234375	1	conditioned-low-v1	2	158.959	0	0	0	261.58300000000003
heldout	ConditionedQuartic	57	1.95	0.90234375	0.40234375	1	conditioned-low-v1	3	214.167	0	0	0	261.58300000000003
heldout	ConditionedQuartic	57	1.95	0.90234375	0.40234375	1	conditioned-low-v1	4	256	1	0	0	261.58300000000003
heldout	ConditionedQuartic	57	1.95	0.90234375	0.40234375	1	conditioned-middle-v1	0	64.75	0	0	0	261.58300000000003
heldout	ConditionedQuartic	57	1.95	0.90234375	0.40234375	1	conditioned-middle-v1	2	161.709	0	0	0	261.58300000000003
heldout	ConditionedQuartic	57	1.95	0.90234375	0.40234375	1	conditioned-middle-v1	3	211.29199999999997	0	0	0	261.58300000000003
heldout	ConditionedQuartic	57	1.95	0.90234375	0.40234375	1	conditioned-middle-v1	4	262.541	1	0	0	261.58300000000003
heldout	ConditionedQuartic	57	1.95	0.90234375	0.40234375	1	conditioned-high-v1	0	40.709000000000003	0	0	0	261.58300000000003
heldout	ConditionedQuartic	57	1.95	0.90234375	0.40234375	1	conditioned-high-v1	2	138.334	0	0	0	261.58300000000003
heldout	ConditionedQuartic	57	1.95	0.90234375	0.40234375	1	conditioned-high-v1	3	184.333	1	0	0	261.58300000000003
heldout	ConditionedQuartic	57	1.95	0.90234375	0.40234375	1	conditioned-high-v1	4	189.625	1	0	0	261.58300000000003
heldout	ConditionedQuartic	58	1.319047619047619	0.91796875	0.41796875	1	conditioned-low-v1	0	62.626000000000005	0	0	0	211.208
heldout	ConditionedQuartic	58	1.319047619047619	0.91796875	0.41796875	1	conditioned-low-v1	2	163.20800000000003	0	0	0	211.208
heldout	ConditionedQuartic	58	1.319047619047619	0.91796875	0.41796875	1	conditioned-low-v1	3	212.583	0	0	0	211.208
heldout	ConditionedQuartic	58	1.319047619047619	0.91796875	0.41796875	1	conditioned-low-v1	4	254.958	1	0	0	211.208
heldout	ConditionedQuartic	58	1.319047619047619	0.91796875	0.41796875	1	conditioned-middle-v1	0	65.542000000000002	0	0	0	211.208
heldout	ConditionedQuartic	58	1.319047619047619	0.91796875	0.41796875	1	conditioned-middle-v1	2	163.375	0	0	0	211.208
heldout	ConditionedQuartic	58	1.319047619047619	0.91796875	0.41796875	1	conditioned-middle-v1	3	213.875	0	0	0	211.208
heldout	ConditionedQuartic	58	1.319047619047619	0.91796875	0.41796875	1	conditioned-middle-v1	4	261	1	0	0	211.208
heldout	ConditionedQuartic	58	1.319047619047619	0.91796875	0.41796875	1	conditioned-high-v1	0	37.625	1	0	0	211.208
heldout	ConditionedQuartic	58	1.319047619047619	0.91796875	0.41796875	1	conditioned-high-v1	2	40.209000000000003	1	0	0	211.208
heldout	ConditionedQuartic	58	1.319047619047619	0.91796875	0.41796875	1	conditioned-high-v1	3	38.75	1	0	0	211.208
heldout	ConditionedQuartic	58	1.319047619047619	0.91796875	0.41796875	1	conditioned-high-v1	4	37.332999999999998	1	0	0	211.208
heldout	ConditionedQuartic	59	1.45	0.93359375	0.43359375	1	conditioned-low-v1	0	63.291999999999973	0	0	0	209.625
heldout	ConditionedQuartic	59	1.45	0.93359375	0.43359375	1	conditioned-low-v1	2	161.16700000000003	0	0	0	209.625
heldout	ConditionedQuartic	59	1.45	0.93359375	0.43359375	1	conditioned-low-v1	3	210.917	0	0	0	209.625
heldout	ConditionedQuartic	59	1.45	0.93359375	0.43359375	1	conditioned-low-v1	4	259.666	1	0	0	209.625
heldout	ConditionedQuartic	59	1.45	0.93359375	0.43359375	1	conditioned-middle-v1	0	69.041999999999973	0	0	0	209.625
heldout	ConditionedQuartic	59	1.45	0.93359375	0.43359375	1	conditioned-middle-v1	2	164.16600000000003	0	0	0	209.625
heldout	ConditionedQuartic	59	1.45	0.93359375	0.43359375	1	conditioned-middle-v1	3	215.417	0	0	0	209.625
heldout	ConditionedQuartic	59	1.45	0.93359375	0.43359375	1	conditioned-middle-v1	4	260.25	1	0	0	209.625
heldout	ConditionedQuartic	59	1.45	0.93359375	0.43359375	1	conditioned-high-v1	0	37.25	1	0	0	209.625
heldout	ConditionedQuartic	59	1.45	0.93359375	0.43359375	1	conditioned-high-v1	2	37.375	1	0	0	209.625
heldout	ConditionedQuartic	59	1.45	0.93359375	0.43359375	1	conditioned-high-v1	3	37.209000000000003	1	0	0	209.625
heldout	ConditionedQuartic	59	1.45	0.93359375	0.43359375	1	conditioned-high-v1	4	37.25	1	0	0	209.625
heldout	ConditionedQuartic	60	1.5809523809523809	0.94921875	0.44921875	1	conditioned-low-v1	0	62.834000000000003	0	0	0	211.458
heldout	ConditionedQuartic	60	1.5809523809523809	0.94921875	0.44921875	1	conditioned-low-v1	2	162.708	0	0	0	211.458
heldout	ConditionedQuartic	60	1.5809523809523809	0.94921875	0.44921875	1	conditioned-low-v1	3	211.791	0	0	0	211.458
heldout	ConditionedQuartic	60	1.5809523809523809	0.94921875	0.44921875	1	conditioned-low-v1	4	477.041	1	0	0	211.458
heldout	ConditionedQuartic	60	1.5809523809523809	0.94921875	0.44921875	1	conditioned-middle-v1	0	69.70799999999997	0	0	0	211.458
heldout	ConditionedQuartic	60	1.5809523809523809	0.94921875	0.44921875	1	conditioned-middle-v1	2	173.24999999999997	0	0	0	211.458
heldout	ConditionedQuartic	60	1.5809523809523809	0.94921875	0.44921875	1	conditioned-middle-v1	3	227.08399999999997	0	0	0	211.458
heldout	ConditionedQuartic	60	1.5809523809523809	0.94921875	0.44921875	1	conditioned-middle-v1	4	271.41699999999997	1	0	0	211.458
heldout	ConditionedQuartic	60	1.5809523809523809	0.94921875	0.44921875	1	conditioned-high-v1	0	38.125	1	0	0	211.458
heldout	ConditionedQuartic	60	1.5809523809523809	0.94921875	0.44921875	1	conditioned-high-v1	2	37.417000000000002	1	0	0	211.458
heldout	ConditionedQuartic	60	1.5809523809523809	0.94921875	0.44921875	1	conditioned-high-v1	3	38.915999999999997	1	0	0	211.458
heldout	ConditionedQuartic	60	1.5809523809523809	0.94921875	0.44921875	1	conditioned-high-v1	4	37.832999999999998	1	0	0	211.458
heldout	ConditionedQuartic	61	1.7119047619047618	0.96484375	0.46484375	1	conditioned-low-v1	0	64.957999999999998	0	0	0	260.54199999999997
heldout	ConditionedQuartic	61	1.7119047619047618	0.96484375	0.46484375	1	conditioned-low-v1	2	163.75	0	0	0	260.54199999999997
heldout	ConditionedQuartic	61	1.7119047619047618	0.96484375	0.46484375	1	conditioned-low-v1	3	213.66699999999997	0	0	0	260.54199999999997
heldout	ConditionedQuartic	61	1.7119047619047618	0.96484375	0.46484375	1	conditioned-low-v1	4	257.54199999999997	1	0	0	260.54199999999997
heldout	ConditionedQuartic	61	1.7119047619047618	0.96484375	0.46484375	1	conditioned-middle-v1	0	68.500999999999976	0	0	0	260.54199999999997
heldout	ConditionedQuartic	61	1.7119047619047618	0.96484375	0.46484375	1	conditioned-middle-v1	2	167.75	0	0	0	260.54199999999997
heldout	ConditionedQuartic	61	1.7119047619047618	0.96484375	0.46484375	1	conditioned-middle-v1	3	223.04100000000003	0	0	0	260.54199999999997
heldout	ConditionedQuartic	61	1.7119047619047618	0.96484375	0.46484375	1	conditioned-middle-v1	4	267.125	1	0	0	260.54199999999997
heldout	ConditionedQuartic	61	1.7119047619047618	0.96484375	0.46484375	1	conditioned-high-v1	0	38.917000000000002	1	0	0	260.54199999999997
heldout	ConditionedQuartic	61	1.7119047619047618	0.96484375	0.46484375	1	conditioned-high-v1	2	36.582999999999998	1	0	0	260.54199999999997
heldout	ConditionedQuartic	61	1.7119047619047618	0.96484375	0.46484375	1	conditioned-high-v1	3	36.542000000000002	1	0	0	260.54199999999997
heldout	ConditionedQuartic	61	1.7119047619047618	0.96484375	0.46484375	1	conditioned-high-v1	4	36.417000000000002	1	0	0	260.54199999999997
heldout	ConditionedQuartic	62	1.842857142857143	0.98046875	0.48046875	1	conditioned-low-v1	0	65.084000000000003	0	0	0	265.54199999999997
heldout	ConditionedQuartic	62	1.842857142857143	0.98046875	0.48046875	1	conditioned-low-v1	2	165.50099999999998	0	0	0	265.54199999999997
heldout	ConditionedQuartic	62	1.842857142857143	0.98046875	0.48046875	1	conditioned-low-v1	3	214.91699999999997	0	0	0	265.54199999999997
heldout	ConditionedQuartic	62	1.842857142857143	0.98046875	0.48046875	1	conditioned-low-v1	4	258.916	1	0	0	265.54199999999997
heldout	ConditionedQuartic	62	1.842857142857143	0.98046875	0.48046875	1	conditioned-middle-v1	0	72.333000000000027	0	0	0	265.54199999999997
heldout	ConditionedQuartic	62	1.842857142857143	0.98046875	0.48046875	1	conditioned-middle-v1	2	168.875	0	0	0	265.54199999999997
heldout	ConditionedQuartic	62	1.842857142857143	0.98046875	0.48046875	1	conditioned-middle-v1	3	219.79200000000003	0	0	0	265.54199999999997
heldout	ConditionedQuartic	62	1.842857142857143	0.98046875	0.48046875	1	conditioned-middle-v1	4	267	1	0	0	265.54199999999997
heldout	ConditionedQuartic	62	1.842857142857143	0.98046875	0.48046875	1	conditioned-high-v1	0	36.209000000000003	1	0	0	265.54199999999997
heldout	ConditionedQuartic	62	1.842857142857143	0.98046875	0.48046875	1	conditioned-high-v1	2	36.207999999999998	1	0	0	265.54199999999997
heldout	ConditionedQuartic	62	1.842857142857143	0.98046875	0.48046875	1	conditioned-high-v1	3	36.207999999999998	1	0	0	265.54199999999997
heldout	ConditionedQuartic	62	1.842857142857143	0.98046875	0.48046875	1	conditioned-high-v1	4	36.082999999999998	1	0	0	265.54199999999997
heldout	ConditionedQuartic	63	1.2119047619047618	0.99609375	0.49609375	1	conditioned-low-v1	0	65.375999999999976	0	0	0	255.75
heldout	ConditionedQuartic	63	1.2119047619047618	0.99609375	0.49609375	1	conditioned-low-v1	2	163.667	0	0	0	255.75
heldout	ConditionedQuartic	63	1.2119047619047618	0.99609375	0.49609375	1	conditioned-low-v1	3	215.58300000000003	0	0	0	255.75
heldout	ConditionedQuartic	63	1.2119047619047618	0.99609375	0.49609375	1	conditioned-low-v1	4	258.666	1	0	0	255.75
heldout	ConditionedQuartic	63	1.2119047619047618	0.99609375	0.49609375	1	conditioned-middle-v1	0	71.459000000000003	0	0	0	255.75
heldout	ConditionedQuartic	63	1.2119047619047618	0.99609375	0.49609375	1	conditioned-middle-v1	2	170.12499999999997	0	0	0	255.75
heldout	ConditionedQuartic	63	1.2119047619047618	0.99609375	0.49609375	1	conditioned-middle-v1	3	219.125	0	0	0	255.75
heldout	ConditionedQuartic	63	1.2119047619047618	0.99609375	0.49609375	1	conditioned-middle-v1	4	268.125	1	0	0	255.75
heldout	ConditionedQuartic	63	1.2119047619047618	0.99609375	0.49609375	1	conditioned-high-v1	0	35.917000000000002	1	0	0	255.75
heldout	ConditionedQuartic	63	1.2119047619047618	0.99609375	0.49609375	1	conditioned-high-v1	2	38.209000000000003	1	0	0	255.75
heldout	ConditionedQuartic	63	1.2119047619047618	0.99609375	0.49609375	1	conditioned-high-v1	3	36.082999999999998	1	0	0	255.75
heldout	ConditionedQuartic	63	1.2119047619047618	0.99609375	0.49609375	1	conditioned-high-v1	4	35.917000000000002	1	0	0	255.75
